Id,ProductionBudget,DomesticGross,WorldwideGross,DomesticBoxOffice,InternationalBoxOffice,WorldwideBoxOffice,DomesticDVDSales,DomesticBluRaySales,TotalDomesticVideoSales,OpeningWeekend,Legs,InflAdjDomBO,RunningTime
1,533200000,936662225,2056046835,936662225,1119384610,2056046835,39601100,151559711,191160811,247966675,3.78,1191447782,136
2,460000000,684075767,2315589775,684075767,1631514008,2315589775,7771432,11365092,19136524,134100226,5.1,693596368,190
3,402300000,174480468,383963057,174480468,209482589,383963057,,,,60368101,2.89,174480468,142
4,400000000,858373000,2748242781,858373000,1889869781,2748242781,23961293,83907696,107868989,357115007,2.4,1010181328,181
5,400000000,0,0,,,,,,,,,,
6,379000000,241071802,1045713802,241071802,804642000,1045713802,33797726,58986626,92784352,90151958,2.67,327711731,136
7,365000000,459005868,1395316979,459005868,936311111,1395316979,36065408,55624219,91689627,191271109,2.4,586961233,141
8,340000000,146126015,714375114,146126015,568249099,714375114,4701025,6802934,11503959,67017410,2.18,146126015,141
9,330400000,213767512,393151347,213767512,179383835,393151347,16672777,39434713,56107490,84420489,2.53,252954306,135
10,300000000,678815482,2048359754,678815482,1369544272,2048359754,25831315,78262707,104094022,257698183,2.63,803252566,156
11,300000000,309420425,960996492,309420425,651576067,960996492,299639533,7627144,307266677,114732820,2.7,484818620,167
12,300000000,229024295,655945209,229024295,426920914,655945209,32584343,42214834,74799177,93842239,2.44,275173428,121
13,290000000,172640980,566644143,172640980,394003163,566644143,387290,1136343,1523633,54688347,3.16,172640980,163
14,280200000,533539991,1055083596,533539991,521543605,1055083596,18615229,69537810,88153039,155081681,3.44,659851605,134
15,275000000,515202542,1069951814,515202542,554749272,1069951814,16790616,51641595,68432211,177383864,2.9,605999942,142
16,274800000,84500223,199706250,84500223,115206027,199706250,,,,46110859,1.83,84500223,105
17,263700000,73058679,282778100,73058679,209719421,282778100,25325623,16663941,41989564,30180188,2.42,98941276,132
18,263000000,330360194,872395091,330360194,542034897,872395091,23470859,59025521,82496380,166007347,1.99,411709005,151
19,262000000,620181382,1322581071,620181382,702399689,1322581071,24873286,77617001,102490287,220009584,2.82,743422283,150
20,260000000,543638043,1661454403,543638043,1117816360,1661454403,19959906,32206981,52166887,191770759,2.83,639783632,118
21,260000000,200821936,582440151,200821936,381618215,582440151,170983494,65663692,236647186,48767052,4.12,274152853,101
22,258000000,337607351,895937268,337607351,558329917,895937268,126617858,872296,127490154,151116516,2.23,528373065,139
23,250000000,453829060,853985546,453829060,400156486,853985546,3967506,5114100,9081606,181339761,2.5,464192287,161
24,250000000,408084349,1151899586,408084349,743815237,1151899586,23822123,62170225,85992348,179139142,2.28,508572167,146
25,250000000,358995815,845163792,358995815,486167977,845163792,4149664,9047110,13196774,118414021,3.03,358995819,150
26,250000000,343256830,760928081,343256830,417671251,760928081,6064557,12585321,18649878,144165107,2.38,351406321,119
27,250000000,302854063,926556531,302854063,623702468,926556531,126253402,51344363,177597765,77835727,3.89,434628137,153
28,250000000,298172056,569626289,298172056,271454233,569626289,1583354,1920910,3504264,95578040,3.12,298172056,135
29,250000000,258241522,959358436,258241522,701116914,959358436,43998533,63102667,107101200,73645197,3.51,342225923,201
30,250000000,255119788,940323039,255119788,685203251,940323039,29783287,48156659,77939946,54724334,4.66,335216001,144
31,250000000,225764765,1235534014,225764765,1009769249,1235534014,22695150,26102734,48797884,98786705,2.29,271320419,136
32,250000000,172415698,460515698,172415698,288100000,460515698,,,,55034715,3.13,172415698,148
33,250000000,160891007,758929771,160891007,598038764,758929771,9785983,21769287,31555270,55225007,2.91,170536980,163
34,245000000,200074175,879077344,200074175,679003169,879077344,13328608,24232900,37561508,70403148,2.84,255751468,148
35,237000000,785221649,2923706026,785221649,2138484377,2923706026,210050367,222484647,432535014,77025481,10.19,1089388693,162
36,232000000,200120000,391081192,200120000,190961192,391081192,82266204,,82266204,52535096,3.81,329357793,150
37,230000000,448139099,1082228107,448139099,634089008,1082228107,72005461,86344053,158349514,160887295,2.79,606901937,164
38,230000000,172558876,794861794,172558876,622302918,794861794,10707519,23415832,34123351,62983253,2.74,207378439,135
39,230000000,169368427,591692078,169368427,422323651,591692078,50898232,7882315,58780547,67528882,2.51,254125294,106
40,225000000,623357910,1515100211,623357910,891742301,1515100211,120551875,131510702,252062577,207438708,3.01,844195760,143
41,225000000,423315812,1066179725,423315812,642863913,1066179725,325600888,5160313,330761201,135634554,3.12,696693807,151
42,225000000,291045518,667999518,291045518,376954000,667999518,44458141,76356426,120814567,116619362,2.5,385912746,142
43,225000000,141621490,417341288,141621490,275719798,417341288,90597892,,90597892,55034805,2.57,212629474,144
44,225000000,89302115,260002115,89302115,170700000,260002115,26921663,21080189,48001852,29210849,3.06,118410420,149
45,220000000,262717220,758576824,262717220,495859604,758576824,39643090,74148666,113791756,62004688,4.24,355547178,136
46,220000000,65233400,313477717,65233400,248244317,313477717,19752114,14511778,34263892,25534825,2.55,88343717,130
47,217000000,130168683,602893340,130168683,472724657,602893340,11142179,25187307,36329486,44680073,2.91,156434595,148
48,215000000,653406625,1671063641,653406625,1017657016,1671063641,53432012,96822734,150254746,208806270,3.13,835305839,124
49,215000000,179020854,654213485,179020854,475192631,654213485,31744575,23290428,55035003,54592779,3.28,242442814,104
50,210000000,402111870,836519699,402111870,434407829,836519699,225771218,50251287,276022505,108966307,3.69,577968794,149
51,210000000,245439076,1104054072,245439076,858614996,1104054072,29155650,36104939,65260589,100038390,2.45,323847392,165
52,210000000,234362462,459260946,234362462,224898484,459260946,104988193,1073393,106061586,102750665,2.28,385714092,104
53,210000000,105487148,322459006,105487148,216971858,322459006,47705087,16451955,64157042,36063385,2.93,144125657,139
54,207000000,218080025,550517357,218080025,332437332,550517357,142397858,3980832,146378690,50130145,4.35,364973469,189
55,205000000,124481226,439381226,124481226,314900000,439381226,,,,27686211,4.5,124481226,124
56,205000000,70107728,367262558,70107728,297154830,367262558,41953948,,41953948,25783232,2.72,109558132,113
57,205000000,59473550,366273550,59473550,306800000,366273550,6634794,21427537,28062331,20001852,2.97,69617757,110
58,200000000,814811535,1921206586,814811535,1106395051,1921206586,10449579,35743862,46193441,260138569,3.13,854904192,148
59,200000000,700059566,1334157082,700059566,634097516,1334157082,34155188,70383275,104538463,202003951,3.47,828391008,120
60,200000000,674460013,2223048786,674460013,1548588773,2223048786,,,,28638131,19.02,1480871432,194
61,200000000,652980194,1698863816,652980194,1045883622,1698863816,,,,154201673,4.23,652980194,100
62,200000000,636745858,1338071348,636745858,701325490,1338071348,,,,211435291,3.01,636745858,127
63,200000000,608581744,1242805359,608581744,634223615,1242805359,21760132,50365811,72125943,182687905,3.33,720143929,118
64,200000000,486295561,1025006125,486295561,538710564,1025006125,37710942,60310253,98021195,135060273,3.6,606042329,103
65,200000000,434038008,1071177215,434038008,637139207,1071177215,19253261,39369817,58623078,120908065,3.59,510800188,89
66,200000000,415004880,1068879522,415004880,653874642,1068879522,202153055,57898704,260051759,110307189,3.76,567015538,102
67,200000000,411331607,952224986,411331607,540893379,952224986,4850329,12975208,17825537,187420998,2.19,421097307,126
68,200000000,408992272,1214630956,408992272,805638684,1214630956,30246047,56844398,87090445,174144585,2.35,542304631,130
69,200000000,389813101,869087963,389813101,479274862,869087963,21166272,59308059,80474331,146510104,2.66,468471031,136
70,200000000,374715055,795888127,374715055,421173072,795888127,,,,88156227,4.25,649595383,127
71,200000000,369612903,772512903,369612903,402900000,772512903,4005270,14028314,18033584,134008624,2.76,378381795,175
72,200000000,334191110,1025491110,334191110,691300000,1025491110,85839668,35216042,121055710,116101023,2.88,456600774,108
73,200000000,304360277,1110526981,304360277,806166704,1110526981,48146962,52967421,101114383,88364714,3.44,411972425,143
74,200000000,303003568,1014938545,303003568,711934977,1014938545,54928619,91282751,146211370,84617303,3.58,409239868,169
75,200000000,268488329,743455810,268488329,474967481,743455810,67970737,66228597,134199334,82429469,3.26,356002967,102
76,200000000,234770996,490359051,234770996,255588055,490359051,28410153,24884802,53294955,79110453,2.97,311295364,130
77,200000000,233921534,747862775,233921534,513941241,747862775,25344847,52558588,77903435,90823660,2.58,308650437,131
78,200000000,221468955,627996941,221468955,406527986,627996941,,,,35409365,6.02,221468955,118
79,200000000,214506909,463635303,214506909,249128394,463635303,1376981,3773123,5150104,106109650,2.02,214506909,124
80,200000000,203530343,709672746,203530343,506142403,709672746,21881237,26804162,48685399,91608337,2.22,268334337,141
81,200000000,191450875,560155383,191450875,368704508,560155383,106557112,40805893,147363005,66135507,2.89,260257303,107
82,200000000,183651655,379751131,183651655,196099476,379751131,8385429,14894819,23280248,80366312,2.29,194667137,133
83,200000000,173956935,760732926,173956935,586775991,760732926,22376388,26093756,48470144,60038950,2.9,204722247,134
84,200000000,173005945,719360068,173005945,546354123,719360068,14799269,20803078,35602347,70043165,2.47,183382903,145
85,200000000,172062763,399866199,172062763,227803436,399866199,26616182,34528953,61145135,44026211,3.91,234806122,125
86,200000000,168283344,393583344,168283344,225300000,393583344,6144244,9957287,16101531,67004323,2.51,172175368,124
87,200000000,166112167,757677748,166112167,591565581,757677748,53617352,23968289,77585641,65237614,2.55,238568860,158
88,200000000,164870264,401731759,164870264,236861495,401731759,1771542,4261771,6033313,71297219,2.31,174752866,156
89,200000000,159555901,648455339,159555901,488899438,648455339,14146230,30421089,44567319,62163104,2.57,188786981,134
90,200000000,154426697,484829737,154426697,330403040,484829737,1212819,1418042,2630861,29602429,5.22,154426702,102
91,200000000,125322469,365491792,125322469,240169323,365491792,30486768,24270538,54757306,42558390,2.94,180130167,116
92,200000000,118307188,218878024,118307188,100570836,218878024,1577129,2109905,3687034,50577961,2.34,121115995,110
93,200000000,116987516,210469803,116987516,93482287,210469803,3066561,5768326,8834887,35018731,3.34,124004464,90
94,200000000,116601172,219535492,116601172,102934320,219535492,21544455,24333148,45877603,53174303,2.19,158507018,113
95,200000000,108167507,271467507,108167507,163300000,271467507,1599601,4044783,5644384,55043679,1.97,108167512,144
96,200000000,97000759,185895441,97000759,88894682,185895441,,,,32106112,3.02,97000759,123
97,200000000,95850844,407150844,95850844,311300000,407150844,6636158,13264980,19901138,42151256,2.27,98126502,
98,200000000,90759676,336359676,90759676,245600000,336359676,37989207,15218498,53207705,30095259,3.02,124003709,115
99,200000000,68035488,156432918,68035488,88397430,156432918,,,,23253655,2.93,68035488,206
100,200000000,65845974,246356895,65845974,180510921,246356895,8168863,13902509,22071372,32828348,2.01,77491222,114
101,200000000,63973821,240073909,63973821,176100088,240073909,,,,19698228,3.25,63973821,92
102,200000000,61555145,133357601,61555145,71802456,133357601,8657001,11720560,20377561,39119861,1.57,72283705,114
103,200000000,61524375,217917156,61524375,156392781,217917156,,,,20638887,2.98,61524375,158
104,200000000,46801036,169601036,46801036,122800000,169601036,16234221,22994859,39229080,16701957,2.8,52238403,151
105,200000000,45207275,96214128,45207275,51006853,96214128,,,,17473540,2.59,45207275,135
106,200000000,0,69973540,,69973540,69973540,9295003,15069885,24364888,,,,115
107,200000000,0,19220000,,19220000,19220000,,,,,,,140
108,200000000,0,451178,,451178,451178,,,,,,,129
109,195000000,352390543,1123794079,352390543,771403536,1123794079,54155979,59683600,113839579,97852865,3.6,479037835,154
110,195000000,157341749,439241749,157341749,281900000,439241749,2369452,3278186,5647638,61045464,2.58,157341754,127
111,195000000,80101125,409953905,80101125,329852780,409953905,7102540,10139627,17242167,31668375,2.53,96264225,107
112,195000000,65187603,197687603,65187603,132500000,197687603,12916248,13898974,26815222,27202226,2.4,86435711,113
113,190000000,353007020,1511986364,353007020,1158979344,1511986364,32951047,39399295,72350342,147187040,2.4,451413481,137
114,190000000,282709065,715209065,282709065,432500000,715209065,,,,82505391,3.43,282709068,165
115,190000000,228778661,467381584,228778661,238602923,467381584,28457766,52437258,80895024,70165559,3.26,303349804,132
116,190000000,202706711,531861650,202706711,329154939,531861650,23270680,31144262,54414942,66411834,3.05,268687317,115
117,190000000,144840419,353497733,144840419,208657314,353497733,31123060,18567564,49690624,50085184,2.89,192051618,141
118,190000000,137855863,315709697,137855863,177853834,315709697,46602981,22377652,68980633,30051075,4.59,198115562,95
119,190000000,101854397,411054397,101854397,309200000,411054397,23384771,35882069,59266840,37285325,2.73,134985888,131
120,190000000,58300287,207500287,58300287,149200000,207500287,,,,37678467,1.55,58300287,138
121,190000000,40463197,160163197,40463197,119700000,160163197,2466851,6287738,8754589,10749011,3.76,40463197,148
122,187500000,123087120,333771037,123087120,210683917,333771037,34982081,30633634,65615715,39155217,3.14,157129054,92
123,186000000,318604126,584877827,318604126,266273701,584877827,183649818,14895465,198545283,102118668,3.12,478323983,126
124,185000000,536625724,1010086005,536625724,473460281,1010086005,265801462,35192871,300994333,158411483,3.39,801781376,152
125,185000000,317101119,786635413,317101119,469534294,786635413,119134599,,119134599,100137835,3.17,476093321,123
126,185000000,237282182,554606532,237282182,317324350,554606532,141241012,56917879,198158891,66323594,3.58,321344308,93
127,185000000,168052812,568652812,168052812,400600000,568652812,16603000,23411669,40014669,61025472,2.75,201963138,118
128,185000000,158848340,335673708,158848340,176825368,335673708,10935633,31746109,42681742,59253211,2.68,197963586,122
129,185000000,113929605,489181357,113929605,375251752,489181357,8106450,15073478,23179928,36948713,3.08,134077091,118
130,185000000,92054159,258157449,92054159,166103290,258157449,5142893,24485507,29628400,32753122,2.81,110621805,164
131,185000000,62253077,250367666,62253077,188114589,250367666,10548441,16223795,26772236,29033832,2.14,73262896,128
132,185000000,55817425,168717425,55817425,112900000,168717425,6020414,9868728,15889142,26205415,2.13,59165372,132
133,182000000,355559216,1046587513,355559216,691028297,1046587513,14061731,30387095,44448826,91500929,3.89,418441956,128
134,180000000,315058289,850482778,315058289,535424489,850482778,17526654,56890512,74417166,122744989,2.57,378561120,130
135,180000000,291710957,720539572,291710957,428828615,720539572,370026155,,370026155,65556312,4.45,487922926,140
136,180000000,241407328,758536735,241407328,517129407,758536735,42296295,42984952,85281247,69431298,3.48,318527656,97
137,180000000,234037575,811724385,234037575,577686810,811724385,28161425,42888070,71049495,74403387,3.15,291162496,133
138,180000000,223808164,532508025,223808164,308699861,532508025,168514262,1694879,170209141,63087526,3.55,336023876,100
139,180000000,140125968,256585882,140125968,116459914,256585882,41582122,,41582122,49100158,2.85,219557834,91
140,180000000,126643061,348902025,126643061,222258964,348902025,12610981,13061937,25672918,38527856,3.29,157827996,110
141,180000000,73864507,180047784,73864507,106183277,180047784,18604353,16044112,34648465,11364505,6.5,100290350,126
142,180000000,40479370,215098356,40479370,174618986,215098356,3632451,8432314,12064765,17007624,2.38,48647445,129
143,179000000,47482519,184382519,47482519,136900000,184382519,8640800,11248574,19889374,18372372,2.58,60719040,127
144,178000000,220159104,786626183,220159104,566467079,786626183,6964269,16098522,23062791,61236534,3.6,260517576,147
145,178000000,155442489,542537546,155442489,387095057,542537546,11921599,21989438,33911037,65769562,2.36,193719069,136
146,178000000,145443742,527267828,145443742,381824086,527267828,21703442,15422222,37125664,45402195,3.2,172105772,113
147,178000000,100206256,367028980,100206256,266822724,367028980,11338882,17065319,28404201,28760246,3.48,132218285,136
148,175000000,426829839,1129576094,426829839,702746255,1129576094,19486669,47977419,67464088,153433423,2.78,502317212,124
149,175000000,364001123,951806722,364001123,587805599,951806722,20461474,26720325,47181799,103261464,3.53,453633762,105
150,175000000,356461711,850309035,356461711,493847324,850309035,62346919,59901373,122248292,90440272,3.94,455831222,95
151,175000000,334580976,878852749,334580976,544271773,878852749,19267783,52782897,72050680,117027503,2.86,402017322,133
152,175000000,325100054,745744980,325100054,420644926,745744980,33677888,53885567,87563455,133682248,2.43,405153590,123
153,175000000,293004164,731463377,293004164,438459213,731463377,224389873,83404199,307794072,68108790,4.3,421144653,89
154,175000000,210460015,796397165,210460015,585937150,796397165,28448489,57351230,85799719,50802605,4.14,252355165,105
155,175000000,201091711,529290830,201091711,328199119,529290830,13957971,34132941,48090912,56237634,3.58,237864796,112
156,175000000,198351526,381687380,198351526,183335854,381687380,88084172,23730503,111814675,59321095,3.34,285097259,95
157,175000000,152901115,383541369,152901115,230640254,383541369,14935374,37020244,51955618,53688680,2.85,183754069,109
158,175000000,150201498,302469017,150201498,152267519,302469017,72536428,16764659,89301087,54713046,2.75,215889615,118
159,175000000,113805681,221229335,113805681,107423654,221229335,,,,27687484,4.11,241501031,107
160,175000000,102491776,405760225,102491776,303268449,405760225,44145118,,44145118,40457770,2.53,153880414,111
161,175000000,100289690,174131329,100289690,73841639,174131329,39302627,,39302627,31192615,3.22,157139941,96
162,175000000,88246220,264246220,88246220,176000000,264246220,,,,21171780,4.17,218688330,135
163,175000000,77047065,251509294,77047065,174462229,251509294,8261482,10760312,19021794,21844045,3.53,90475742,103
164,175000000,39175066,139630336,39175066,100455270,139630336,9534625,7834276,17368901,15371270,2.55,47079958,126
165,175000000,38362475,151716815,38362475,113354340,151716815,7917433,10245055,18162488,9910310,3.87,50829996,127
166,175000000,1399001,12271142,1399001,10872141,12271142,1011073,1108666,2119739,578047,2.42,1399001,100
167,170000000,718732821,1455073504,718732821,736340683,1455073504,21467959,39219564,60687523,126707459,5.67,735796748,131
168,170000000,417719760,1308323302,417719760,890603542,1308323302,24550781,43460799,68011580,148024610,2.82,494294079,128
169,170000000,333714112,770882395,333714112,437168283,770882395,65394680,86356422,151751102,94320883,3.54,440239450,121
170,170000000,312433331,621156389,312433331,308723058,621156389,131317596,55176260,186493856,128122480,2.44,426873425,125
171,170000000,259746958,714401889,259746958,454654931,714401889,34102777,45569285,79672062,95023721,2.73,342726093,135
172,170000000,208545589,710644566,208545589,502098977,710644566,24169533,19139587,43309120,72611427,2.87,275167855,130
173,170000000,196698043,320838625,196698043,124140582,320838625,,,,23325035,8.43,332789628,92
174,170000000,155136755,401021746,155136755,245884991,401021746,32899979,18738861,51638840,56217700,2.76,210097263,127
175,170000000,150358296,433058296,150358296,282700000,433058296,,,,44041440,3.41,268799731,109
176,170000000,120150546,300150546,120150546,180000000,300150546,,,,51748040,2.32,208570513,132
177,170000000,114766307,353166307,114766307,238400000,353166307,11269512,13064807,24334319,45990748,2.5,135063407,130
178,170000000,110500138,383299914,110500138,272799776,383299914,12952439,23683483,36635922,47776293,2.31,130042741,132
179,170000000,93436322,206627518,93436322,113191196,206627518,6539195,5684251,12223446,33028165,2.83,119483213,129
180,170000000,85838210,401900040,85838210,316061830,401900040,5055545,19605010,24660555,28525613,3.01,101018863,122
181,170000000,77042381,276928112,77042381,199885731,276928112,5389499,7127654,12517153,26858726,2.87,96013504,113
182,168000000,67587546,174287546,67587546,106700000,174287546,,,,26326462,2.57,67587549,148
183,165000000,376851080,1004004592,376851080,627153512,1004004592,10691264,22025796,32717060,145075625,2.6,385798165,146
184,165000000,238736787,756244673,238736787,517507886,756244673,62214624,14307330,76521954,70838207,3.37,326182835,93
185,165000000,232641920,676343174,232641920,443701254,676343174,15308417,44459797,59768214,85058311,2.74,289815632,115
186,165000000,222527828,647263005,222527828,424735177,647263005,47958204,54466552,102424756,56215889,3.96,293156182,108
187,165000000,217851976,495141736,217851976,277289760,495141736,148977941,52821128,201799069,43732319,4.98,297549021,91
188,165000000,203225563,642037037,203225563,438811474,642037037,15770126,38033025,53803151,47510360,4.28,263077793,165
189,165000000,189412677,496511521,189412677,307098844,496511521,70601625,59911841,130513466,49038712,3.86,256207171,101
190,165000000,111031267,430153216,111031267,319121949,430153216,3659706,17341773,21001479,41011174,2.71,117487070,156
191,165000000,103144286,384169424,103144286,281025138,384169424,10189110,20660280,30849390,41039944,2.51,128542811,119
192,163000000,100368560,176038324,100368560,75669764,176038324,26150672,24512309,50662981,36431290,2.76,136440487,118
193,160000000,504014165,1268697483,504014165,764683318,1268697483,29035676,59982623,89018299,174750616,2.88,605716019,123
194,160000000,391362492,1132298674,391362492,740936182,1132298674,21566898,49888545,71455443,92579212,4.23,460430390,129
195,160000000,335061807,1131849702,335061807,796787895,1131849702,29074082,43382929,72457011,67873522,4.94,395605216,143
196,160000000,322719944,807330936,322719944,484610992,807330936,179054121,33467,179087588,121629270,2.65,505657115,92
197,160000000,293662683,826873382,293662683,533210699,826873382,90809548,76649138,167458686,62785337,4.68,399851674,147
198,160000000,281723902,646219954,281723902,364496052,646219954,23875470,31376195,55251665,102665981,2.74,360013839,136
199,160000000,238679850,789300444,238679850,550620594,789300444,56518952,75606925,132125877,97375245,2.45,316478324,130
200,160000000,200676069,529076069,200676069,328400000,529076069,17787732,27382049,45169781,93188384,2.15,264784332,123
201,160000000,171130165,397369969,171130165,226239804,397369969,,,,58400788,2.93,171130165,145
202,160000000,146408305,355408305,146408305,209000000,355408305,29560889,32646536,62207425,55101604,2.66,199026677,132
203,160000000,127509326,329631958,127509326,202122632,329631958,45170554,1689355,46859909,26853816,4.75,188353130,167
204,160000000,63150991,217986320,63150991,154835329,217986320,26534645,12418420,38953065,17619622,3.58,86282333,108
205,160000000,60674817,181674817,60674817,121000000,181674817,20391408,,20391408,22155410,2.74,99858697,98
206,160000000,47365290,438899824,47365290,391534534,438899824,4952823,12513015,17465838,24166110,1.96,59028650,123
207,159000000,0,914706,,914706,914706,,,,,,,210
208,157750000,67653287,114797989,67653287,47144702,114797989,770884,947022,1717906,24082475,2.81,67653287,123
209,156000000,61433527,122333118,61433527,60899591,122333118,8419733,7521871,15941604,20223544,3.04,76561080,107
210,155000000,267762265,372186517,267762265,104424252,372186517,,,,81251415,3.3,267762265,122
211,155000000,104386950,418186950,104386950,313800000,418186950,34625611,11497883,46123494,24005069,4.35,142502135,115
212,155000000,100916094,470116094,100916094,369200000,470116094,13340330,22933626,36273956,32200000,3.13,106969078,113
213,155000000,89760956,432150894,89760956,342389938,432150894,9092269,17603060,26695329,27018486,3.32,114783284,126
214,155000000,59874525,290930148,59874525,231055623,290930148,5501205,11181002,16682207,28116535,2.13,70850429,111
215,155000000,34297191,167297191,34297191,133000000,167297191,,,,13687087,2.51,59520746,175
216,152000000,146880162,489592267,146880162,342712105,489592267,7848369,14740735,22589104,56262929,2.61,176518188,142
217,151500000,198539855,449239853,198539855,250699998,449239853,,,,59078912,3.36,378137735,182
218,151000000,636785476,1447585476,636785476,810800000,1447585476,1361240,2951677,4312917,162022044,3.93,636785477,114
219,151000000,319246193,708272592,319246193,389026399,708272592,295604302,8123249,303727551,70502384,4.53,500214228,142
220,150000000,477373578,1451653316,477373578,974279738,1451653316,29336018,52142631,81478649,130263358,3.66,561730837,103
221,150000000,450182382,1026162434,450182382,575980052,1026162434,,,,139787385,3.22,450182382,100
222,150000000,412563408,817691766,412563408,405128358,817691766,25947796,72886279,98834075,103251471,4,495811989,141
223,150000000,400953009,1271023300,400953009,870070291,1271023300,253125424,163974026,417099450,243390,5.95,530936873,102
224,150000000,341268248,1025485003,341268248,684216755,1025485003,57621663,54244925,111866588,75063401,4.55,425303081,108
225,150000000,293108509,937970397,293108509,644861888,937970397,231487995,5291580,236779575,77108414,3.8,459024150,138
226,150000000,291147424,886123994,291147424,594976570,886123994,222398152,6237064,228635216,102685961,2.84,488719870,150
227,150000000,281553689,738576929,281553689,457023240,738576929,,,,91774413,3.07,503341420,138
228,150000000,256393010,585532684,256393010,329139674,585532684,131213338,4837581,136050919,77211321,3.32,398441445,100
229,150000000,248757044,684654985,248757044,435897941,684654985,51030874,96125817,147156691,56631401,4.39,308290601,113
230,150000000,227946274,624234272,227946274,396287998,624234272,92102777,890713,92993490,62603879,3.64,342236875,92
231,150000000,224543292,432224634,224543292,207681342,432224634,4558512,9910557,14469069,75388688,2.98,238011469,132
232,150000000,206459076,475825484,206459076,269366408,475825484,,,,56178450,3.68,347211985,115
233,150000000,206445654,626549695,206445654,420104041,626549695,217081255,,217081255,47027395,4.39,323471525,110
234,150000000,206362140,644602516,206362140,438240376,644602516,44600194,49439893,94040087,85737841,2.41,273607633,111
235,150000000,205343774,356770593,205343774,151426819,356770593,,,,48745440,4.21,345336330,140
236,150000000,195042377,688858992,195042377,493816615,688858992,11537272,16400242,27937514,55520089,3.51,249413615,131
237,150000000,190068280,509736928,190068280,319668648,509736928,13245730,21582017,34827747,50513488,3.76,228389651,107
238,150000000,181030624,449326618,181030624,268295994,449326618,35340939,60264661,95605600,65723338,2.75,246092071,113
239,150000000,180174880,599680774,180174880,419505894,599680774,113207196,2305873,115513069,63106589,2.86,270310958,89
240,150000000,179883157,374825760,179883157,194942603,374825760,80223242,32766358,112989600,85058003,2.11,258552058,107
241,150000000,177243721,402231063,177243721,224987342,402231063,54781178,11372577,66153755,54173286,3.27,254758307,105
242,150000000,165249063,664837547,165249063,499588484,664837547,37735102,20962438,58697540,47656302,3.47,224638696,90
243,150000000,154363726,380463726,154363726,226100000,380463726,20832353,35686495,56518848,45428128,3.4,197358149,120
244,150000000,144105346,428919826,144105346,284814480,428919826,18081646,21790443,39872089,54365242,2.65,169591230,104
245,150000000,139270910,427300260,139270910,288029350,427300260,,,,48475154,2.87,248927901,129
246,150000000,137690172,579055653,137690172,441365481,579055653,6685611,24262654,30948265,41769050,3.3,162930850,140
247,150000000,135386665,310043823,135386665,174657158,310043823,142727019,,142727019,40049778,3.38,227562426,82
248,150000000,133501348,399387745,133501348,265886397,399387745,49944710,1778002,51722712,47743273,2.8,219716720,126
249,150000000,133375846,490875846,133375846,357500000,490875846,36759534,13529456,50288990,46204168,2.89,191705548,138
250,150000000,133298577,483152040,133298577,349853463,483152040,,,,46865412,2.84,231394306,162
251,150000000,131772187,319713881,131772187,187941694,319713881,31264134,18013248,49277382,40325019,3.27,180038548,103
252,150000000,126631277,287594577,126631277,160963300,287594577,85753889,201460,85955349,38021044,3.33,198275214,90
253,150000000,119436770,292817841,119436770,173381071,292817841,45475273,19124426,64599699,31706934,3.77,171670454,87
254,150000000,114053579,328015029,114053579,213961450,328015029,93791071,,93791071,26223128,4.29,170974250,96
255,150000000,96093622,231181871,96093622,135088249,231181871,6501295,6222326,12723621,27206494,3.53,101659292,109
256,150000000,93549650,207854947,93549650,114305297,207854947,1947571,4655950,6603521,37205784,2.51,93549650,134
257,150000000,83670083,305270083,83670083,221600000,305270083,20146423,16104958,36251381,33457188,2.5,113311986,99
258,150000000,82280579,195080579,82280579,112800000,195080579,36825311,,36825311,27515871,2.99,128851777,115
259,150000000,79727149,245564215,79727149,165837066,245564215,17288906,8157275,25446181,29685274,2.69,107972189,112
260,150000000,73103784,205440387,73103784,132336603,205440387,16826036,11549622,28375658,24852258,2.94,96932197,131
261,150000000,70592228,163692228,70592228,93100000,163692228,2623515,2335017,4958532,31053362,2.27,74826373,115
262,150000000,62189884,142634358,62189884,80444474,142634358,21985545,5987758,27973303,31479235,1.98,84969200,102
263,150000000,45157105,334486852,45157105,289329747,334486852,5707716,9158312,14866028,18469620,2.44,54269064,104
264,150000000,35088320,151525973,35088320,116437653,151525973,6817289,5824970,12642259,15315435,2.29,44868753,111
265,150000000,21392758,39549758,21392758,18157000,39549758,4130565,2883050,7013615,6914488,3.09,29081195,88
266,150000000,19060660,59053195,19060660,39992535,59053195,1428661,1810011,3238672,9868997,1.93,19513191,124
267,150000000,0,173638,,173638,173638,,,,,,,115
268,150000000,0,0,,,,,,,,,,117
269,150000000,0,0,,,,,,,,,,128
270,149000000,64665672,179357126,64665672,114691454,179357126,73652409,,73652409,18814323,3.44,106195354,85
271,145000000,469291370,716965700,469291370,247674330,716965700,,,,112508890,4.17,469291370,160
272,145000000,216391482,746921271,216391482,530529789,746921271,56737853,22118068,78855921,60316738,3.59,293052780,85
273,145000000,209397903,694713230,209397903,485315327,694713230,25789829,21378073,47167902,12785204,7.08,284304929,132
274,145000000,177002924,614586270,177002924,437583346,614586270,35951018,38999325,74950343,49451322,3.58,233548528,102
275,145000000,171091819,448191819,171091819,277100000,448191819,,,,34221968,5,363042081,88
276,145000000,111506430,269806430,111506430,158300000,269806430,19925947,10887439,30813386,32207057,3.46,147128426,91
277,145000000,103412758,306941670,103412758,203528912,306941670,42094878,28039416,70134294,23773465,4.35,139873777,97
278,145000000,68671925,121645390,68671925,52973465,121645390,,,,18068372,3.8,115488813,124
279,144000000,128350574,229008658,128350574,100658084,229008658,17260736,22040709,39301445,46018755,2.79,159955968,117
280,142000000,160942139,431942139,160942139,271000000,431942139,,,,47072040,3.42,298130074,133
281,140000000,305410819,654310819,305410819,348900000,654310819,,,,46630690,6.55,545991477,144
282,140000000,257730019,386839614,257730019,129109595,386839614,108665092,83942629,192607721,79204289,3.25,370443952,125
283,140000000,201578182,554600000,201578182,353021818,554600000,,,,36089972,5.59,463328949,150
284,140000000,190418803,441767803,190418803,251349000,441767803,,,,52148751,3.65,353307170,86
285,140000000,176654505,370569776,176654505,193915271,370569776,48858361,103254809,152113170,65058524,2.72,240143203,124
286,140000000,143528619,520189225,143528619,376660606,520189225,12996357,13704792,26701149,41282042,3.48,178871494,94
287,140000000,130444603,285400000,130444603,154955397,285400000,,,,34048124,3.83,299827891,127
288,140000000,122523060,375740705,122523060,253217645,375740705,17092397,20190517,37282914,40501814,3.03,162459850,110
289,140000000,111110575,456810575,111110575,345700000,456810575,,,,24271354,4.58,197542465,154
290,140000000,110550000,203018919,110550000,92468919,203018919,31251512,,31251512,14383515,6.69,184103858,90
291,140000000,65014513,268314513,65014513,203300000,268314513,7608160,11131077,18739237,24115934,2.7,85406189,150
292,140000000,55483770,199646680,55483770,144162910,199646680,10081339,8872187,18953526,18775350,2.96,69146240,115
293,140000000,48546770,166598362,48546770,118051592,166598362,3611542,8100776,11712318,20552372,2.36,57132545,116
294,140000000,31153464,138836756,31153464,107683292,138836756,8852114,9368550,18220664,14123903,2.21,38824774,127
295,140000000,0,0,,,,,,,,,,
296,139000000,404652858,822652858,404652858,418000000,822652858,,,,114844116,3.52,749992035,121
297,138000000,107509799,186976250,107509799,79466451,186976250,55475761,97495474,152971235,55214334,1.95,154527419,161
298,138000000,32116746,76416746,32116746,44300000,76416746,,,,13251545,2.42,54012241,121
299,137500000,134806913,265573859,134806913,130766946,265573859,66923669,13388580,80312249,55414050,2.43,202398122,112
300,137000000,132177234,245031679,132177234,112854445,245031679,,,,62128420,2.13,236296942,138
301,137000000,32131830,85131830,32131830,53000000,85131830,,,,11408853,2.82,61198071,106
302,136200000,292324737,829724737,292324737,537400000,829724737,80170969,23182497,103353466,141067634,2.07,395796626,115
303,135000000,196805338,572305338,196805338,375500000,572305338,,,,80006561,2.46,196805340,115
304,135000000,187168425,573068425,187168425,385900000,573068425,54491351,31757198,86248549,43639736,4.29,248176578,98
305,135000000,183637894,532938302,183637894,349300408,532938302,18913113,21005222,39918335,474560,4.61,228885779,156
306,135000000,126930660,361730660,126930660,234800000,361730660,,,,35519007,3.57,268247871,128
307,135000000,123477607,245724600,123477607,122246993,245724600,23740861,14382297,38123158,38079323,3.24,167854809,107
308,135000000,93926386,212912137,93926386,118985751,212912137,,,,25105990,3.74,167348957,139
309,135000000,83028130,286896578,83028130,203868448,286896578,44135575,25278860,69414435,21312625,3.9,110091418,96
310,135000000,82051601,245328374,82051601,163276773,245328374,8243722,16523427,24767149,35316382,2.32,102256213,112
311,135000000,64006466,157956462,64006466,93949996,157956462,20553403,6013238,26566641,21237068,3.01,86994460,99
312,135000000,63478838,164920076,63478838,101441238,164920076,38190914,,38190914,25723815,2.47,104473562,132
313,135000000,39089002,70699728,39089002,31610726,70699728,942848,1214581,2157429,12151384,3.22,39990447,102
314,132900000,54858851,170024300,54858851,115165449,170024300,5272084,5523743,10795827,20352491,2.7,64914821,99
315,132000000,234280354,606836535,234280354,372556181,606836535,,,,64878725,3.61,394000344,116
316,132000000,83350911,366942531,83350911,283591620,366942531,13050144,9997838,23047982,25447444,3.28,109598913,92
317,130000000,424668047,864808014,424668047,440139967,864808014,64852056,58213689,123065745,158074286,2.69,562976175,146
318,130000000,250853809,784242906,250853809,533389097,784242906,,,,93687367,2.68,434928640,141
319,130000000,227471070,444043396,227471070,216572326,444043396,124684353,2597757,127282110,69283690,3.28,356415421,113
320,130000000,216648740,623144660,216648740,406495920,623144660,17160657,33761448,50922105,75812205,2.86,256363708,118
321,130000000,215727546,632203486,215727546,416475940,632203486,137693737,1699463,139393200,60239130,3.58,323744895,91
322,130000000,180202163,518858449,180202163,338656286,518858449,36944279,33174580,70118859,57225526,3.15,230436449,117
323,130000000,177397510,385997896,177397510,208600386,385997896,38592000,30083500,68675500,52107731,3.4,226849954,94
324,130000000,171958438,345606500,171958438,173648062,345606500,8522049,23355918,31877967,23523121,6.06,203266936,130
325,130000000,149260504,554987477,149260504,405726973,554987477,50063387,22149721,72213108,34077439,4.38,202885885,90
326,130000000,148415853,321887208,148415853,173471355,321887208,46950396,23663725,70614121,46016833,3.23,202749442,95
327,130000000,138540870,273271982,138540870,134731112,273271982,,,,46522560,2.98,247673389,140
328,130000000,131538435,492846291,131538435,361307856,492846291,33121559,25391364,58512923,39327869,3.34,173559887,101
329,130000000,118311368,290650494,118311368,172339126,290650494,33044545,17598505,50643050,36011243,3.29,161647221,100
330,130000000,101200044,352831065,101200044,251631021,352831065,12417434,9829474,22246908,43720472,2.31,133529553,137
331,130000000,77591831,373993951,77591831,296402120,373993951,17344252,13149335,30493587,9720993,6.78,105343734,104
332,130000000,60522097,251499665,60522097,190977568,251499665,8985376,7273243,16258619,27520040,2.2,80249468,99
333,130000000,49554002,215080810,49554002,165526808,215080810,30499469,1725831,32225300,14800723,3.35,74216344,165
334,130000000,33618855,79076678,33618855,45457823,79076678,7863987,8472349,16336336,12691415,2.65,44577025,98
335,129000000,160799505,520979901,160799505,360180396,520979901,13386868,22676841,36063709,55022245,2.92,189237844,104
336,129000000,82633033,397833033,82633033,315200000,397833033,969618,1037961,2007579,30002735,2.75,82633034,116
337,127500000,281287133,683212735,281287133,401925602,683212735,110221685,32406671,142628356,138122261,2.04,382350743,117
338,127500000,137748063,356148063,137748063,218400000,356148063,,,,38854851,3.55,275496116,82
339,127000000,226277068,614202315,226277068,387925247,614202315,12459216,33235479,45694695,88411916,2.56,271936097,135
340,127000000,113746621,353756621,113746621,240010000,353756621,16036820,11943641,27980461,17100520,5.63,148277736,97
341,125000000,382088758,1311562841,382088758,929474083,1311562841,97710849,60050174,157761023,169189427,2.26,518707631,131
342,125000000,337135885,766575131,337135885,429439246,766575131,34426169,45753958,80180127,121897634,2.77,444292429,123
343,125000000,317871467,962650768,317871467,644779301,962650768,,,,90294621,3.52,604358191,152
344,125000000,316831246,795356912,316831246,478525666,795356912,25340420,26217523,51557943,59251543,5.35,372544888,123
345,125000000,297414693,943525724,297414693,646111031,943525724,92570237,61152649,153722886,125017372,2.38,405492147,146
346,125000000,218581815,634681815,218581815,416100000,634681815,,,,39005800,5.6,218581815,116
347,125000000,217536138,767820459,217536138,550284321,767820459,102758464,,102758464,77073388,2.82,358021307,152
348,125000000,214949694,406348630,214949694,191398936,406348630,,,,85558731,2.51,384271588,135
349,125000000,210031325,629975898,210031325,419944573,629975898,38782805,30172046,68954851,86198765,2.44,285515469,130
350,125000000,191204754,485004754,191204754,293800000,485004754,37771535,62033100,99804635,65575105,2.92,252287294,101
351,125000000,186848418,535663443,186848418,348815025,535663443,52880183,33565860,86446043,39637079,4.71,253744901,129
352,125000000,186740799,555840117,186740799,369099318,555840117,,,,68743584,2.72,324165186,123
353,125000000,175003033,527909949,175003033,352906916,527909949,16927787,15419863,32347650,50198902,3.49,210315795,97
354,125000000,163214888,493214888,163214888,330000000,493214888,31364501,21607627,52972128,61235105,2.67,222998292,106
355,125000000,153856089,342831709,153856089,188975620,342831709,38955966,34080823,73036789,46581142,3.3,191397294,93
356,125000000,136314294,376000000,136314294,239685706,376000000,,,,44047541,3.09,313319417,139
357,125000000,126477084,402448265,126477084,275971181,402448265,19443806,28247398,47691204,51050101,2.48,171284282,124
358,125000000,113203870,280355920,113203870,167152050,280355920,30748355,26023237,56771592,38142825,2.97,153308751,135
359,125000000,107325195,238317814,107325195,130992619,238317814,,,,42872605,2.5,252062218,125
360,125000000,92900355,180389902,92900355,87489547,180389902,,,,27747035,3.35,92900355,126
361,125000000,68420120,304858121,68420120,236438001,304858121,10409986,12029664,22439650,24905015,2.75,80962554,103
362,125000000,62342368,107351191,62342368,45008823,107351191,7074355,9953631,17027986,24791624,2.51,73208133,100
363,125000000,58877969,211856088,58877969,152978119,211856088,13935536,15430686,29366222,25577758,2.3,79736739,117
364,125000000,57721819,134221819,57721819,76500000,134221819,1248813,2180828,3429641,30111158,1.92,57721823,130
365,125000000,54647948,240759682,54647948,186111734,240759682,3673897,9296541,12970438,10278225,5.32,67293999,116
366,125000000,33370166,61642798,33370166,28272632,61642798,5858656,3942451,9801107,10950705,3.05,40103713,104
367,125000000,32698899,61698899,32698899,29000000,61698899,,,,10267756,3.18,69388607,103
368,123000000,262425630,347522208,262425630,85096578,347522208,,,,55820330,4.7,522776294,105
369,122000000,226717266,447179575,226717266,220462309,447179575,,,,60102146,3.77,226717266,109
370,120000000,215409889,549588516,215409889,334178627,549588516,,,,57845297,3.72,430819768,126
371,120000000,182618434,328711434,182618434,146093000,328711434,,,,41325042,4.42,365236867,129
372,120000000,162192920,416168316,162192920,253975396,416168316,12982273,21022907,34005180,59215365,2.74,202131748,123
373,120000000,148648820,400689914,148648820,252041094,400689914,4334335,9569299,13903634,44010155,3.38,152177994,116
374,120000000,131921738,289480691,131921738,157558953,289480691,63624928,,63624928,58051684,2.27,206702953,91
375,120000000,124987022,619310368,124987022,494323346,619310368,23819618,29250493,53070111,22451514,5.57,168305003,125
376,120000000,115802596,229545589,115802596,113742993,229545589,104869372,,104869372,45388836,2.55,181446502,110
377,120000000,101028233,427947217,101028233,326918984,427947217,19135203,18152228,37287431,35753093,2.83,119548227,107
378,120000000,100814328,227163273,100814328,126348945,227163273,,,,37634221,2.68,180228599,106
379,120000000,93050117,286192091,93050117,193141974,286192091,16601900,19990263,36592163,29807393,3.12,123380097,109
380,120000000,89107235,287916633,89107235,198809398,287916633,15393254,21627735,37020989,37054485,2.4,118152023,125
381,120000000,85364450,142531552,85364450,57167102,142531552,5993905,9356115,15350020,40300288,2.12,102589606,124
382,120000000,72541501,130841501,72541501,58300000,130841501,188041,408930,596971,25030225,2.9,72541501,127
383,120000000,64956806,166000000,64956806,101043194,166000000,,,,15115152,4.3,120522265,77
384,120000000,58607007,242981799,58607007,184374792,242981799,7030332,8897782,15928114,21681430,2.7,77329683,116
385,120000000,57712751,107212751,57712751,49500000,107212751,,,,24289165,2.38,100184124,119
386,120000000,56117548,167849187,56117548,111731639,167849187,7179771,6389555,13569326,25685737,2.18,71761231,100
387,120000000,43945766,93394462,43945766,49448696,93394462,14925030,,14925030,18561337,2.37,65979852,135
388,120000000,35818913,163018913,35818913,127200000,163018913,,,,12409070,2.89,60238349,136
389,120000000,30212620,49628177,30212620,19415557,49628177,10673353,726812,11400165,7484696,4.04,41243450,121
390,120000000,0,0,,,,,,,,,,
391,120000000,0,0,,,,,,,,,,132
392,117000000,76423035,258751370,76423035,182328335,258751370,24058533,8787678,32846211,20139985,3.79,104415759,109
393,117000000,0,625136211,,625136211,625136211,,,,,,,136
394,116000000,213511408,856081053,213511408,642569645,856081053,25816524,44921353,70737877,80255756,2.66,252650720,112
395,115000000,487574671,1046513456,487574671,558938785,1046513456,,,,64810970,7.52,986592715,133
396,115000000,380270577,848998877,380270577,468728300,848998877,,,,108435841,3.51,639518994,139
397,115000000,310676740,656695615,310676740,346018875,656695615,,,,80027814,3.88,576436353,143
398,115000000,290149425,560483719,290149425,270334294,560483719,,,,62577067,4.64,532912890,92
399,115000000,132556852,416456852,132556852,283900000,416456852,37937917,43736223,81674140,53113752,2.5,175764181,126
400,115000000,67163857,178200000,67163857,111036143,178200000,,,,18479435,3.63,157739945,109
401,115000000,48003015,165149302,48003015,117146287,165149302,5944816,9433338,15378154,19445035,2.47,59823405,113
402,115000000,40914068,77628265,40914068,36714197,77628265,,,,14520412,2.82,75912846,134
403,115000000,0,0,,,,,,,,,,
404,113500000,999811,132999811,999811,132000000,132999811,,,,,6.89,1501104,116
405,112000000,42779261,232017848,42779261,189238587,232017848,7375651,1930834,9306485,6307691,4.6,58343117,87
406,111000000,84410380,307491645,84410380,223081265,307491645,19546905,15730577,35277482,13401586,6.3,100873009,107
407,110000000,324591735,786362370,324591735,461770635,786362370,18790521,51545649,70336170,125507153,2.59,384093772,119
408,110000000,274092705,684657731,274092705,410565026,684657731,25946251,31254265,57200516,55785112,4.91,363314190,91
409,110000000,250863268,579446407,250863268,328583139,579446407,155897256,,155897256,30433781,6.82,402210844,108
410,110000000,213550366,501546922,213550366,287996556,501546922,15131630,24419468,39551098,90033210,2.37,226325076,97
411,110000000,186336279,486124090,186336279,299787811,486124090,,,,50342878,3.7,313370525,120
412,110000000,155190832,474590832,155190832,319400000,474590832,21254436,23043522,44297958,54588173,2.84,198452804,114
413,110000000,142614158,563749323,142614158,421135165,563749323,38357318,15290214,53647532,35611637,4,193868921,103
414,110000000,139755882,474765850,139755882,335009968,474765850,,,,51012404,2.74,139755882,109
415,110000000,134529403,382288147,134529403,247758744,382288147,102030098,,102030098,33369559,4.03,210788800,129
416,110000000,130179072,295075882,130179072,164896810,295075882,20735856,14768246,35504102,52263680,2.49,166468608,118
417,110000000,125531634,362989076,125531634,237457442,362989076,,,,39153380,3.21,216908207,125
418,110000000,125304276,339504276,125304276,214200000,339504276,,,,25143007,4.98,292641534,119
419,110000000,113330342,215300000,113330342,101969658,215300000,,,,22413710,5.06,226660679,164
420,110000000,111375918,184898670,111375918,73522752,184898670,,,,33715801,3.3,111375920,104
421,110000000,106580051,330780051,106580051,224200000,330780051,17023989,17600429,34624418,45038460,2.37,140628259,102
422,110000000,102608827,208370892,102608827,105762065,208370892,,,,858021,9.03,174270461,170
423,110000000,100014699,302239672,100014699,202224973,302239672,10297387,9401958,19699345,14869736,6.19,122658182,116
424,110000000,98780042,229155503,98780042,130375461,229155503,16489701,12200885,28690586,33526876,2.95,134281059,118
425,110000000,87242834,295986876,87242834,208744042,295986876,12211203,12309458,24520661,28871140,3.02,108712516,126
426,110000000,85463309,263880341,85463309,178417032,263880341,32321441,18994936,51316377,27319677,3.13,116173387,126
427,110000000,80001807,254310003,80001807,174308196,254310003,2778788,10120659,12899447,30035838,2.66,94150590,118
428,110000000,77222099,177241171,77222099,100019072,177241171,28485977,15236727,43722704,25669455,3.01,105507504,118
429,110000000,71017784,348547523,71017784,277529739,348547523,20479258,12429889,32909147,17548389,4.05,94166254,104
430,110000000,66184051,172022517,66184051,105838466,172022517,12323853,10058967,22382820,29027348,2.28,82481391,120
431,110000000,65452312,152364370,65452312,86912058,152364370,24973456,10512117,35485573,23373102,2.8,94076780,106
432,110000000,61737191,127983283,61737191,66246092,127983283,14072004,14399872,28471876,27017351,2.29,81860097,114
433,110000000,50026353,76482461,50026353,26456108,76482461,,,,13880771,3.6,86841233,76
434,110000000,48097081,150468000,48097081,102370919,150468000,,,,16158942,2.98,112962607,125
435,110000000,47398413,218674938,47398413,171276525,218674938,,,,19635996,2.41,79712149,148
436,110000000,40563557,167910690,40563557,127347133,167910690,3157864,10453777,13611641,18676033,2.17,48748615,100
437,110000000,24862229,59850472,24862229,34988243,59850472,,,,11001109,2.26,24863071,127
438,110000000,24004159,72004159,24004159,48000000,72004159,,,,7576132,3.17,41669055,120
439,110000000,16596054,64470244,16596054,47874190,64470244,599277,1299722,1898999,3603368,4.61,16596054,188
440,109000000,101018283,133818283,101018283,32800000,133818283,,,,38329160,2.64,180508491,82
441,109000000,58183966,87683966,58183966,29500000,87683966,,,,14710892,3.96,110388203,158
442,108000000,228433663,653609107,228433663,425175444,653609107,19921862,30785278,50707140,54308575,4.21,292012833,130
443,106000000,40098064,119266661,40098064,79168597,119266661,1781424,2643629,4425053,12701743,3.16,49949723,124
444,105000000,144801023,348629585,144801023,203828562,348629585,,,,52179887,2.78,251361518,115
445,105000000,140015224,298815224,140015224,158800000,298815224,,,,15018223,8.74,289721372,92
446,105000000,104400899,270997378,104400899,166596479,270997378,106758590,10963431,117722021,786190,4.31,148741567,97
447,105000000,94784201,269065678,94784201,174281477,269065678,27455101,,27455101,35867488,2.64,142308311,109
448,105000000,64063008,402156682,64063008,338093674,402156682,10399447,7454113,17853560,21373064,3,79838060,100
449,105000000,54768952,121099956,54768952,66331004,121099956,,,,22058773,2.48,128607017,129
450,105000000,6712451,10364769,6712451,3652318,10364769,,,,3029858,2.22,12784487,
451,104000000,100234838,408803696,100234838,308568858,408803696,7206120,14335833,21541953,39023010,2.57,120460452,141
452,103300000,101643008,232643008,101643008,131000000,232643008,,,,25336048,4.01,203286006,117
453,103000000,187683805,451683599,187683805,263999794,451683599,,,,34819017,5.39,375265156,154
454,103000000,112200072,362000072,112200072,249800000,362000072,14119506,13165815,27285321,41671198,2.69,148772042,100
455,103000000,100478608,133214549,100478608,32735941,133214549,5251442,8773111,14024553,33123609,3.03,118897838,120
456,102500000,97104620,212282709,97104620,115178089,212282709,38084558,16237235,54321793,25271675,3.84,139571700,140
457,102000000,167365000,594420216,167365000,427055216,594420216,84065452,1465214,85530666,40833156,4.1,274369003,144
458,102000000,132024714,358824714,132024714,226800000,358824714,,,,35677125,3.7,244961508,144
459,102000000,127195589,464731819,127195589,337536230,464731819,12752425,25809714,38562139,21654047,5.87,150152227,114
460,102000000,27108272,130673154,27108272,103564882,130673154,8149955,6512824,14662779,9612247,2.82,36706137,172
461,100000000,574934330,1359146628,574934330,784212298,1359146628,7166833,15495990,22662823,146361865,3.93,574934330,92
462,100000000,381593754,681138413,381593754,299544659,681138413,1522403,7716923,9239326,120663589,3.16,381593754,140
463,100000000,361004205,969239433,361004205,608235228,969239433,,,,75009210,4.81,361004205,94
464,100000000,329862540,976518442,329862540,646655902,976518442,,,,82455420,4,329862540,180
465,100000000,294100435,451900435,294100435,157800000,451900435,,,,111003345,2.65,294100435,144
466,100000000,263581232,876162990,263581232,612581758,876162990,,,,88357488,2.98,487887611,161
467,100000000,203464105,515344899,203464105,311880794,515344899,,,,31765506,6.41,518802743,136
468,100000000,193573217,400526237,193573217,206953020,400526237,,,,56527324,3.42,193573217,115
469,100000000,187131806,440320578,187131806,253188772,440320578,4460487,17021694,21482181,73817950,2.54,187131806,169
470,100000000,184190913,336688945,184190913,152498032,336688945,,,,52784433,3.49,456375073,122
471,100000000,180011740,362211740,180011740,182200000,362211740,,,,68532960,2.63,342840835,120
472,100000000,173005002,331323410,173005002,158318408,331323410,,,,35142554,4.92,299320003,130
473,100000000,166350594,349048698,166350594,182698104,349048698,,,,44607143,3.73,166350594,157
474,100000000,162805434,449841566,162805434,287036132,449841566,35306559,30420198,65726757,30122888,5.4,218882036,165
475,100000000,159227644,383710072,159227644,224482428,383710072,19444855,32664853,52109708,576216,4.3,186983132,119
476,100000000,148438600,310650574,148438600,162211974,310650574,21092586,4017889,25110475,30833665,4.81,202493579,98
477,100000000,146282411,365300000,146282411,219017589,365300000,,,,25869770,5.65,386501075,141
478,100000000,130164645,267985456,130164645,137820811,267985456,73245804,2028463,75274267,43565135,2.99,203883455,157
479,100000000,124870275,236827677,124870275,111957402,236827677,55211154,11576081,66787235,30304648,4.12,179437196,90
480,100000000,119219978,170936470,119219978,51716492,170936470,38494893,15772712,54267605,35543162,3.35,162888635,97
481,100000000,118627117,212956024,118627117,94328907,212956024,,,,30061756,3.95,204625496,107
482,100000000,116949183,389816136,116949183,272866953,389816136,20137786,19971066,40108852,18410067,6.35,154720047,165
483,100000000,113376590,200796241,113376590,87419651,200796241,,,,45004673,2.52,113376590,115
484,100000000,107518682,262794441,107518682,155275759,262794441,37934744,20545489,58480233,33531068,3.21,142564745,103
485,100000000,101295562,234400000,101295562,133104438,234400000,,,,24566446,4.12,247051157,114
486,100000000,100138851,325500000,100138851,225361149,325500000,,,,21037414,4.76,244230041,91
487,100000000,89630573,169630573,89630573,80000000,169630573,,,,9812302,7.92,175275513,78
488,100000000,85028192,311979256,85028192,226951064,311979256,24917739,13543301,38461040,28591370,2.97,115151238,103
489,100000000,77233467,99123656,77233467,21890189,99123656,30277668,6291953,36569621,32695407,2.36,110962841,100
490,100000000,75030163,249488115,75030163,174457952,249488115,88992438,,88992438,23239907,3.23,122015672,104
491,100000000,72688614,243388614,72688614,170700000,243388614,9574082,9408457,18982539,29800263,2.44,95909822,97
492,100000000,67631157,278731369,67631157,211100212,278731369,18563085,4513592,23076677,16472458,4.11,92313948,102
493,100000000,66889043,212026975,66889043,145137932,212026975,,,,20523595,3.26,141489634,120
494,100000000,66757013,165124093,66757013,98367080,165124093,3520765,5131180,8651945,13354798,5,78512831,104
495,100000000,59475623,96150482,59475623,36674859,96150482,,,,21406781,2.78,103244318,93
496,100000000,58867694,145395745,58867694,86528051,145395745,48095250,,48095250,17640249,3.34,92237453,85
497,100000000,57377916,171377916,57377916,114000000,171377916,64024967,,64024967,8648324,6.63,92723469,143
498,100000000,56846802,126787360,56846802,69940558,126787360,11901535,19451152,31352687,17897419,3.18,66899721,138
499,100000000,55675313,139716717,55675313,84041404,139716717,16407575,8216933,24624508,16112211,3.46,76067561,90
500,100000000,50681884,50681884,50681884,,,,,,6835540,7.41,245000316,124
501,100000000,49438370,69548641,49438370,20110271,69548641,21731447,4122184,25853631,18837350,2.62,71059410,102
502,100000000,48417850,95255485,48417850,46837635,95255485,,,,11139495,4.35,85820119,113
503,100000000,45216793,115103325,45216793,69886532,115103325,2744614,3582156,6326770,15853646,2.85,53213648,93
504,100000000,40202379,82078046,40202379,41875667,82078046,,,,16728411,2.4,69787704,101
505,100000000,39322544,209461378,39322544,170138834,209461378,16935089,11676655,28611744,15879645,2.48,51884571,103
506,100000000,38530322,74829369,38530322,36299047,74829369,595235,787962,1383197,10574618,3.64,40465910,156
507,100000000,38120554,91800000,38120554,53679446,91800000,,,,12083248,3.15,70574019,95
508,100000000,37176373,121125300,37176373,83948927,121125300,963393,1863139,2826532,5915542,6.28,38648197,131
509,100000000,35497337,97523020,35497337,62025683,97523020,18071529,4975287,23046816,14309295,2.48,48499533,114
510,100000000,33700160,220796009,33700160,187095849,220796009,2791276,4330693,7121969,13707376,2.46,40498067,109
511,100000000,28782481,133782481,28782481,105000000,133782481,3168125,2853448,6021573,9800252,2.94,36376819,113
512,100000000,27166770,75323946,27166770,48157176,75323946,2040058,1296352,3336410,6619870,4.1,31952912,110
513,100000000,25020758,94320758,25020758,69300000,94320758,4902899,3725052,8627951,11053366,2.26,31932042,121
514,100000000,23022309,103039258,23022309,80016949,103039258,3796784,4046541,7843325,10886386,2.11,30377048,119
515,100000000,20532222,38198351,20532222,17666129,38198351,,,,9402176,2.18,20532222,132
516,100000000,17018422,59918422,17018422,42900000,59918422,,,,7511675,2.27,28620684,94
517,100000000,16710153,51133603,16710153,34423450,51133603,,,,8039021,2.08,16710153,104
518,100000000,15951040,85481904,15951040,69530864,85481904,4836278,6261354,11097632,7559850,2.11,18868266,128
519,100000000,13287908,27072169,13287908,13784261,27072169,1434870,1878113,3312983,3775350,3.52,14084922,108
520,100000000,10853945,30080003,10853945,19226058,30080003,566878,902999,1469877,4759151,2.28,11504966,153
521,100000000,4411102,7094995,4411102,2683893,7094995,,,,2182900,2.02,8184445,95
522,100000000,311434,98227017,311434,97915583,98227017,1602666,843045,2445711,48558,6.41,421757,141
523,100000000,0,75615,,75615,75615,,,,,,,118
524,100000000,0,0,,,,,,,,,,115
525,99000000,130178411,250091610,130178411,119913199,250091610,15807521,20669000,36476521,44213073,2.94,166404575,89
526,99000000,105806508,192306508,105806508,86500000,192306508,6471600,14921615,21393215,34115335,3.1,124519015,107
527,99000000,30824628,85210012,30824628,54385384,85210012,3345507,6183536,9529043,9195670,3.35,36474076,116
528,98000000,202007640,435040395,202007640,233032755,435040395,,,,68139035,2.96,384742458,129
529,97600000,117624357,224390706,117624357,106766349,224390706,8769590,10476233,19245823,31474958,3.74,138407298,152
530,97000000,77730500,183124621,77730500,105394121,183124621,,,,9496870,7.1,142148142,155
531,97000000,74262031,238521247,74262031,164259216,238521247,4508008,14863681,19371689,36160621,2.05,89246898,123
532,95000000,201151353,542351353,201151353,341200000,542351353,23087720,28492477,51580197,67877361,2.96,257225569,105
533,95000000,161321843,879765137,161321843,718443294,879765137,43662286,20709810,64372096,46629259,3.46,218470207,87
534,95000000,108638745,159691085,108638745,51052340,159691085,,,,179823,3.8,201598160,144
535,95000000,103974820,210651834,103974820,106677014,210651834,,,,30002525,3.47,103974820,92
536,95000000,95347692,294680778,95347692,199333086,294680778,29509092,4287587,33796679,31001870,3.08,130272257,146
537,95000000,88768303,223050874,88768303,134282571,223050874,44523234,10718913,55242147,31236067,2.84,121282923,119
538,95000000,86907746,104907746,86907746,18000000,104907746,16117162,5371864,21489026,26588460,3.27,117696665,85
539,95000000,81562942,165720921,81562942,84157979,165720921,30288271,10019528,40307799,22688457,3.59,111423902,98
540,95000000,63570862,263892271,63570862,200321409,263892271,,,,17031345,3.73,149301502,126
541,95000000,50802661,65700000,50802661,14897339,65700000,,,,12846652,3.95,101605316,89
542,95000000,44114232,94894448,44114232,50780216,94894448,12806597,1883935,14690532,116616,2.59,60299892,135
543,95000000,26410477,91669648,26410477,65259171,91669648,2622811,2903696,5526507,11203815,2.36,32913863,123
544,95000000,18550030,40989660,18550030,22439630,40989660,,,,3921773,4.73,18550030,124
545,95000000,17725785,108874967,17725785,91149182,108874967,4732408,3839741,8572149,7217640,2.46,22667138,102
546,94000000,381472917,1123837908,381472917,742364991,1123837908,,,,72629713,5.25,675766701,201
547,94000000,380529370,936094852,380529370,555565482,936094852,,,,70251710,5.42,662590921,100
548,94000000,345115396,921711177,345115396,576595781,921711177,,,,62007528,5.57,632379411,179
549,94000000,131144183,273330185,131144183,142186002,273330185,,,,47735743,2.75,249776373,100
550,94000000,128261724,404561724,128261724,276300000,404561724,18413316,20413193,38826509,36206331,3.54,164016773,129
551,93000000,318651105,894316394,318651105,575665289,894316394,,,,47211490,6.75,600598957,179
552,93000000,181166115,365900000,181166115,184733885,365900000,,,,50771645,3.57,345047825,93
553,93000000,176760185,470986200,176760185,294226015,470986200,42252245,34642397,76894642,54806191,3.23,240286858,120
554,92500000,71195053,162839667,71195053,91644614,162839667,28321564,,28321564,19004058,3.75,106891742,96
555,92000000,261441092,631441092,261441092,370000000,631441092,,,,70467623,3.71,453308217,115
556,92000000,67349198,304249198,67349198,236900000,304249198,15639781,13766985,29406766,24834845,2.71,89301887,98
557,92000000,22406362,23911362,22406362,1505000,23911362,,,,9124701,2.46,38895415,137
558,92000000,10017322,18517322,10017322,8500000,18517322,,,,2371415,3.53,24721796,124
559,91000000,58236838,187861183,58236838,129624345,187861183,10368957,5721284,16090241,12765508,4.56,77136441,114
560,90000000,404508916,961632807,404508916,557123891,961632807,37512745,32885765,70398510,36169328,8.08,481782735,119
561,90000000,250690539,587790539,250690539,337100000,587790539,,,,51068455,4.91,588765719,98
562,90000000,245852179,511358276,245852179,265506097,511358276,,,,300163,4.28,517197579,92
563,90000000,226164286,347425832,226164286,121261546,347425832,,,,67408222,3.36,430751056,90
564,90000000,209028679,498438212,209028679,289409533,498438212,52169951,27740914,79910865,62304277,3.35,295448355,133
565,90000000,204417855,424471663,204417855,220053808,424471663,13046061,15755029,28801090,62504105,3.27,240046237,124
566,90000000,196573705,886686817,196573705,690113112,886686817,98776644,21772205,120548849,41690382,4.72,282541935,93
567,90000000,190872904,405154426,190872904,214281522,405154426,4515060,5178723,9693783,72105176,2.65,195404554,122
568,90000000,190173195,374561597,190173195,184388402,374561597,11823865,40773237,52597102,35363376,5.38,224671823,117
569,90000000,186090535,485254377,186090535,299163842,485254377,3286386,3747313,7033699,12429515,11.07,187412111,102
570,90000000,155464351,288693989,155464351,133229638,288693989,,,,29702959,5.23,310928693,126
571,90000000,146066470,302536124,146066470,156469654,302536124,23308349,29407346,52715695,58018348,2.52,171524676,99
572,90000000,143619809,487517241,143619809,343897432,487517241,71455775,37394655,108850430,39225962,3.66,195236009,96
573,90000000,142502728,377426903,142502728,234924175,377426903,9784609,20390886,30175495,41082018,3.47,167701560,159
574,90000000,132384315,289660619,132384315,157276304,289660619,143767043,3331151,147098194,26887467,4.92,216929055,151
575,90000000,125305545,259736090,125305545,134430545,259736090,,,,40128550,3.12,250372291,98
576,90000000,120620254,303500000,120620254,182879746,303500000,,,,22745143,5.3,277246551,87
577,90000000,110515313,191145256,110515313,80629943,191145256,52752489,,52752489,25812796,4.28,165926892,106
578,90000000,102515793,239373970,102515793,136858177,239373970,25655578,13159049,38814627,12768604,6.92,139118972,160
579,90000000,100920329,165900000,100920329,64979671,165900000,,,,20584908,4.9,237019849,149
580,90000000,100018837,202910991,100018837,102892154,202910991,26051950,,26051950,38531374,2.6,150167556,113
581,90000000,100012499,366101666,100012499,266089167,366101666,,,,22162245,4.51,247847066,129
582,90000000,93657117,207557117,93657117,113900000,207557117,1794075,3042666,4836741,23003441,4.07,95880694,100
583,90000000,93432655,162122642,93432655,68689987,162122642,21969239,19533973,41503212,34703397,2.69,116439221,128
584,90000000,85886987,249517956,85886987,163630969,249517956,11003318,5981232,16984550,14287159,6.01,108843536,86
585,90000000,84052762,186049020,84052762,101996258,186049020,,,,329011,4.13,160086353,96
586,90000000,83107829,203932174,83107829,120824345,203932174,28186810,,28186810,21027007,3.95,123344232,120
587,90000000,78765986,244041804,78765986,165275818,244041804,12425025,7407032,19832057,24011616,3.28,100723286,105
588,90000000,78616689,235900000,78616689,157283311,235900000,,,,29352630,2.68,149732842,145
589,90000000,75817994,155750628,75817994,79932634,155750628,,,,24278410,3.12,135262373,88
590,90000000,73209340,191200000,73209340,117990660,191200000,,,,26414386,2.77,146418671,112
591,90000000,72708161,162753837,72708161,90045676,162753837,,,,22822455,3.19,122276742,128
592,90000000,68559554,200859554,68559554,132300000,200859554,27840906,21393539,49234445,14401054,4.76,90906490,105
593,90000000,65653758,157092943,65653758,91439185,157092943,,,,21783641,3.01,117371055,117
594,90000000,65075540,328325007,65075540,263249467,328325007,8387243,8406124,16793367,22383146,2.91,81099913,129
595,90000000,62362560,143049560,62362560,80687000,143049560,,,,21689125,2.88,118730629,127
596,90000000,61363304,169400000,61363304,108036696,169400000,,,,16278873,3.77,144116861,116
597,90000000,60874615,106000000,60874615,45125385,106000000,,,,22855247,2.66,121749223,112
598,90000000,58250803,273477501,58250803,215226698,273477501,4564032,9108814,13672846,23633317,2.46,68929056,118
599,90000000,58220776,87420776,58220776,29200000,87420776,,,,8234926,7.03,121275927,131
600,90000000,51877963,203653524,51877963,151775561,203653524,,,,15193907,3.41,90055462,126
601,90000000,47546796,120100000,47546796,72553204,120100000,,,,14581740,3.26,111667638,102
602,90000000,45630104,130298184,45630104,84668080,130298184,453958,733586,1187544,12891123,3.54,46713438,127
603,90000000,42885593,140900000,42885593,98014407,140900000,,,,14274503,3,100720407,107
604,90000000,35168966,65716126,35168966,30547160,65716126,,,,12778459,2.75,65253259,138
605,90000000,21295021,63356133,21295021,42061112,63356133,11386659,4924720,16311379,10021215,2.12,28948332,112
606,90000000,20377913,139877913,20377913,119500000,139877913,5666474,4310617,9977091,8674452,2.35,27701625,102
607,90000000,8224288,10551417,8224288,2327129,10551417,748106,233156,981262,4095718,2.01,9883805,134
608,90000000,195459,20466016,195459,20270557,20466016,,,,65944,2.96,267053,108
609,90000000,0,0,,,,,,,,,,117
610,90000000,0,0,,,,,,,,,,148
611,88000000,245219182,499230797,245219182,254011615,499230797,,,,41059405,5.97,596003120,114
612,88000000,61649911,105021488,61649911,43371577,105021488,,,,18320205,3.37,103679561,144
613,88000000,51024708,159487563,51024708,108462855,159487563,5967788,11489187,17456975,24632284,2.07,60378306,107
614,88000000,28264325,34677221,28264325,6412896,34677221,2425838,3550465,5976303,13367853,2.11,29959625,121
615,87500000,154696080,333132750,154696080,178436670,333132750,,,,56061504,2.76,260159701,106
616,87000000,165092266,350100280,165092266,185008014,350100280,,,,58003121,2.85,314433670,131
617,86203077,17297895,26874347,17297895,9576452,26874347,646614,1029844,1676458,8026475,2.16,17297895,93
618,86000000,120277854,148715342,120277854,28437488,148715342,,,,20854735,5.77,215024089,140
619,85900000,103368602,238534963,103368602,135166361,238534963,2696485,5909212,8605697,30030156,3.44,105822743,126
620,85100000,0,0,,,,,,,,,,101
621,85000000,233632142,427230516,233632142,193598374,427230516,,,,28883406,7.54,455439347,143
622,85000000,198000317,385000315,198000317,186999998,385000315,209973253,3953202,213926455,41533432,4.77,324129925,108
623,85000000,193590620,547699816,193590620,354109196,547699816,,,,57989905,3.34,193590620,94
624,85000000,183417150,450728529,183417150,267311379,450728529,,,,38107822,4.81,347788683,116
625,85000000,176087450,311001124,176087450,134913674,311001124,,,,52521865,3.35,305671923,108
626,85000000,172956409,315268353,172956409,142311944,315268353,,314827,314827,37132505,4.66,406178779,117
627,85000000,162790990,404534588,162790990,241743598,404534588,4435112,6241669,10676781,22326230,7.29,169427568,112
628,85000000,155064265,359347833,155064265,204283568,359347833,59581344,18279339,77860683,70950500,2.19,222879033,107
629,85000000,154529439,299477886,154529439,144948447,299477886,82963398,702322,83665720,45012998,3.43,232009381,88
630,85000000,151416153,288116153,151416153,136700000,288116153,6586531,7784192,14370723,31211579,4.85,155002095,159
631,85000000,150947895,276014965,150947895,125067070,276014965,38607364,25957366,64564730,54607747,2.76,199169922,140
632,85000000,148313048,377369679,148313048,229056631,377369679,67912812,32216146,100128958,42522194,3.49,200795481,91
633,85000000,140371656,363563907,140371656,223192251,363563907,8793425,22017749,30811174,53505326,2.62,165197215,132
634,85000000,127706877,340384141,127706877,212677264,340384141,93724215,,93724215,34440317,3.71,199582569,108
635,85000000,126181630,207884401,126181630,81702771,207884401,28060174,11331009,39391183,40172720,3.14,170884161,114
636,85000000,119725280,185708462,119725280,65983182,185708462,70101008,,70101008,34233750,3.5,187592805,115
637,85000000,117144465,311744465,117144465,194600000,311744465,49083756,,49083756,36133403,3.24,183549023,122
638,85000000,112735375,224614744,112735375,111879369,224614744,40143107,6086282,46229389,22100820,5.1,158233292,118
639,85000000,111549836,250649836,111549836,139100000,250649836,,,,20038573,5.57,253799318,127
640,85000000,85105259,191932158,85105259,106826899,191932158,98423787,,98423787,23624548,3.6,140066362,86
641,85000000,78046570,150422946,78046570,72376376,150422946,14918077,5097149,20015226,24025190,3.25,106089710,104
642,85000000,66941559,66941559,66941559,,,,,,19883351,3.37,133062078,100
643,85000000,64935167,173613482,64935167,108678315,173613482,25036609,5437507,30474116,18132085,3.58,87939834,95
644,85000000,63280000,204920447,63280000,141640447,204920447,82909150,,82909150,12778913,4.95,103104620,135
645,85000000,62615510,157794205,62615510,95178695,157794205,41766340,1306624,43072964,23973840,2.61,103052693,104
646,85000000,57010853,161510853,57010853,104500000,161510853,32902479,,32902479,682504,7.36,94840909,137
647,85000000,51396781,96971293,51396781,45574512,96971293,,,,13810266,3.72,97889978,131
648,85000000,50016394,137298489,50016394,87282095,137298489,,,,15338241,3.26,130235918,131
649,85000000,47641743,80831893,47641743,33190150,80831893,,,,18533765,2.57,85170473,105
650,85000000,46462469,147555243,46462469,101092774,147555243,15063427,5866934,20930361,12068931,3.85,63157530,100
651,85000000,44898413,345033359,44898413,300134946,345033359,4105112,8388289,12493401,20130142,2.23,53958180,110
652,85000000,44650003,44650003,44650003,,,,,,15017995,2.97,102440551,181
653,85000000,43585753,113026383,43585753,69440630,113026383,10781573,2332876,13114449,12279363,3.55,59550628,82
654,85000000,40048332,78353508,40048332,38305176,78353508,,,,15058432,2.66,74306540,109
655,85000000,37948765,78948765,37948765,41000000,78948765,,,,15011430,2.53,70410961,95
656,85000000,34687912,113487912,34687912,78800000,113487912,,,,12291536,2.82,85962221,96
657,85000000,33085015,49379547,33085015,16294532,49379547,18995846,11400091,30395937,10609795,3.12,44737571,112
658,85000000,33080084,83027938,33080084,49947854,83027938,21407554,,21407554,13395610,2.47,51831868,158
659,85000000,31111260,74120792,31111260,43009532,74120792,,,,12053131,2.58,55618461,137
660,85000000,28681080,35681080,28681080,7000000,35681080,,,,8776159,3.27,67359919,98
661,84000000,174340174,428796000,174340174,254455826,428796000,30220957,52233302,82454259,8805843,11.23,207205000,105
662,84000000,153294164,276294164,153294164,123000000,276294164,,,,54155312,2.83,284425309,86
663,84000000,123307945,166307945,123307945,43000000,166307945,,,,42518830,2.9,246615882,106
664,84000000,53262560,141507355,53262560,88244795,141507355,32768231,18070103,50838334,18048422,2.95,70623661,116
665,82500000,137355633,237685089,137355633,100329456,237685089,82010251,,82010251,40011365,3.43,226060104,106
666,82500000,82985708,143985708,82985708,61000000,143985708,86591359,,86591359,11457353,7.11,134204457,97
667,82500000,80172128,222640812,80172128,142468684,222640812,34649163,,34649163,27354808,2.93,120369857,88
668,82500000,75986503,160388063,75986503,84401560,160388063,45314711,8592590,53907301,34539115,2.2,114085581,120
669,82000000,158119460,191558505,158119460,33439045,191558505,,,,47606480,3.32,265916965,113
670,82000000,103068524,268268174,103068524,165199650,268268174,53716365,23618855,77335220,34825135,2.96,140821124,103
671,82000000,84158461,205358461,84158461,121200000,205358461,12312876,18908029,31220905,33010017,2.55,98826599,109
672,82000000,57300280,146281732,57300280,88981452,146281732,2945691,3735646,6681337,16000665,3.58,60737172,107
673,82000000,34543701,96024898,34543701,61481197,96024898,,,,13020883,2.65,69065821,124
674,81000000,242704995,484468608,242704995,241763613,484468608,,,,67953330,3.57,433890516,102
675,80000000,408010692,677923379,408010692,269912687,677923379,153379716,72734458,226114174,152535747,2.67,552557187,142
676,80000000,370549695,937706494,370549695,567156799,937706494,7326162,7700276,15026438,107010140,3.46,379326888,88
677,80000000,254464305,586764305,254464305,332300000,586764305,46067934,29939937,76007871,85946294,2.96,345917426,102
678,80000000,180981886,457697994,180981886,276716108,457697994,,12225983,12225983,45436830,3.98,441399260,111
679,80000000,175750384,310082280,175750384,134331896,310082280,20267564,25159108,45426672,53003468,3.32,211213952,106
680,80000000,169700110,474800000,169700110,305099890,474800000,24791067,17821836,42612903,48464322,3.5,216966807,89
681,80000000,162979405,266970061,162979405,103990656,266970061,,,,45687710,3.57,423262115,126
682,80000000,159214420,446449908,159214420,287235488,446449908,13266037,13769826,27035863,46652680,3.41,187078125,92
683,80000000,157138535,418138535,157138535,261000000,418138535,,,,43369635,3.62,331536819,125
684,80000000,155019340,343397247,155019340,188377907,343397247,133490065,,133490065,38457003,4.03,255131058,84
685,80000000,145771527,245799997,145771527,100028470,245799997,,,,35260212,4.13,270467645,85
686,80000000,140464664,349464664,140464664,209000000,349464664,,,,41152375,3.41,322859070,123
687,80000000,133668525,247023808,133668525,113355283,247023808,19855982,9891165,29747147,41508572,3.22,177238206,100
688,80000000,133107389,349088523,133107389,215981134,349088523,44734855,10542370,55277225,23244744,5.73,180764829,87
689,80000000,130319208,226739416,130319208,96420208,226739416,36660062,,36660062,38683480,3.37,195660320,110
690,80000000,128200012,260636271,128200012,132436259,260636271,,,,36045301,3.56,215600011,90
691,80000000,128012934,299461782,128012934,171448848,299461782,26540664,8580395,35121059,41062440,3.12,174902331,138
692,80000000,124685242,266685242,124685242,142000000,266685242,,,,16064723,7.76,220650570,123
693,80000000,120146040,168311558,120146040,48165518,168311558,30481667,5337148,35818815,31069826,3.87,180261079,88
694,80000000,112276146,241199984,112276146,128923838,241199984,,,,23387530,4.8,263689936,140
695,80000000,110101975,221468935,110101975,111366960,221468935,52667777,,52667777,27450296,4.01,163732828,99
696,80000000,105313091,350865342,105313091,245552251,350865342,,,,42003361,2.51,105313091,119
697,80000000,104054514,183354514,104054514,79300000,183354514,,,,22079481,4.71,193064992,116
698,80000000,103028109,214974953,103028109,111946844,214974953,19439043,4640693,24079736,30514732,3.38,140055862,115
699,80000000,102543518,182782518,102543518,80239000,182782518,,,,40310418,2.54,183319915,125
700,80000000,101440743,180585259,101440743,79144516,180585259,39473234,,39473234,29150721,3.48,152299894,117
701,80000000,101117573,224117573,101117573,123000000,224117573,,,,24131738,4.19,237483098,115
702,80000000,100246011,204774690,100246011,104528679,204774690,17590608,5321593,22912201,16411322,6.11,136727074,80
703,80000000,95632614,165173909,95632614,69541295,165173909,,,,14574213,6.56,168275962,147
704,80000000,94835059,158750817,94835059,63915758,158750817,44728288,18558180,63286468,32789494,2.89,129571859,118
705,80000000,92993801,177993801,92993801,85000000,177993801,,,,26725207,3.48,217909992,94
706,80000000,91188905,180188905,91188905,89000000,180188905,,,,33435140,2.73,193507155,114
707,80000000,90463534,250180384,90463534,159716850,250180384,,,,27528529,3.29,220179204,88
708,80000000,85817906,210221008,85817906,124403102,210221008,18124782,17674020,35798802,23702421,3.62,113210072,134
709,80000000,83240103,214244195,83240103,131004092,214244195,11074459,10878038,21952497,23045635,3.61,98497561,96
710,80000000,82226474,158926474,82226474,76700000,158926474,23265511,,23265511,20220412,4.07,135328455,93
711,80000000,80360866,170805525,80360866,90444659,170805525,14640863,3737893,18378756,20065617,4,109242127,101
712,80000000,79366978,237370350,79366978,158003372,237370350,32746420,,32746420,30480153,2.6,118844380,103
713,80000000,76118990,142783718,76118990,66664728,142783718,,252453,252453,19313566,3.94,178771822,129
714,80000000,74339294,164800000,74339294,90460706,164800000,,,,16485276,4.51,170869414,102
715,80000000,73215310,106515310,73215310,33300000,106515310,,,,17770036,4.12,135845270,84
716,80000000,69772969,147080413,69772969,77307444,147080413,,,,18145632,3.85,132889146,97
717,80000000,69117629,136047317,69117629,66929688,136047317,,,,20154919,3.43,158867383,130
718,80000000,65948711,96135872,65948711,30187161,96135872,,,,20018620,3.29,114481013,130
719,80000000,64038616,181038616,64038616,117000000,181038616,41989933,,41989933,20574802,3.11,105200317,126
720,80000000,63313159,131159306,63313159,67846147,131159306,,,,20131130,3.15,106476723,98
721,80000000,60507228,60518248,60507228,11020,60518248,,,,2290525,19.27,121293994,75
722,80000000,59908565,100378271,59908565,40469706,100378271,34706180,,34706180,10033960,5.45,96636534,160
723,80000000,56684819,98983590,56684819,42298771,98983590,,,,22610437,2.51,105174240,96
724,80000000,55485043,71485043,55485043,16000000,71485043,,,,15833592,3.5,127532779,113
725,80000000,50632037,50632037,50632037,,,,,,10602042,4.78,112411285,114
726,80000000,50188370,135154826,50188370,84966456,135154826,3219896,6546093,9765989,19001398,2.64,59064472,124
727,80000000,45575336,141475336,45575336,95900000,141475336,30187531,,30187531,16328506,2.79,76646188,126
728,80000000,43817106,100298817,43817106,56481711,100298817,,,,15335860,2.86,43817106,116
729,80000000,40774679,104272136,40774679,63497457,104272136,,,,14079512,2.9,40774682,133
730,80000000,39442871,58270391,39442871,18827520,58270391,,,,16063904,2.46,78829030,91
731,80000000,38577772,119668350,38577772,81090578,119668350,12679198,4478235,17157433,14902692,2.59,55449118,89
732,80000000,38311134,98341932,38311134,60030798,98341932,,,,13408351,2.86,72967136,101
733,80000000,37899638,105299638,37899638,67400000,105299638,,,,15092079,2.51,63737612,120
734,80000000,37771017,101371017,37771017,63600000,101371017,,,,9384272,4.02,91761247,103
735,80000000,37384046,99010667,37384046,61626621,99010667,43241618,,43241618,9684809,3.86,61526710,82
736,80000000,36076121,123368842,36076121,87292721,123368842,8553225,4048590,12601815,7091938,4.96,47804524,87
737,80000000,34566746,66554547,34566746,31987801,66554547,,206260,206260,46668,3.06,65867719,145
738,80000000,32908290,158908290,32908290,126000000,158908290,,,,10015875,3.29,79921594,115
739,80000000,27367660,130818912,27367660,103451252,130818912,10990922,7970468,18961390,10812861,2.53,34996839,98
740,80000000,23169033,108469033,23169033,85300000,108469033,4161367,4809732,8971099,10340823,2.24,30570635,102
741,80000000,21471685,29725663,21471685,8253978,29725663,,,,11548898,1.86,42943370,118
742,80000000,20950820,54540662,20950820,33589842,54540662,,,,9317371,2.25,37440244,91
743,80000000,19676965,56984219,19676965,37307254,56984219,5940198,1011395,6951593,257232,3.61,27860964,118
744,80000000,19480739,26703184,19480739,7222445,26703184,,,,8440629,2.31,34807208,116
745,80000000,19422319,86787530,19422319,67365211,86787530,6584291,1969218,8553509,6058958,3.21,26536447,84
746,80000000,18319860,69131860,18319860,50812000,69131860,,,,6162640,2.97,41722621,96
747,80000000,17650704,20841123,17650704,3190419,20841123,,,,5260324,3.36,41290612,
748,80000000,17480890,33463969,17480890,15983079,33463969,,,,8721296,2,34941203,106
749,80000000,15132763,113325743,15132763,98192980,113325743,13213394,,13213394,4294936,3.52,23710923,94
750,80000000,15074191,40147042,15074191,25072851,40147042,5172575,,5172575,5951409,2.53,23619152,99
751,80000000,14947969,29400826,14947969,14452857,29400826,,,,6444896,2.32,15302857,134
752,80000000,1900451,6300451,1900451,4400000,6300451,,,,917398,2.07,3196076,103
753,80000000,0,6628721,,6628721,6628721,,,,,,,101
754,79300000,423981226,988389726,423981226,564408500,988389726,,,,1586753,10.37,981448779,87
755,79000000,103860290,318146162,103860290,214285872,318146162,22019618,8987642,31007260,27335363,3.8,140655015,52
756,79000000,74158157,150519217,74158157,76361060,150519217,12722355,2350197,15072552,25003575,2.97,100797592,90
757,78000000,170708996,317668058,170708996,146959062,317668058,,,,367151,10.3,318594837,134
758,78000000,143891790,324778862,143891790,180887072,324778862,,,,35790150,4.02,143891790,102
759,78000000,119793567,274392649,119793567,154599082,274392649,29404229,20578744,49982973,34017930,3.52,158826505,95
760,78000000,92955420,206455420,92955420,113500000,206455420,,,,36540945,2.54,172471495,124
761,78000000,67286731,108086731,67286731,40800000,108086731,,,,18829435,3.57,116803693,136
762,78000000,66465204,179265204,66465204,112800000,179265204,,,,23075892,2.88,118821698,110
763,78000000,41814863,43957541,41814863,2142678,43957541,,,,18054001,2.32,72586828,114
764,77600000,0,60680125,,60680125,60680125,,,,,,,110
765,77500000,1311213,102027275,1311213,100716062,102027275,,15964,15964,116927,9.18,1634086,108
766,77500000,0,1521672,,1521672,1521672,2559290,917620,3476910,,,,105
767,77000000,102084362,190376181,102084362,88291819,190376181,13187908,12943130,26131038,36011640,2.83,120797953,129
768,76000000,368065385,975216835,368065385,607151450,975216835,133462207,116649424,250111631,84227980,4.37,488036774,98
769,76000000,127120058,236410607,127120058,109290549,236410607,,,,50472480,2.52,227256080,107
770,76000000,35552383,69845011,35552383,34292628,69845011,26473311,,26473311,501003,3.49,55808815,109
771,76000000,26000610,35129610,26000610,9129000,35129610,,,,6814270,3.82,52001211,92
772,75000000,369094830,886013000,369094830,516918170,886013000,50134008,51284186,101418194,104352905,3.54,459683250,91
773,75000000,306169255,817400878,306169255,511231623,817400878,,,,50228264,6.1,746720488,145
774,75000000,272961295,514330681,272961295,241369386,514330681,33601064,29061856,62662920,67572855,4.04,321644240,86
775,75000000,270329045,631064182,270329045,360735137,631064182,29792769,42522946,72315715,35258145,6.3,332279367,108
776,75000000,264624300,1032809657,264624300,768185357,1032809657,21741867,27157121,48898988,72434025,3.65,318021168,90
777,75000000,229086679,618638999,229086679,389552320,618638999,,,,72132785,3.18,538029272,134
778,75000000,195330621,651899282,195330621,456568661,651899282,135276218,2571555,137847773,68033544,2.87,321475425,91
779,75000000,193595521,556559566,193595521,362964045,556559566,,,,47224594,4.1,325578735,86
780,75000000,171016727,326685379,171016727,155668652,326685379,23115258,48315806,71431064,56818067,3.01,201262029,131
781,75000000,162001186,272222420,162001186,110221234,272222420,48043319,11974065,60017384,40506564,4,221340027,102
782,75000000,161412000,371741123,161412000,210329123,371741123,,,,47604606,3.39,280161463,90
783,75000000,157299717,296872367,157299717,139572650,296872367,,,,54471475,2.89,314599424,104
784,75000000,156248615,276148615,156248615,119900000,276148615,918584,1279194,2197778,58370007,2.68,156248615,116
785,75000000,134508551,342416460,134508551,207907909,342416460,72981576,,72981576,50927085,2.64,201950159,110
786,75000000,134069511,336069511,134069511,202000000,336069511,,,,25069525,5.35,326984005,136
787,75000000,129360575,203540177,129360575,74179602,203540177,7648204,12616806,20265010,44008406,2.94,136866653,125
788,75000000,120776832,196320329,120776832,75543497,196320329,,,,39852237,3.03,209657687,96
789,75000000,120634935,393439007,120634935,272804072,393439007,10645829,10971605,21617434,34952180,3.45,142749127,114
790,75000000,118871849,202822861,118871849,83951012,202822861,104955283,,104955283,27476745,4.33,186255600,115
791,75000000,117723989,342769200,117723989,225045211,342769200,19555056,15558654,35113710,29350389,4.01,156096502,116
792,75000000,103365956,155620350,103365956,52254394,155620350,54530489,,54530489,378950,7.33,164885921,130
793,75000000,99215042,197744377,99215042,98529335,197744377,10611815,14214394,24826209,24585139,4.04,117402641,104
794,75000000,97387965,97387965,97387965,,,,,,21889138,4.45,206661860,78
795,75000000,83504017,211562435,83504017,128058418,211562435,20061165,16172855,36234020,32206425,2.59,113510576,110
796,75000000,77073959,218673959,77073959,141600000,218673959,,378220,378220,19053199,4.05,133793437,128
797,75000000,75976178,221593554,75976178,145617376,221593554,,,,29769098,2.55,127772720,121
798,75000000,73865530,162759437,73865530,88893907,162759437,3688316,7571754,11260070,39005895,1.89,75619221,108
799,75000000,73661010,141267370,73661010,67606360,141267370,76656425,3409996,80066421,22217226,3.32,121231395,91
800,75000000,68473360,213500000,68473360,145026640,213500000,,,,15507845,4.42,135363608,124
801,75000000,66661095,119512771,66661095,52851676,119512771,18601808,,18601808,9656250,5.55,102814714,97
802,75000000,64062587,73521587,64062587,9459000,73521587,,,,20414775,3.14,135943831,108
803,75000000,60761390,188668889,60761390,127907499,188668889,9779248,11326827,21106075,20612100,2.95,71497800,85
804,75000000,59098421,128317666,59098421,69219245,128317666,,,,24613970,2.4,59098421,104
805,75000000,55849401,94944017,55849401,39094616,94944017,,,,23450212,2.38,93924577,
806,75000000,53809574,147474138,53809574,93664564,147474138,722259,879117,1601376,14423794,3.73,56863638,160
807,75000000,47379090,131492772,47379090,84113682,131492772,34629868,,34629868,4152260,6.26,78489536,164
808,75000000,47059963,95572749,47059963,48512786,95572749,18799435,2286047,21085482,15837266,2.97,64297385,100
809,75000000,45445109,110045109,45445109,64600000,110045109,5369357,3869600,9238957,13421036,3.39,58113665,106
810,75000000,43632458,85632458,43632458,42000000,85632458,,,,17057213,2.56,78002959,109
811,75000000,42285169,72785169,42285169,30500000,72785169,13382980,,13382980,18044396,2.34,69592985,110
812,75000000,42044321,54344321,42044321,12300000,54344321,,,,8817853,4.77,72387042,133
813,75000000,41523271,71523271,41523271,30000000,71523271,,,,13050700,3.18,79080592,123
814,75000000,39251128,39251128,39251128,,,,,,5223416,7.32,81520807,
815,75000000,37361412,127361412,37361412,90000000,127361412,,,,10856442,3.44,92587587,134
816,75000000,36392502,89758389,36392502,53365887,89758389,8357291,11190596,19547887,19058199,1.91,49471770,110
817,75000000,34636443,77636443,34636443,43000000,77636443,,,,10214734,3.39,58249741,113
818,75000000,34343574,219519367,34343574,185175793,219519367,6093878,4939205,11033083,14860425,2.31,42795005,121
819,75000000,30207785,50409753,30207785,20201968,50409753,,,,11112632,2.72,54003294,115
820,75000000,22751979,36751979,22751979,14000000,36751979,,,,9376845,2.43,45503954,
821,75000000,21009180,34009180,21009180,13000000,34009180,,,,5019430,4.19,36237735,113
822,75000000,14623082,14623082,14623082,,,,,,6447237,2.27,33611253,
823,75000000,14570455,18902798,14570455,4332343,18902798,534475,873779,1408254,4621765,3.15,14916372,124
824,75000000,14010690,30626690,14010690,16616000,30626690,,,,6013640,2.33,29731337,99
825,75000000,5600000,33398822,5600000,27798822,33398822,,,,5600000,1,5600000,
826,75000000,5409517,5409517,5409517,,,,,,2685078,2.01,10302931,93
827,75000000,1115008,16288031,1115008,15173023,16288031,39343,,39343,656530,1.7,1312196,99
828,75000000,0,762858,,762858,762858,,,,,,,145
829,75000000,0,470000,,470000,470000,170310,67191,237501,,,,113
830,75000000,0,0,,,,,,,,,,
831,74000000,336045770,1157271759,336045770,821225989,1157271759,60281300,65491098,125772398,115718405,2.9,429724013,91
832,74000000,162994032,311013181,162994032,148019149,311013181,13958448,10834486,24792934,55365012,2.94,208431268,93
833,74000000,105344029,192327444,105344029,86983415,192327444,4630058,2747933,7377991,30453269,3.46,107845071,112
834,73243106,94999143,248099143,94999143,153100000,248099143,,,,30330771,3.13,189524549,107
835,73000000,148213377,162870525,148213377,14657148,162870525,88499124,642882,89142006,47042215,3.15,243929797,104
836,73000000,107509366,352288341,107509366,244778975,352288341,15844868,12466678,28311546,38155177,2.82,133982766,97
837,73000000,55591409,103891409,55591409,48300000,103891409,,,,16310373,3.41,127777259,99
838,73000000,37068294,50168294,37068294,13100000,50168294,,,,16586765,2.23,85201746,128
839,72500000,183135014,527071022,183135014,343936008,527071022,97413084,,97413084,74036787,2.47,286947010,86
840,72500000,70231041,109362966,70231041,39131925,109362966,21301469,,21301469,21589295,3.25,105444376,112
841,72500000,51855045,71880305,51855045,20025260,71880305,15521325,,15521325,22657780,2.29,74532985,146
842,72500000,47467250,86802457,47467250,39335207,86802457,34834447,974356,35808803,17135055,2.77,74374551,111
843,72000000,127630880,299350661,127630880,171719781,299350661,,,,12453275,7.5,127630880,
844,72000000,112950721,176101721,112950721,63151000,176101721,,,,25037039,4.51,215125216,87
845,72000000,75545647,209045244,75545647,133499597,209045244,,,,12908202,5.85,186879633,177
846,72000000,62647540,96947540,62647540,34300000,96947540,53139255,,53139255,27726210,2.26,105350396,122
847,72000000,32616869,54616869,32616869,22000000,54616869,,,,12174504,2.68,62121874,117
848,72000000,27796042,37306334,27796042,9510292,37306334,,,,4904339,5.13,52726877,152
849,72000000,19176754,62176754,19176754,43000000,62176754,,,,6144160,3.12,33289114,109
850,71682975,114197520,257641634,114197520,143444114,257641634,,,,50746142,2.25,198236589,109
851,71500000,144156605,294156605,144156605,150000000,294156605,,,,29014324,4.97,331344774,85
852,70702619,227969295,408250578,227969295,180281283,408250578,,,,60116619,3.79,422964317,106
853,70000000,441426807,935454538,441426807,494027731,935454538,,,,108037878,4.09,766038658,92
854,70000000,244082982,461630558,244082982,217547576,461630558,299241320,15004591,314245911,60119509,4.06,401712140,116
855,70000000,219614612,443483213,219614612,223868601,443483213,74732246,8544237,83276483,48875415,4.49,311133880,89
856,70000000,211593228,467561586,211593228,255968358,467561586,10653394,16584816,27238210,91062152,2.32,249014734,169
857,70000000,154112492,351500000,154112492,197387508,351500000,,,,11226239,10.62,404409954,103
858,70000000,152257509,310138178,152257509,157880669,310138178,,,,35055556,4.34,323086000,116
859,70000000,141930000,267200000,141930000,125270000,267200000,,,,44506103,3.19,263339995,124
860,70000000,140218711,297718711,140218711,157500000,297718711,9480646,6418094,15898740,41607378,3.37,165922914,110
861,70000000,136492681,308700000,136492681,172207319,308700000,,,,34216088,3.99,332233488,121
862,70000000,120774594,316802281,120774594,196027687,316802281,65961082,33175193,99136275,38054676,3.17,173593348,152
863,70000000,119654823,300854823,119654823,181200000,300854823,,,,13522535,7.86,307415686,135
864,70000000,118700272,180329865,118700272,61629593,180329865,,,,28007544,4.24,118700272,100
865,70000000,117323878,239813888,117323878,122490010,239813888,,,,21744661,5.4,299704115,124
866,70000000,116877597,207154748,116877597,90277151,207154748,,,,37062535,3.15,208945355,111
867,70000000,104029443,175807183,104029443,71777740,175807183,6612772,6371169,12983941,29651193,3.51,124979558,100
868,70000000,101068340,207068340,101068340,106000000,207068340,,,,30060467,3.36,213467500,105
869,70000000,100614858,202726605,100614858,102111747,202726605,,,,25015518,4.02,190669849,130
870,70000000,99112101,250700000,99112101,151587899,250700000,,,,249567,4.62,232773079,93
871,70000000,98927592,172836993,98927592,73909401,172836993,21014292,18756516,39770808,30373794,3.26,131173358,120
872,70000000,97459240,250901649,97459240,153442409,250901649,4623375,5044817,9668192,23950245,4.07,99542110,100
873,70000000,83552429,213463976,83552429,129911547,213463976,16628125,14072658,30700783,35573187,2.35,113580721,116
874,70000000,80281096,172543519,80281096,92262423,172543519,,,,38291056,2.1,139360735,101
875,70000000,79883359,156815529,79883359,76932170,156815529,30414958,13037335,43452293,7515402,5.54,108390981,146
876,70000000,78120196,114658262,78120196,36538066,114658262,,,,20212543,3.86,144945896,139
877,70000000,78031620,158702748,78031620,80671128,158702748,16502163,7679987,24182150,22003433,3.55,102959705,118
878,70000000,72679278,183353431,72679278,110674153,183353431,14372270,13692891,28065161,21311407,3.41,90564268,100
879,70000000,70187658,117800000,70187658,47612342,117800000,,,,22052836,3.18,159291651,98
880,70000000,66432867,123954323,66432867,57521456,123954323,,,,207377,4.81,115759542,125
881,70000000,65011757,131011757,65011757,66000000,131011757,,,,17911366,3.63,171771258,125
882,70000000,62321039,160379930,62321039,98058891,160379930,18736142,10803548,29539690,25306725,2.46,84399595,89
883,70000000,59281555,122737201,59281555,63455646,122737201,3675753,13225870,16901623,20433071,2.9,71243608,101
884,70000000,55991880,220241723,55991880,164249843,220241723,10495485,8140879,18636364,23514615,2.38,73879124,92
885,70000000,55011732,94973540,55011732,39961808,94973540,54280852,,54280852,18006064,3.06,90538385,139
886,70000000,54763229,54793434,54763229,30205,54793434,,,,9319797,5.88,147071702,140
887,70000000,52474616,137431619,52474616,84957003,137431619,16295030,2646802,18941832,19011188,2.76,71695355,127
888,70000000,48475290,70546865,48475290,22071575,70546865,7245404,1695607,8941011,17816230,2.72,65897051,110
889,70000000,42996140,88933562,42996140,45937422,88933562,21498456,,21498456,3470000,4.59,71641616,96
890,70000000,40934175,116625798,40934175,75691623,116625798,,,,13931285,2.94,93951872,120
891,70000000,38634938,137022245,38634938,98387307,137022245,26183997,,26183997,9169779,4.21,60535554,128
892,70000000,38518613,61031932,38518613,22513319,61031932,12496057,4697177,17193234,14437269,2.67,52164646,123
893,70000000,38014727,67387455,38014727,29372728,67387455,4123841,7099695,11223536,11397820,3.34,40294864,118
894,70000000,37945884,131445884,37945884,93500000,131445884,,,,10020378,3.79,89101777,131
895,70000000,37760080,49730854,37760080,11970774,49730854,,,,15580278,2.42,65548092,107
896,70000000,36793804,69792704,36793804,32998900,69792704,18656349,,18656349,13471488,2.73,57650750,122
897,70000000,33561137,60279822,33561137,26718685,60279822,,,,12752803,2.63,62239214,92
898,70000000,30157016,69157016,30157016,39000000,69157016,,,,11007367,2.74,55953978,116
899,70000000,28212337,58757178,28212337,30544841,58757178,29292355,,29292355,15488870,1.82,47446014,104
900,70000000,27569558,49252761,27569558,21683203,49252761,3254525,1971998,5226523,10288932,2.68,34358361,116
901,70000000,25135965,103735965,25135965,78600000,103735965,9590396,5968094,15558490,9885732,2.54,33328634,115
902,70000000,25124986,65409046,25124986,40284060,65409046,7565110,4510035,12075145,9352008,2.69,34154770,105
903,70000000,19870567,19870567,19870567,,,,,,7076110,2.81,45672639,96
904,70000000,19076815,33076815,19076815,14000000,33076815,,,,7771753,2.45,35395526,128
905,70000000,18990542,25852508,18990542,6861966,25852508,,,,9013548,2.11,35235454,98
906,70000000,18848538,58953319,18848538,40104781,58953319,8334750,4545673,12880423,8868318,2.13,24869913,98
907,70000000,18211013,73591500,18211013,55380487,73591500,19466116,,19466116,7133049,2.55,28534110,96
908,70000000,15753600,46247409,15753600,30493809,46247409,319469,388248,707717,5500990,2.86,15753600,91
909,70000000,14294842,14294842,14294842,,,,,,7010474,2.04,26522950,91
910,70000000,13596911,13596911,13596911,,,,,,5271248,2.58,25896589,95
911,70000000,8462347,20107933,8462347,11645586,20107933,1641958,442992,2084950,3747780,2.26,11165730,88
912,70000000,8005980,19665004,8005980,11659024,19665004,1779341,1477487,3256828,3901815,2.05,10237777,133
913,70000000,5946136,35417162,5946136,29471026,35417162,6901695,,6901695,3201420,1.86,9786159,114
914,70000000,619423,38992292,619423,38372869,38992292,,,,33262,10.03,846305,
915,70000000,0,0,,,,,,,,,,118
916,70000000,0,0,,,,,,,,,,
917,70000000,0,0,,,,,,,,,,
918,69000000,252756705,544707293,252756705,291950588,544707293,202634838,78871047,281505885,56397125,4.48,343763840,95
919,69000000,73026337,86796502,73026337,13770165,86796502,14471090,2432145,16903235,23527839,3.1,99774894,114
920,69000000,46874505,145951861,46874505,99077356,145951861,4019703,5282863,9302566,16853422,2.78,55467304,139
921,68000000,300531751,706101755,300531751,405570004,706101755,173399317,32876216,206275533,64832191,4.64,410612453,124
922,68000000,123277080,172039087,123277080,48762007,172039087,1020147,3653733,4673880,44366910,2.78,126203885,131
923,68000000,118471320,193500000,118471320,75028680,193500000,,,,31178526,3.8,219814247,124
924,68000000,81476385,217214143,81476385,135737758,217214143,13990236,11281216,25271452,33507870,2.43,104189261,115
925,68000000,71069884,113542091,71069884,42472207,113542091,,,,19018807,3.74,135359242,124
926,68000000,45060734,87173475,45060734,42112741,87173475,8477122,4431231,12908353,13535374,3.33,61255323,106
927,68000000,35324232,77224232,35324232,41900000,77224232,,,,10608297,3.33,87513776,110
928,68000000,33685268,75685268,33685268,42000000,75685268,,,,15027423,2.24,60220088,133
929,68000000,29762011,33462011,29762011,3700000,33462011,,,,10017865,2.97,63156387,121
930,68000000,28965197,60265197,28965197,31300000,60265197,,,,6712361,4.32,61117630,158
931,68000000,24449754,54462971,24449754,30013217,54462971,1180629,1641775,2822404,4954287,4.94,29248706,135
932,67972729,3900193,16400193,3900193,12500000,16400193,,,,1950793,2,4134130,116
933,67500000,214151550,351097803,214151550,136946253,351097803,84798251,31612285,116410536,70217070,3.05,289976416,101
934,67500000,39394666,118556530,39394666,79161864,118556530,23575394,,23575394,12884416,3.06,59141786,128
935,67500000,37519139,137489730,37519139,99970591,137489730,9677578,8662665,18340243,16306974,2.3,50811088,105
936,67000000,139051884,261067171,139051884,122015287,261067171,,,,52202495,2.66,139051888,99
937,67000000,23855569,47535251,23855569,23679682,47535251,2134791,4696455,6831246,7037017,3.39,28013393,98
938,67000000,18115927,18149997,18115927,34070,18149997,,,,7010333,2.58,44183188,101
939,67000000,5932060,25357771,5932060,19425711,25357771,,,,2746312,2.16,9294710,110
940,66000000,87707396,211700000,87707396,123992604,211700000,,,,20145595,4.35,186119233,112
941,66000000,83898313,189176423,83898313,105278110,189176423,,,,30138758,2.78,192840897,120
942,66000000,50701325,113461527,50701325,62760202,113461527,5437561,6963231,12400792,19153698,2.65,60932031,95
943,66000000,43568507,194169619,43568507,150601112,194169619,6247363,4633899,10881262,17844939,2.44,57486959,130
944,65000000,216335085,485035085,216335085,268700000,485035085,,,,30576104,7.08,492704600,169
945,65000000,182805123,374105123,182805123,191300000,374105123,,,,33614543,5.44,359213887,126
946,65000000,182207973,273346281,182207973,91138308,273346281,25018283,12807328,37825611,944308,7.1,245679563,149
947,65000000,176387405,386116343,176387405,209728938,386116343,,,,46312454,3.81,327273006,81
948,65000000,174304288,466281862,174304288,291977574,466281862,,,,27788331,6.27,366621030,136
949,65000000,173772767,335802271,173772767,162029504,335802271,,,,25353380,6.85,429529930,139
950,65000000,167500092,527361714,167500092,359861622,527361714,18931288,19729210,38660498,44076225,3.8,198205370,97
951,65000000,149260140,435292452,149260140,286032312,435292452,47903576,37730135,85633711,27281735,5.47,200696165,158
952,65000000,139225854,172844592,139225854,33618738,172844592,,,,29008696,4.8,258258487,105
953,65000000,119394839,261399684,119394839,142004845,261399684,,,,25533700,4.68,304980828,113
954,65000000,115821495,250800000,115821495,134978505,250800000,,,,18426749,6.29,259547678,119
955,65000000,115637895,163527824,115637895,47889929,163527824,11298218,9121999,20420217,30621445,3.78,150407778,137
956,65000000,110825712,233844106,110825712,123018394,233844106,16774403,7707798,24482201,29085719,3.81,141720186,115
957,65000000,100539043,211739043,100539043,111200000,211739043,28116838,10007285,38124123,32689406,3.08,137356119,95
958,65000000,100468793,128107642,100468793,27638849,128107642,69671961,,69671961,30940732,3.25,150843117,95
959,65000000,100458310,262758310,100458310,162300000,262758310,,1404798,1404798,11084370,5.66,247279553,100
960,65000000,93828745,233700000,93828745,139871255,233700000,,,,22525855,4.17,215666060,140
961,65000000,90454043,128874043,90454043,38420000,128874043,,,,18093776,5,180881910,130
962,65000000,85911262,139829625,85911262,53918363,139829625,11597139,6608759,18205898,15861939,5.21,112178092,118
963,65000000,84049211,255000000,84049211,170950789,255000000,,,,20458022,4.11,218852768,118
964,65000000,76233151,137768975,76233151,61535824,137768975,12240199,15532447,27772646,21514095,3.54,95005013,103
965,65000000,70645997,148345997,70645997,77700000,148345997,,,,15583510,4.53,172299510,108
966,65000000,70278893,163295654,70278893,93016761,163295654,37535827,,37535827,18730762,3.75,115665099,129
967,65000000,69688384,69688384,69688384,,,,,,12687726,5.49,139376765,104
968,65000000,63803100,141205169,63803100,77402069,141205169,,,,11528498,5.53,113347679,117
969,65000000,59650222,180148897,59650222,120498675,180148897,5762610,2925668,8688278,17435092,3.42,80782582,83
970,65000000,58568815,214766238,58568815,156197423,214766238,13908009,15163553,29071562,9724200,6.02,65777965,95
971,65000000,55791346,104364755,55791346,48573409,104364755,,,,21706163,2.57,118255910,159
972,65000000,54760791,156974557,54760791,102213766,156974557,12865358,4002517,16867875,17405930,3.15,74160967,120
973,65000000,53862963,168065700,53862963,114202737,168065700,4610291,3399666,8009957,18685137,2.88,68878142,105
974,65000000,52397389,131353165,52397389,78955776,131353165,,,,16061271,3.26,90723294,113
975,65000000,44806783,48164150,44806783,3357367,48164150,12766848,9109077,21875925,14276668,3.14,60654209,93
976,65000000,43545364,43545364,43545364,,,26910732,,26910732,6114264,5.38,70213158,
977,65000000,43482270,221297061,43482270,177814791,221297061,4607641,5120462,9728103,7222035,3.28,55603660,121
978,65000000,42345531,240647629,42345531,198302098,240647629,16322873,7813276,24136149,21052227,2.01,57347336,95
979,65000000,41657076,152255188,41657076,110598112,152255188,3171179,4197624,7368803,10354073,4.02,49024368,96
980,65000000,39017984,39017984,39017984,,,,,,12045395,3.24,89683121,
981,65000000,37030102,100820947,37030102,63790845,100820947,,,,11035485,3.36,78516766,139
982,65000000,36316032,72516819,36316032,36200787,72516819,25980227,,25980227,12621090,2.88,54524626,110
983,65000000,33447612,33447612,33447612,,,,,,10183230,3.28,81548921,81
984,65000000,32598931,62761005,32598931,30162074,62761005,,,,10207869,3.19,64859595,135
985,65000000,28045540,58545540,28045540,30500000,58545540,22193748,,22193748,13427872,2.09,47165508,95
986,65000000,26900336,38253433,26900336,11353097,38253433,,,,10833633,2.48,48050136,136
987,65000000,24409722,56824633,24409722,32414911,56824633,,,,12804793,1.91,41050973,97
988,65000000,19551067,41636243,19551067,22085176,41636243,10299445,602200,10901645,6702923,2.92,28094383,100
989,65000000,19075290,74575290,19075290,55500000,74575290,7808824,5509271,13318095,8610441,2.22,25169101,92
990,65000000,17291078,39177495,17291078,21886417,39177495,1075869,2685859,3761728,7008297,2.47,20304766,95
991,65000000,17218916,17218916,17218916,,,,,,7082820,2.43,44090232,95
992,65000000,13757804,40650842,13757804,26893038,40650842,3878312,2731595,6609907,6317683,2.18,18152884,101
993,65000000,10378555,21774432,10378555,11395877,21774432,767156,806364,1573520,33336,2.03,12476998,129
994,65000000,10014234,10014234,10014234,,,,,,4536625,2.21,20028464,105
995,65000000,2070920,26670920,2070920,24600000,26670920,,,,68447,2.33,3482759,
996,65000000,74070,122519874,74070,122445804,122519874,,,,30346,2.44,94713,126
997,65000000,0,516279,,516279,516279,,,,,,,97
998,65000000,0,0,,,,,,,,,,116
999,65000000,0,0,,,,987611,2781565,3769176,,,,99
"1,000",64000000,58636047,101636047,58636047,43000000,101636047,33319301,,33319301,21613176,2.71,96503293,
"1,001",64000000,48947356,113350187,48947356,64402831,113350187,1982795,1434926,3417721,16627491,2.94,51883234,97
"1,002",64000000,31054924,63200000,31054924,32145076,63200000,,,,13012585,2.39,65900016,
"1,003",63700000,2223293,133603463,2223293,131380170,133603463,11674521,,11674521,37079,3.75,3488117,147
"1,004",63000000,415404543,1058454230,415404543,643049687,1058454230,,,,50159460,8.28,1003158330,126
"1,005",63000000,213117789,296338663,213117789,83220874,296338663,,,,73071188,2.92,395423358,94
"1,006",63000000,108085305,188494082,108085305,80408777,188494082,45913119,14301463,60214582,37543710,2.88,146930592,95
"1,007",63000000,36249674,68310140,36249674,32060466,68310140,4196047,4988795,9184842,14846778,2.44,43564265,112
"1,008",63000000,25052000,25052000,25052000,,,,,,7543504,3.32,66191313,190
"1,009",62000000,122012656,207500000,122012656,85487344,207500000,,,,20348017,6,322364322,144
"1,010",62000000,77086030,127630030,77086030,50544000,127630030,,,,19553310,3.94,154172057,116
"1,011",62000000,60022813,107822813,60022813,47800000,107822813,,,,10014558,5.99,148394753,113
"1,012",62000000,54117416,151813358,54117416,97695942,151813358,12564459,14522999,27087458,4610676,3.45,68388104,167
"1,013",62000000,32235793,40159017,32235793,7923224,40159017,9726296,,9726296,13907130,2.32,48398589,87
"1,014",62000000,15738632,18708848,15738632,2970216,18708848,,,,7160521,2.2,29975698,125
"1,015",61000000,167767189,367128535,167767189,199361346,367128535,16654960,9392984,26047944,37513109,4.47,221298459,149
"1,016",61000000,160215764,296650356,160215764,136434592,296650356,5659020,7370746,13029766,47547231,3.37,169825554,96
"1,017",61000000,118594548,145594548,118594548,27000000,145594548,49786318,,49786318,33014202,3.59,185821102,93
"1,018",61000000,81697192,310566162,81697192,228868970,310566162,13138359,13065774,26204133,30316510,2.69,104469444,131
"1,019",61000000,75612460,132493015,75612460,56880555,132493015,13181686,8307497,21489183,27059130,2.79,100258582,109
"1,020",61000000,58032443,265878536,58032443,207846093,265878536,4989397,7234444,12223841,24167011,2.4,68670659,114
"1,021",61000000,41952715,81152505,41952715,39199790,81152505,5084058,3485167,8569225,11251263,3.73,49372292,102
"1,022",60720000,3229457,525018479,3229457,521789022,525018479,,,,985052,3.28,4024681,94
"1,023",60000000,279167575,516567575,279167575,237400000,516567575,,,,46120980,6.05,478288625,114
"1,024",60000000,258364131,468155841,258364131,209791710,468155841,66048808,45262127,111310935,69050279,3.74,340630547,110
"1,025",60000000,210614939,454161935,210614939,243546996,454161935,265482355,10845269,276327624,70885301,2.97,330004216,115
"1,026",60000000,168213584,253555383,168213584,85341799,253555383,94732563,,94732563,39699023,4.24,263567205,99
"1,027",60000000,143153751,247812011,143153751,104658260,247812011,70479589,826350,71305939,36357586,3.94,212592499,116
"1,028",60000000,136801374,290701374,136801374,153900000,290701374,,,,18017152,7.59,282961568,187
"1,029",60000000,125618201,264118201,125618201,138500000,264118201,,,,31542121,3.98,288734366,104
"1,030",60000000,125070033,238524556,125070033,113454523,238524556,15898035,12335210,28233245,35028301,3.57,155863460,96
"1,031",60000000,121468960,214357371,121468960,92888411,214357371,,,,27118640,4.48,225376134,118
"1,032",60000000,116472020,167222848,116472020,50750828,167222848,51436057,18871006,70307063,16849640,6.91,149442342,100
"1,033",60000000,109205660,172450423,109205660,63244763,172450423,39674242,7730079,47404321,34286740,3.19,156915631,113
"1,034",60000000,106429941,356429933,106429941,249999992,356429933,,,,26205007,4.06,263249411,130
"1,035",60000000,106126012,176262839,106126012,70136827,176262839,,44180,44180,19457944,5.45,189724443,111
"1,036",60000000,104148781,164285587,104148781,60136806,164285587,,,,27623580,3.77,186189691,92
"1,037",60000000,102705852,149705852,102705852,47000000,149705852,,,,22332053,4.6,217946666,116
"1,038",60000000,101413188,218613188,101413188,117200000,218613188,,,,14524321,6.71,226946381,98
"1,039",60000000,100170152,217602967,100170152,117432815,217602967,,,,24701458,4.06,173886348,120
"1,040",60000000,93375151,200700000,93375151,107324849,200700000,,,,21707617,4.3,177841713,83
"1,041",60000000,93354918,199043309,93354918,105688391,199043309,,,,14328494,6.02,171551206,101
"1,042",60000000,91956547,254816479,91956547,162859932,254816479,,,,24006629,3.83,91956547,101
"1,043",60000000,90757863,152457863,90757863,61700000,152457863,,,,17195160,5.28,208354891,83
"1,044",60000000,90580000,165890634,90580000,75310634,165890634,,,,36075875,2.51,168064092,94
"1,045",60000000,90380162,196439693,90380162,106059531,196439693,42930196,18066158,60996354,21761408,4.15,123479154,110
"1,046",60000000,88200225,170200225,88200225,82000000,170200225,,,,28103367,3.14,153107629,101
"1,047",60000000,82670733,157670733,82670733,75000000,157670733,,,,15490445,5.34,211182582,107
"1,048",60000000,82571173,135015330,82571173,52444157,135015330,26862084,,26862084,9309387,5.7,137704291,94
"1,049",60000000,80574010,206598789,80574010,126024779,206598789,37006816,3741062,40747878,23104523,3.49,110087182,134
"1,050",60000000,80070736,217370736,80070736,137300000,217370736,16628975,13630471,30259446,15210156,5.26,108002147,130
"1,051",60000000,77906816,130968579,77906816,53061763,130968579,,,,22751490,3.42,135239196,146
"1,052",60000000,75764085,124715863,75764085,48951778,124715863,,,,15104055,5.02,148416032,125
"1,053",60000000,75658097,137203939,75658097,61545842,137203939,14634457,6258653,20893110,22403596,3.38,102849220,105
"1,054",60000000,75530832,100230832,75530832,24700000,100230832,,,,13584625,5.56,156645571,164
"1,055",60000000,75383563,186883563,75383563,111500000,186883563,,,,13685488,5.19,173269678,169
"1,056",60000000,74541707,102332848,74541707,27791141,102332848,,,,22088204,3.37,129361337,114
"1,057",60000000,73648228,165048228,73648228,91400000,165048228,,,,19107643,3.85,156285012,105
"1,058",60000000,72091016,261183588,72091016,189092572,261183588,46399341,12070848,58470189,23234394,3.1,103618815,111
"1,059",60000000,68275985,168576981,68275985,100300996,168576981,2635825,2335456,4971281,16509095,4.14,69895849,104
"1,060",60000000,66723216,90558582,66723216,23835366,90558582,,,,16580209,4.02,119282953,89
"1,061",60000000,64506874,162778384,64506874,98271510,162778384,22429062,,22429062,30517109,2.11,96850150,90
"1,062",60000000,62524260,195194085,62524260,132669825,195194085,8772630,11030223,19802853,21635601,2.89,77920406,99
"1,063",60000000,61322858,71719931,61322858,10397073,71719931,,,,15011181,4.09,122645709,127
"1,064",60000000,61123569,87123569,61123569,26000000,87123569,29602497,,29602497,16310058,3.75,100597257,98
"1,065",60000000,60592389,129832389,60592389,69240000,129832389,,,,12112267,3.51,147474410,89
"1,066",60000000,59623958,99823958,59623958,40200000,99823958,,,,23172440,2.57,103501809,122
"1,067",60000000,58697076,159946489,58697076,101249413,159946489,7392422,8228525,15620947,22872490,2.57,73145351,118
"1,068",60000000,58060186,175863783,58060186,117803597,175863783,4714661,4585565,9300226,18503871,3.14,69775781,119
"1,069",60000000,57833603,57833603,57833603,,,,,,16863988,3.43,132930961,138
"1,070",60000000,56709981,56709981,56709981,,,,,,70079,3.74,120382459,120
"1,071",60000000,56451232,101134059,56451232,44682827,101134059,4188888,2396237,6585125,17015168,3.32,71272681,124
"1,072",60000000,56003051,108119662,56003051,52116611,108119662,16496636,8408560,24905196,14087050,3.98,75843326,96
"1,073",60000000,54956941,159356941,54956941,104400000,159356941,,,,15164595,3.62,128980673,124
"1,074",60000000,53789313,98819789,53789313,45030476,98819789,,,,13462374,4,95375867,115
"1,075",60000000,51045801,100645801,51045801,49600000,100645801,,,,11101955,4.6,124496312,124
"1,076",60000000,50877145,90482317,50877145,39605172,90482317,27773197,,27773197,10103675,5.04,75924359,93
"1,077",60000000,50837305,111898741,50837305,61061436,111898741,8960090,8377712,17337802,17275239,2.94,67068956,96
"1,078",60000000,50586000,104429625,50586000,53843625,104429625,,,,15051028,3.36,93831481,98
"1,079",60000000,50577412,131377412,50577412,80800000,131377412,8091071,8294763,16385834,15451981,3.27,66734937,105
"1,080",60000000,50024083,104324083,50024083,54300000,104324083,,,,12624402,3.96,123967725,100
"1,081",60000000,48478006,101292343,48478006,52814337,101292343,,,,14043215,3.45,81527749,115
"1,082",60000000,47836282,70893782,47836282,23057500,70893782,1028588,1322179,2350767,7768371,6.16,56488418,132
"1,083",60000000,47802866,160707848,47802866,112904982,160707848,,,,16474092,2.9,112186113,109
"1,084",60000000,47003582,95538560,47003582,48534978,95538560,58986289,188149,59174438,14523571,3.24,73648044,126
"1,085",60000000,46850558,68336997,46850558,21486439,68336997,,,,13104694,3.58,107580724,104
"1,086",60000000,46000903,104100903,46000903,58100000,104100903,9684822,6731237,16416059,17070347,2.69,60995040,110
"1,087",60000000,45020282,197578586,45020282,152558304,197578586,5892721,3558440,9451161,13210449,3.41,54104648,90
"1,088",60000000,44936545,105523737,44936545,60587192,105523737,2988783,4404943,7393726,16006065,2.81,53173999,141
"1,089",60000000,43337279,57604723,43337279,14267444,57604723,17680686,2119639,19800325,19610304,2.21,62290106,97
"1,090",60000000,43313890,82812456,43313890,39498566,82812456,14571973,4159974,18731947,17214384,2.52,59179182,120
"1,091",60000000,43254409,67312826,43254409,24058417,67312826,,,,18513305,2.34,80023055,116
"1,092",60000000,43061982,82150183,43061982,39088201,82150183,,,,15632281,2.75,79898126,101
"1,093",60000000,42194060,108996113,42194060,66802053,108996113,18072223,2069949,20142172,12286129,3.43,60460525,97
"1,094",60000000,40572825,81079566,40572825,40506741,81079566,11716245,1292243,13008488,13965110,2.91,58316674,125
"1,095",60000000,40081410,78481410,40081410,38400000,78481410,16872358,,16872358,16288361,2.46,60177938,110
"1,096",60000000,37491364,124514011,37491364,87022647,124514011,16262606,2786005,19048611,8611147,4.35,53397016,135
"1,097",60000000,37017955,88832210,37017955,51814255,88832210,15034265,2867475,17901740,14071280,2.63,53207137,127
"1,098",60000000,36850101,36850101,36850101,,,,,,11181043,3.3,78197646,94
"1,099",60000000,36280697,78080697,36280697,41800000,78080697,18113897,,18113897,14367854,2.53,59710819,
"1,100",60000000,35763137,47818913,35763137,12055776,47818913,14377456,6654556,21032012,12162040,2.94,48432988,111
"1,101",60000000,35327628,121327628,35327628,86000000,121327628,,,,12525075,2.82,63154555,100
"1,102",60000000,33956608,33956608,33956608,,,,,,9064143,3.75,79749933,110
"1,103",60000000,32983332,32983332,32983332,,,,,,10104715,3.26,75812431,111
"1,104",60000000,32522352,47371191,32522352,14848839,47371191,,,,2314646,4.7,64989041,123
"1,105",60000000,32138862,62599159,32138862,30460297,62599159,2561483,3110269,5671752,11030233,2.91,37822805,118
"1,106",60000000,32122249,54994757,32122249,22872508,54994757,,,,11034422,2.91,59509287,96
"1,107",60000000,31853584,38522450,31853584,6668866,38522450,11119208,1570736,12689944,9716458,3.28,45784223,117
"1,108",60000000,31165421,75965567,31165421,44800146,75965567,10311121,3955856,14266977,9336957,3.34,41323890,130
"1,109",60000000,30695227,39235486,30695227,8540259,39235486,,,,11516712,2.67,61390451,123
"1,110",60000000,30063805,30317425,30063805,253620,30317425,,,,10216025,2.94,55781035,103
"1,111",60000000,29136626,84154026,29136626,55017400,84154026,6180931,6504840,12685771,14953664,1.95,39608167,87
"1,112",60000000,28426747,147985373,28426747,119558626,147985373,18852378,,18852378,7288977,3.9,46784780,86
"1,113",60000000,26873932,71073932,26873932,44200000,71073932,,,,12712272,2.11,45195161,101
"1,114",60000000,26673242,26673954,26673242,712,26673954,,,,9511915,2.8,62644337,95
"1,115",60000000,26483452,80767884,26483452,54284432,80767884,,,,6874477,3.85,47345199,85
"1,116",60000000,25473093,49473093,25473093,24000000,49473093,,,,9939251,2.56,42839300,105
"1,117",60000000,23385416,48585416,23385416,25200000,48585416,,,,10305957,2.27,53751549,89
"1,118",60000000,22672813,49238525,22672813,26565712,49238525,12774239,,12774239,10005895,2.27,37314948,121
"1,119",60000000,22508689,35319689,22508689,12811000,35319689,,,,8311290,2.71,47764498,123
"1,120",60000000,19806188,39006188,19806188,19200000,39006188,20544122,,20544122,6463278,3.06,29604747,102
"1,121",60000000,18208078,20541668,18208078,2333590,20541668,,,,7088213,2.57,34678980,132
"1,122",60000000,17303424,66655938,17303424,49352514,66655938,9333968,,9333968,7601379,2.28,24870786,106
"1,123",60000000,15162470,47853893,15162470,32691423,47853893,5079815,8500268,13580083,2201269,6.89,16645570,103
"1,124",60000000,14218868,14816494,14218868,597626,14816494,,,,6731940,2.11,28437726,90
"1,125",60000000,13090630,14816379,13090630,1725749,14816379,25207986,,25207986,6004219,2.18,21544574,139
"1,126",60000000,12600231,29575033,12600231,16974802,29575033,3922580,1543194,5465774,7297694,1.73,16625509,118
"1,127",60000000,12069719,12069719,12069719,,,,,,5106919,2.36,27742330,113
"1,128",60000000,11803254,50648806,11803254,38845552,50648806,,,,5251918,2.25,17721317,90
"1,129",60000000,11338107,37537773,11338107,26199666,37537773,423661,961076,1384737,2811703,4.03,11881975,150
"1,130",60000000,10166502,10597070,10166502,430568,10597070,,,,3376009,3.01,17097479,132
"1,131",60000000,9420546,24148488,9420546,14727942,24148488,1815871,1171672,2987543,3704749,2.54,11321458,80
"1,132",60000000,8286741,21245954,8286741,12959213,21245954,,,,2919717,2.84,8483472,108
"1,133",60000000,7696134,37360909,7696134,29664775,37360909,2264674,715146,2979820,4200586,1.83,9841547,107
"1,134",60000000,4810790,4810790,4810790,,,1701848,1195522,2897370,865824,5.56,5649270,91
"1,135",60000000,4775656,13233220,4775656,8457564,13233220,16206688,,16206688,2984524,1.6,7170134,127
"1,136",60000000,4426297,11427090,4426297,7000793,11427090,,,,2076402,2.13,7913005,127
"1,137",60000000,1090155,6951086,1090155,5860931,6951086,572915,633961,1206876,556794,1.96,1090160,112
"1,138",60000000,709982,194058503,709982,193348521,194058503,39574,40708,80282,166391,4.27,884801,118
"1,139",60000000,300460,3377027,300460,3076567,3377027,767039,636917,1403956,133475,2.25,352819,113
"1,140",60000000,0,0,,,,156380,271499,427879,,,,
"1,141",60000000,0,0,,,,,,,,,,
"1,142",60000000,0,0,,,,,,,,,,102
"1,143",59000000,44143410,44143410,44143410,,,,,,8017438,5.51,112764438,104
"1,144",59000000,43242871,97459106,43242871,54216235,97459106,3608272,3666434,7274706,10604774,4.08,51169943,86
"1,145",59000000,16790790,28296983,16790790,11506193,28296983,1049423,1244150,2293573,7173887,2.34,19760333,132
"1,146",58000000,363070709,781947691,363070709,418876982,781947691,37269784,72901986,110171770,132434639,2.74,452474244,107
"1,147",58000000,350126372,547626372,350126372,197500000,547626372,38732905,41642889,80375794,633456,3.92,447820518,132
"1,148",58000000,80069458,158952243,80069458,78882785,158952243,12389837,8213690,20603527,23618556,3.39,102359657,103
"1,149",58000000,53715611,188715611,53715611,135000000,188715611,,,,16745418,3.21,140889113,
"1,150",58000000,53458319,87100000,53458319,33641681,87100000,,,,5563259,5.33,131588593,125
"1,151",58000000,49876377,50365498,49876377,489121,50365498,16795034,6563825,23358859,18782154,2.66,67546143,120
"1,152",58000000,48318130,100687083,48318130,52368953,100687083,37782959,,37782959,16408718,2.94,81258875,95
"1,153",58000000,44672764,93672764,44672764,49000000,93672764,7252812,6052995,13305807,17325307,2.58,59233987,119
"1,154",58000000,35231365,59431365,35231365,24200000,59431365,,,,10518435,3.35,70462726,90
"1,155",58000000,31373938,41348628,31373938,9974690,41348628,9290273,,9290273,12682595,2.47,47104601,114
"1,156",58000000,30234022,101815660,30234022,71581638,101815660,4869326,5371836,10241162,12501936,2.42,36334755,103
"1,157",58000000,29580087,80480566,29580087,50900479,80480566,9172212,547300,9719512,6616571,4.47,42213240,103
"1,158",58000000,1802521,31627370,1802521,29824849,31627370,,,,61070,7.71,2604804,134
"1,159",57500000,152647258,415247258,152647258,262600000,415247258,87080273,814082,87894355,56848056,2.69,229183490,145
"1,160",57500000,60128566,295874190,60128566,235745624,295874190,20373617,13666517,34040134,26650264,2.26,82152838,97
"1,161",57500000,36931089,58879681,36931089,21948592,58879681,6276289,1806951,8083240,13453714,2.75,50014716,115
"1,162",57000000,61007424,153007424,61007424,92000000,153007424,,,,12170536,5.01,143185124,144
"1,163",57000000,51774002,149217355,51774002,97443353,149217355,12378450,5574500,17952950,22115334,2.34,70116041,95
"1,164",57000000,51364680,104364680,51364680,53000000,104364680,,,,15027150,3.42,125274035,103
"1,165",57000000,28328132,38329114,28328132,10000982,38329114,,,,11100392,2.55,49163473,91
"1,166",57000000,25528495,62097495,25528495,36569000,62097495,,,,7209345,3.54,48621401,129
"1,167",56200000,128002372,212416317,128002372,84413945,212416317,19482805,9446644,28929449,31051923,4.12,167383141,124
"1,168",56000000,135560942,195484552,135560942,59923610,195484552,,,,42220847,3.21,242346086,106
"1,169",56000000,113006880,198006880,113006880,85000000,198006880,,,,30552694,3.7,190049007,95
"1,170",56000000,46213824,47856383,46213824,1642559,47856383,,,,15501114,2.98,80223024,86
"1,171",56000000,32766,340969819,32766,340937053,340969819,,,,21074,1.55,40824,118
"1,172",55000000,335451311,1063574394,335451311,728123083,1063574394,18436994,38494922,56931916,96202337,3.49,394773539,122
"1,173",55000000,330151138,679835137,330151138,349683999,679835137,,,,24450602,13.5,866499720,142
"1,174",55000000,217326974,362605033,217326974,145278059,362605033,141327776,1054926,142382702,44307417,4.9,336351114,91
"1,175",55000000,216303339,879088897,216303339,662785558,879088897,19364230,41586437,60950667,51061119,4.24,255783884,134
"1,176",55000000,177784257,366784257,177784257,189000000,366784257,,,,43142214,4.12,298988183,117
"1,177",55000000,166225040,330425040,166225040,164200000,330425040,,,,28623300,5.81,331982616,108
"1,178",55000000,162586036,307311093,162586036,144725057,307311093,94229774,,94229774,26541709,6.13,262518344,117
"1,179",55000000,141579773,347100000,141579773,205520227,347100000,,,,2689714,4.79,350856337,81
"1,180",55000000,134218018,300200000,134218018,165981982,300200000,,,,7465343,12.95,589211698,143
"1,181",55000000,128814019,273814019,128814019,145000000,273814019,,,,25411725,4.99,314166316,95
"1,182",55000000,114434010,381367046,114434010,266933036,381367046,14400016,17310832,31710848,46607250,2.46,137524923,118
"1,183",55000000,107136417,220648184,107136417,113511767,220648184,19194496,12850701,32045197,25718314,4.17,142042929,133
"1,184",55000000,105263257,174463257,105263257,69200000,174463257,,,,16540791,6.36,247219583,92
"1,185",55000000,104354205,232354205,104354205,128000000,232354205,,,,33369440,3.13,186556934,96
"1,186",55000000,102826543,351767147,102826543,248940604,351767147,4684291,5805082,10489373,28681472,3.59,123534499,114
"1,187",55000000,101530738,192903624,101530738,91372886,192903624,26466253,15359456,41825709,34137828,2.97,133959125,131
"1,188",55000000,100836847,282808653,100836847,181971806,282808653,,,,22091975,4.56,249570669,100
"1,189",55000000,100407760,371985018,100407760,271577258,371985018,18908287,13793242,32701529,38560195,2.6,118814012,120
"1,190",55000000,98711404,152269033,98711404,53557629,152269033,25719455,4628415,30347870,25207599,3.92,134868052,88
"1,191",55000000,93932896,163838217,93932896,69905321,163838217,,,,18711407,5.02,173093414,106
"1,192",55000000,91387195,159387195,91387195,68000000,159387195,,,,18612190,4.91,226472169,116
"1,193",55000000,89706988,214392904,89706988,124685916,214392904,42687901,,42687901,24629938,3.64,150843818,98
"1,194",55000000,83015089,212200000,83015089,129184911,212200000,,,,10068126,7.08,214205521,128
"1,195",55000000,78750909,198750909,78750909,120000000,198750909,,360279,360279,15369048,5.12,181009546,120
"1,196",55000000,76223578,250068640,76223578,173845062,250068640,14264326,8840010,23104336,18966676,4.02,97472135,95
"1,197",55000000,71724497,87473024,71724497,15748527,87473024,32384377,,32384377,16414767,4.37,118044277,98
"1,198",55000000,71565669,196565669,71565669,125000000,196565669,,,,16651018,4.3,188644642,121
"1,199",55000000,70098138,176469428,70098138,106371290,176469428,,,,22089322,3.17,125293439,110
"1,200",55000000,68224452,189624452,68224452,121400000,189624452,24194303,6040009,30234312,18445355,3.7,92743962,93
"1,201",55000000,66458769,98699769,66458769,32241000,98699769,,,,18062550,3.68,141028639,97
"1,202",55000000,66207920,153535982,66207920,87328062,153535982,,,,25104949,2.64,114930970,136
"1,203",55000000,63408614,63408614,63408614,,,,,,6628918,6.6,165430333,
"1,204",55000000,58422650,149022650,58422650,90600000,149022650,,,,12110355,4.82,151758102,104
"1,205",55000000,56932305,71189835,56932305,14257530,71189835,,,,19647065,2.9,113864602,110
"1,206",55000000,56679192,122079192,56679192,65400000,122079192,,,,12069780,4.7,138235670,133
"1,207",55000000,55750480,110387072,55750480,54636592,110387072,14096930,4775983,18872913,15805237,3.53,73916972,91
"1,208",55000000,54927174,158500000,54927174,103572826,158500000,,,,19449867,2.82,142678291,
"1,209",55000000,52075270,129059885,52075270,76984615,129059885,24462391,885175,25347566,21401121,2.43,78185432,105
"1,210",55000000,51363743,153907999,51363743,102544256,153907999,,,,4001890,10.79,87226348,143
"1,211",55000000,51178893,79312301,51178893,28133408,79312301,6918108,5046252,11964360,17005126,3.01,67528572,106
"1,212",55000000,50119408,96119408,50119408,46000000,96119408,,,,15011061,3.34,50119408,131
"1,213",55000000,50047179,151947179,50047179,101900000,151947179,,,,195085,5.61,117745768,
"1,214",55000000,48023088,77548122,48023088,29525034,77548122,4593868,5877817,10471685,12608372,3.81,59848426,102
"1,215",55000000,42326031,84426031,42326031,42100000,84426031,5310897,8538806,13849703,23302503,1.82,44864765,110
"1,216",55000000,41610884,70692101,41610884,29081217,70692101,,,,12697641,3.28,95627299,121
"1,217",55000000,39440655,90552675,39440655,51112020,90552675,31994031,6048723,38042754,11947744,3.3,53875465,116
"1,218",55000000,38564422,38564422,38564422,,,,,,10321400,3.74,93984481,109
"1,219",55000000,35739802,113805580,35739802,78065778,113805580,13840340,,13840340,489015,3.82,53657396,142
"1,220",55000000,34353000,67130045,34353000,32777045,67130045,6556038,2065926,8621964,12750297,2.69,46523278,87
"1,221",55000000,34234008,47213095,34234008,12979087,47213095,,,,13482638,2.54,61201089,
"1,222",55000000,34105207,34105207,34105207,,,,,,10390387,3.28,72372856,126
"1,223",55000000,33832741,63537164,33832741,29704423,63537164,,,,9411055,3.59,60322508,118
"1,224",55000000,33479698,43980363,33479698,10500665,43980363,21667455,,21667455,15075114,2.22,50266181,91
"1,225",55000000,32732301,43070915,32732301,10338614,43070915,2530291,5013907,7544198,11071584,2.96,38732626,115
"1,226",55000000,31090320,74966854,31090320,43876534,74966854,3941805,3500260,7442065,13143310,2.37,39757254,118
"1,227",55000000,31051126,136143605,31051126,105092479,136143605,5911980,2969342,8881322,11137734,2.79,42051648,88
"1,228",55000000,29975167,45175167,29975167,15200000,45175167,791772,1152305,1944077,11504710,2.61,31773091,120
"1,229",55000000,25857987,53913573,25857987,28055586,53913573,22275784,,22275784,12661112,2.04,43453716,92
"1,230",55000000,21226204,60209334,21226204,38983130,60209334,,,,7545944,2.81,51768880,107
"1,231",55000000,18582965,18582965,18582965,,,,,,6271406,2.96,45322246,120
"1,232",55000000,16285240,74870866,16285240,58585626,74870866,10899995,,10899995,6153075,2.65,25516691,110
"1,233",55000000,16222392,22438144,16222392,6215752,22438144,,,,5503519,2.95,23316989,115
"1,234",55000000,12882934,12923936,12882934,41002,12923936,,,,4675246,2.76,23031179,219
"1,235",55000000,11532774,11532774,11532774,,,,,,4464008,2.58,27085677,100
"1,236",55000000,9489829,22597969,9489829,13108140,22597969,7756942,2771004,10527946,4548201,2.09,12583063,91
"1,237",55000000,7221458,9521458,7221458,2300000,9521458,,,,3672366,1.97,11885079,128
"1,238",55000000,6768055,28231444,6768055,21463389,28231444,,,,2766810,2.45,11748723,94
"1,239",55000000,6167817,69722444,6167817,63554627,69722444,,,,101749,8.91,10516397,133
"1,240",55000000,5755286,6521829,5755286,766543,6521829,962062,,962062,2710445,2.12,9017729,124
"1,241",55000000,1147784,1147784,1147784,,,,,,19492,6.93,2638189,
"1,242",55000000,79161,1807990,79161,1728829,1807990,,,,32300,2.45,146867,96
"1,243",54000000,108185706,190400000,108185706,82214294,190400000,,,,14100522,7.67,419511472,127
"1,244",54000000,81676888,154338601,81676888,72661713,154338601,,,,32528016,2.51,151545068,108
"1,245",54000000,75802010,130402010,75802010,54600000,130402010,42043938,,42043938,21525560,3.52,124755054,109
"1,246",54000000,69951824,166617328,69951824,96665504,166617328,29808448,,29808448,14851136,4.71,104397088,123
"1,247",54000000,66666062,66786966,66666062,120904,66786966,,,,19558558,3.41,170351457,162
"1,248",54000000,26850426,50719373,26850426,23868947,50719373,16625816,,16625816,10618711,2.53,45155631,123
"1,249",54000000,6087542,7126002,6087542,1038460,7126002,,,,3753518,1.62,10882863,
"1,250",53012938,70327868,107190108,70327868,36862240,107190108,,,,21714757,3.24,140655726,100
"1,251",53000000,80270227,109848461,80270227,29578234,109848461,,,,30675314,2.62,134994232,105
"1,252",53000000,73357727,131159781,73357727,57802054,131159781,24163550,10851893,35015443,21039502,3.49,105409018,118
"1,253",53000000,62575678,99975678,62575678,37400000,99975678,6524966,5265034,11790000,22635037,2.76,80019660,122
"1,254",53000000,58403409,139801096,58403409,81397687,139801096,,,,120541,4.14,136902119,94
"1,255",53000000,57386369,179199536,57386369,121813167,179199536,,,,167540,4.18,109281927,126
"1,256",53000000,45207112,54207112,45207112,9000000,54207112,,,,14033112,3.22,86080747,90
"1,257",53000000,33602376,63657941,33602376,30055565,63657941,45171897,,45171897,10245190,3.28,55302834,132
"1,258",53000000,25031037,50187789,25031037,25156752,50187789,32997516,4005284,37002800,11596613,2.16,39220141,191
"1,259",53000000,22852487,22852487,22852487,,,,,,8165551,2.8,52509574,171
"1,260",52500000,95720716,134612435,95720716,38891719,134612435,8435873,6533296,14969169,417150,3.92,127045954,137
"1,261",52000000,164606800,355612291,164606800,191005491,355612291,,,,30082000,5.47,300868086,140
"1,262",52000000,144540088,584481736,144540088,439941648,584481736,144736513,3481098,148217611,27751240,5.21,216556736,108
"1,263",52000000,118703275,205727307,118703275,87024032,205727307,53485792,,53485792,39172785,3.03,195362027,106
"1,264",52000000,110485654,217569328,110485654,107083674,217569328,21095140,2918727,24013867,56260707,1.96,150955046,124
"1,265",52000000,42438300,110400000,42438300,67961700,110400000,,3202873,3202873,9946480,4.27,104976395,178
"1,266",52000000,37243418,75997067,37243418,38753649,75997067,17610806,2454907,20065713,13531115,2.75,50628507,114
"1,267",52000000,36400491,97709034,36400491,61308543,97709034,,,,223548,3.2,77426218,165
"1,268",52000000,34580635,47407635,34580635,12827000,47407635,,,,7515585,4.6,72250212,
"1,269",52000000,24077427,53139168,24077427,29061741,53139168,16576431,4272088,20848519,8158860,2.95,32896658,92
"1,270",52000000,23010607,26922492,23010607,3911885,26922492,,,,8653542,2.66,41136706,104
"1,271",51000000,90570999,149270999,90570999,58700000,149270999,,,,24209385,3.74,181141989,116
"1,272",51000000,72779000,118583844,72779000,45804844,118583844,67703688,,67703688,15820864,4.6,119779782,90
"1,273",51000000,35851379,99624873,35851379,63773494,99624873,5110261,1646059,6756320,10352512,3.46,42423472,97
"1,274",51000000,35093569,46815807,35093569,11722238,46815807,30532039,,30532039,12001256,2.92,57730231,93
"1,275",50300000,0,0,,,,,,,,,,
"1,276",50200000,62495645,126931325,62495645,64435680,126931325,12907772,5494901,18402673,21157730,2.95,84956253,105
"1,277",50000000,296623634,687556547,296623634,390932913,687556547,192065831,18544490,210610321,142839137,2.08,425731134,130
"1,278",50000000,268377061,492534844,268377061,224157783,492534844,,,,42347760,6.32,510665072,90
"1,279",50000000,218665740,556016627,218665740,337350887,556016627,83383200,48827054,132210254,54415205,4.02,296132745,106
"1,280",50000000,191719337,331333876,191719337,139614539,331333876,15262176,12805771,28067947,57071445,3.36,252966272,111
"1,281",50000000,165493908,390500000,165493908,225006092,390500000,,,,25625602,6.46,423758738,143
"1,282",50000000,153952592,273552592,153952592,119600000,273552592,,,,17084296,9.01,369098511,135
"1,283",50000000,150357137,241504989,150357137,91147852,241504989,11326647,6602608,17929255,38740203,3.88,190435114,96
"1,284",50000000,148478011,314111923,148478011,165633912,314111923,,,,12606928,11.78,343359148,138
"1,285",50000000,135014968,202173000,135014968,67158032,202173000,,,,25262280,5.34,298065394,115
"1,286",50000000,127440871,217194805,127440871,89753934,217194805,13045958,8121479,21167437,35535250,3.59,158822268,114
"1,287",50000000,127413176,172246223,127413176,44833047,172246223,7375640,8196274,15571914,26232425,4.86,168822907,118
"1,288",50000000,127004179,257972745,127004179,130968566,257972745,20044429,16955892,37000321,35451168,3.58,172648804,112
"1,289",50000000,126293452,171269535,126293452,44976083,171269535,,,,37162787,3.4,234327609,96
"1,290",50000000,125548685,257805243,125548685,132256558,257805243,,,,28138465,4.46,251097365,130
"1,291",50000000,115715889,213591522,115715889,97875633,213591522,8620402,11309256,19929658,35574710,3.25,133270326,128
"1,292",50000000,115234093,358117307,115234093,242883214,358117307,11814632,9890559,21705191,25010928,4.61,136358225,95
"1,293",50000000,105807520,178503788,105807520,72696268,178503788,,,,23774850,4.45,189155065,116
"1,294",50000000,105341412,223641412,105341412,118300000,223641412,,,,36389705,2.89,277468662,123
"1,295",50000000,103804407,173453994,103804407,69649587,173453994,23385759,12966968,36352727,17509431,5.93,122580868,116
"1,296",50000000,97690976,225990976,97690976,128300000,225990976,27791914,,27791914,18262471,5.35,145507685,104
"1,297",50000000,91742160,222383055,91742160,130640895,222383055,11709273,7698562,19407835,28875635,3.18,121050237,110
"1,298",50000000,91137662,159745279,91137662,68607617,159745279,,,,19142440,4.76,202243461,120
"1,299",50000000,90282580,238059569,90282580,147776989,238059569,61649132,29752172,91401304,22232291,4.06,119710477,91
"1,300",50000000,88715192,128402901,88715192,39687709,128402901,41535300,,41535300,24411322,3.63,146007597,97
"1,301",50000000,88634237,185798265,88634237,97164028,185798265,38625213,,38625213,28954945,3.06,145874356,128
"1,302",50000000,86089513,216564839,86089513,130475326,216564839,10312899,7402038,17714937,24531923,3.51,103460975,86
"1,303",50000000,84351197,146493974,84351197,62142777,146493974,23382450,5782184,29164634,19104303,4.42,114666569,118
"1,304",50000000,81903458,179769457,81903458,97865999,179769457,2938567,3663131,6601698,526011,4.23,96950102,115
"1,305",50000000,81526121,161626121,81526121,80100000,161626121,,,,21221526,3.84,173002280,101
"1,306",50000000,81022333,152022333,81022333,71000000,152022333,,,,24642539,3.29,200786372,110
"1,307",50000000,79957634,186450317,79957634,106492683,186450317,24882221,2944326,27826547,24604751,3.25,114925763,117
"1,308",50000000,75941727,161941727,75941727,86000000,161941727,,,,35065237,2.17,127714789,109
"1,309",50000000,75624550,118729073,75624550,43104523,118729073,27038242,7370882,34409124,9360434,5.71,102644098,124
"1,310",50000000,75605492,111300835,75605492,35695343,111300835,23864537,10433239,34297776,19501302,3.88,102774396,133
"1,311",50000000,75367693,208094550,75367693,132726857,208094550,,,,21727611,3.47,130831513,80
"1,312",50000000,73701902,96469187,73701902,22767285,96469187,,,,21570867,3.42,127906004,98
"1,313",50000000,70511035,130214162,70511035,59703127,130214162,60454896,4891071,65345967,25642640,2.75,116047164,145
"1,314",50000000,68757539,106547052,68757539,37789513,106547052,,,,25537368,2.69,68757539,109
"1,315",50000000,67823573,190023573,67823573,122200000,190023573,,,,13420387,5.05,168077718,129
"1,316",50000000,67328130,94374749,67328130,27046619,94374749,2834419,4360929,7195348,19051442,3.53,68923062,135
"1,317",50000000,67172595,105103784,67172595,37931189,105103784,37573860,4508898,42082758,24402214,2.75,96549410,98
"1,318",50000000,66711892,117211892,66711892,50500000,117211892,,,,21022111,3.17,115805821,91
"1,319",50000000,66010682,144110682,66010682,78100000,144110682,,,,12709221,5.19,111013281,102
"1,320",50000000,64267657,108641148,64267657,44373491,108641148,3383567,1823462,5207029,56257,5.01,64267657,126
"1,321",50000000,60470220,88316835,60470220,27846615,88316835,,,,19603630,3.08,108104298,110
"1,322",50000000,59157732,156399644,59157732,97241912,156399644,19055350,11160694,30216044,17509407,3.38,78056341,83
"1,323",50000000,58640119,71052604,58640119,12412485,71052604,48329609,,48329609,14703405,3.99,96509987,86
"1,324",50000000,56758835,236799211,56758835,180040376,236799211,18953360,7009281,25962641,21514080,2.64,76866855,112
"1,325",50000000,55703475,214949716,55703475,159246241,214949716,12744321,10972351,23716672,19690956,2.83,73860194,100
"1,326",50000000,55100437,146195159,55100437,91094722,146195159,14704123,6286803,20990926,19449893,2.83,74903235,114
"1,327",50000000,54997476,104488383,54997476,49490907,104488383,,,,17090474,3.22,104745519,113
"1,328",50000000,52853219,69411370,52853219,16558151,69411370,9221477,13157871,22379348,16194738,3.26,65867934,144
"1,329",50000000,52752475,119114494,52752475,66362019,119114494,,,,14065277,3.75,97878077,124
"1,330",50000000,51342000,135569212,51342000,84227212,135569212,4353863,4543582,8897445,16776390,3.06,61701971,114
"1,331",50000000,50824620,92690959,50824620,41866339,92690959,15433427,,15433427,374502,4.33,85003286,127
"1,332",50000000,50740078,125168734,50740078,74428656,125168734,,,,23036273,2.2,88080189,93
"1,333",50000000,50151543,97651543,50151543,47500000,97651543,14530658,9125982,23656640,17005218,2.95,66139278,95
"1,334",50000000,50068310,50068310,50068310,,,,,,16770220,2.99,117589620,121
"1,335",50000000,48751189,82751189,48751189,34000000,82751189,21403639,,21403639,13635463,3.58,80234775,105
"1,336",50000000,48265581,80369970,48265581,32104389,80369970,,,,14337029,3.37,113355764,128
"1,337",50000000,48169156,48169156,48169156,,,,,,11094241,4.34,113129298,125
"1,338",50000000,47602194,150429371,47602194,102827177,150429371,6789498,2989872,9779370,17346427,2.74,62809250,89
"1,339",50000000,47119388,76073556,47119388,28954168,76073556,8464210,4527199,12991409,13116226,3.59,62169920,141
"1,340",50000000,46982632,94704227,46982632,47721595,94704227,23672530,,23672530,20152598,2.33,77324078,125
"1,341",50000000,46888441,107192068,46888441,60303627,107192068,3185428,1936003,5121431,11401182,4.11,47997249,106
"1,342",50000000,46536687,136536687,46536687,90000000,136536687,5916014,4378448,10294462,14112629,3.3,49327976,100
"1,343",50000000,44819352,91378886,44819352,46559534,91378886,10077441,16702773,26780214,18872919,2.37,52745915,100
"1,344",50000000,44737059,50054511,44737059,5317452,50054511,,,,11039214,4.05,89474108,118
"1,345",50000000,44705766,49105766,44705766,4400000,49105766,,,,10218831,4.37,102756534,139
"1,346",50000000,43034523,86234503,43034523,43199980,86234503,4187171,2194980,6382151,14685305,2.93,53631459,114
"1,347",50000000,42586861,119180938,42586861,76594077,119180938,,,,15276224,2.79,112521166,109
"1,348",50000000,41476097,41476097,41476097,,,,,,9702804,4.27,105950788,106
"1,349",50000000,41263140,62967368,41263140,21704228,62967368,,,,12311939,3.35,96909936,123
"1,350",50000000,41083108,55489826,41083108,14406718,55489826,,,,16185316,2.54,73444582,114
"1,351",50000000,40203020,263894551,40203020,223691531,263894551,,,,8684055,4,69771200,108
"1,352",50000000,39778599,39778599,39778599,,,,,,15277921,2.6,79557198,
"1,353",50000000,39177684,69425966,39177684,30248282,69425966,,,,12582088,3.11,65886961,94
"1,354",50000000,38590458,38590458,38590458,,,,,,12679573,3.04,101962037,
"1,355",50000000,38122883,62209892,38122883,24087009,62209892,16806470,5616218,22422688,13316158,2.86,54750531,99
"1,356",50000000,37485528,49842431,37485528,12356903,49842431,,,,10985597,3.41,65071486,119
"1,357",50000000,36261763,59596747,36261763,23334984,59596747,2500781,3963703,6464484,11203270,3.24,45190957,116
"1,358",50000000,35188640,46112640,35188640,10924000,46112640,,,,13041685,2.7,74671950,137
"1,359",50000000,34645374,34645374,34645374,,,,,,7104125,4.88,79034087,95
"1,360",50000000,33644788,89895930,33644788,56251142,89895930,18137629,1375984,19513613,11599661,2.9,45968421,88
"1,361",50000000,33109743,113309743,33109743,80200000,113309743,,,,12322069,2.69,80751816,117
"1,362",50000000,32746941,108660270,32746941,75913329,108660270,7942223,2194006,10136229,220322,2.72,44741463,129
"1,363",50000000,31874869,56643267,31874869,24768398,56643267,,,,9307394,3.42,59141322,119
"1,364",50000000,30306268,83306268,30306268,53000000,83306268,,,,9378637,3.23,75071694,132
"1,365",50000000,29819114,36976336,29819114,7157222,36976336,4012864,2630467,6643331,22849,2.95,35286983,127
"1,366",50000000,29035702,38735702,29035702,9700000,38735702,,,,11052561,2.63,29035704,181
"1,367",50000000,28848693,55348693,28848693,26500000,55348693,1701026,1671147,3372173,13841146,2.08,35952475,102
"1,368",50000000,28644813,52987754,28644813,24342941,52987754,14361221,,14361221,123513,3.21,40883797,136
"1,369",50000000,27669725,80583311,27669725,52913586,80583311,24311380,,24311380,13051650,2.12,43354594,117
"1,370",50000000,27100030,27100030,27100030,,,,,,9673080,2.8,57507538,95
"1,371",50000000,26623701,64477051,26623701,37853350,64477051,7150560,4197107,11347667,10600112,2.51,35301773,88
"1,372",50000000,26599248,42598498,26599248,15999250,42598498,,,,11511960,2.31,47552219,98
"1,373",50000000,26461644,71661644,26461644,45200000,71661644,4860634,3210559,8071193,11012305,2.4,33838258,114
"1,374",50000000,26199517,26199517,26199517,,,,,,7312413,3.58,48611149,110
"1,375",50000000,25450527,53850527,25450527,28400000,53850527,8013687,,8013687,9331739,2.73,36580884,118
"1,376",50000000,25426861,25426861,25426861,,,,,,8912557,2.85,62013923,100
"1,377",50000000,25195050,40119848,25195050,14924798,40119848,,,,8904299,2.83,43736325,97
"1,378",50000000,25106325,56890649,25106325,31784324,56890649,776847,493769,1270616,5584684,4.5,29943466,132
"1,379",50000000,24006726,34806726,24006726,10800000,34806726,,1167761,1167761,113085,5.28,41174555,118
"1,380",50000000,23534992,31709604,23534992,8174612,31709604,,,,5732614,4.11,49763746,87
"1,381",50000000,21903748,53956480,21903748,32052732,53956480,3523605,8677674,12201279,12045147,1.82,25777546,120
"1,382",50000000,21596445,26121638,21596445,4525193,26121638,5134010,4072568,9206578,9360020,2.31,29358090,102
"1,383",50000000,21587519,35380918,21587519,13793399,35380918,2388032,1677225,4065257,8000058,2.7,26903279,134
"1,384",50000000,21302340,41642166,21302340,20339826,41642166,3708353,1691671,5400024,8129355,2.62,28958292,92
"1,385",50000000,20810036,23237252,20810036,2427216,23237252,3523499,2829169,6352668,7572206,2.75,25934352,139
"1,386",50000000,20534907,42002029,20534907,21467122,42002029,11878704,5058947,16937651,9156057,2.24,29515511,95
"1,387",50000000,19699706,22099706,19699706,2400000,22099706,,,,8917251,2.21,33129926,100
"1,388",50000000,19694635,28920188,19694635,9225553,28920188,,,,7117225,2.77,35208644,130
"1,389",50000000,19512135,20592796,19512135,1080661,20592796,,,,7168520,2.72,19512135,142
"1,390",50000000,19452138,60282876,19452138,40830738,60282876,7247600,3575412,10823012,7582595,2.57,25792616,123
"1,391",50000000,18782227,41982227,18782227,23200000,41982227,,,,7057854,2.66,31586952,110
"1,392",50000000,17181265,56077088,17181265,38895823,56077088,13826806,,13826806,547092,3.05,26920635,100
"1,393",50000000,16581575,16581575,16581575,,,,,,4044662,4.1,43811117,99
"1,394",50000000,15138334,39538334,15138334,24400000,39538334,555984,537230,1093214,5406033,2.8,16031552,138
"1,395",50000000,14271297,14271297,14271297,,,,,,6360968,2.24,30269539,148
"1,396",50000000,12237270,15049963,12237270,2812693,15049963,,,,4875195,2.51,12237270,104
"1,397",50000000,11497497,26097497,11497497,14600000,26097497,,,,4946332,2.32,28480340,91
"1,398",50000000,10721033,41042583,10721033,30321550,41042583,5755759,4048053,9803812,5187625,2.07,14574107,104
"1,399",50000000,10561038,10561038,10561038,,,,,,4649742,2.27,24801621,114
"1,400",50000000,10359006,10359006,10359006,,,,11347,11347,4119086,2.51,25671276,135
"1,401",50000000,10169202,23574057,10169202,13404855,23574057,16172622,,16172622,4670120,2.18,17102017,127
"1,402",50000000,9812870,9812870,9812870,,,,,,4284246,2.29,24317869,95
"1,403",50000000,9275659,15952484,9275659,6676825,15952484,,,,4644666,2,9275659,111
"1,404",50000000,8742261,12660287,8742261,3918026,12660287,6071817,,6071817,4721110,1.85,12565545,96
"1,405",50000000,8355815,8374062,8355815,18247,8374062,,,,4266463,1.96,15503559,
"1,406",50000000,8267544,45285890,8267544,37018346,45285890,1095989,916136,2012125,3190525,2.59,9783109,89
"1,407",50000000,8237403,13037403,8237403,4800000,13037403,504588,636539,1141127,4651571,1.77,8731487,120
"1,408",50000000,8017467,37472651,8017467,29455184,37472651,2747499,825136,3572635,2904380,2.76,11522106,130
"1,409",50000000,6496125,27835815,6496125,21339690,27835815,606603,957523,1564126,3140214,2.07,6496125,114
"1,410",50000000,6471394,6626115,6471394,154721,6626115,,,,3336374,1.94,11233752,88
"1,411",50000000,6291602,6291602,6291602,,,,,,3008746,2.09,12583203,105
"1,412",50000000,5875487,655883084,5875487,650007597,655883084,,,,1685287,3.49,6914594,125
"1,413",50000000,5801249,11285154,5801249,5483905,11285154,786574,666359,1452933,2901335,2,6827233,93
"1,414",50000000,5437971,5983043,5437971,545072,5983043,,,,2715384,2,6385759,109
"1,415",50000000,1224330,8004221,1224330,6779891,8004221,,,,621812,1.97,1565623,137
"1,416",50000000,166003,1250617,166003,1084614,1250617,3460113,,3460113,59581,2.79,238594,115
"1,417",50000000,102118,26387039,102118,26284921,26387039,1768135,1398327,3166462,28722,3.56,135397,113
"1,418",50000000,46425,15505922,46425,15459497,15505922,25453,4329,29782,26604,1.75,59365,104
"1,419",50000000,0,0,,,,,,,,,,
"1,420",50000000,0,0,,,,,,,,,,
"1,421",49000000,60477943,120592276,60477943,60114333,120592276,3940181,3204689,7144870,17431588,3.47,71173818,102
"1,422",49000000,43905746,72689126,43905746,28783380,72689126,,,,19112404,2.3,83622594,87
"1,423",49000000,31569268,105002056,31569268,73432788,105002056,6766688,4838065,11604753,13346782,2.37,40369720,120
"1,424",49000000,20423389,20423389,20423389,,,,,,6374391,3.2,52171589,102
"1,425",49000000,12816367,71004627,12816367,58188260,71004627,4970864,1808980,6779844,320690,5.71,17320614,129
"1,426",48000000,197171806,474171806,197171806,277000000,474171806,,554530,554530,37031573,5.32,532709784,127
"1,427",48000000,129094024,248218486,129094024,119124462,248218486,,,,15015393,6.98,239397680,115
"1,428",48000000,124107476,208300000,124107476,84192524,208300000,,,,184725,8,236409755,148
"1,429",48000000,95308367,196308367,95308367,101000000,196308367,,,,30056751,3.17,176837201,
"1,430",48000000,89256424,327656424,89256424,238400000,327656424,14227200,8651000,22878200,39201657,2.28,114138112,118
"1,431",48000000,73118130,125213018,73118130,52094888,125213018,6750959,9898265,16649224,26803104,2.73,86049259,93
"1,432",48000000,69304264,124304264,69304264,55000000,124304264,,,,14600719,4.75,147064242,113
"1,433",48000000,67363237,119736188,67363237,52372951,119736188,5415339,4676153,10091492,14504315,4.64,79695667,119
"1,434",48000000,66488090,151463090,66488090,84975000,151463090,,,,16712020,3.98,140761359,118
"1,435",48000000,60652036,107752036,60652036,47100000,107752036,,,,15847636,3.83,128532074,114
"1,436",48000000,60022256,112610386,60022256,52588130,112610386,23389984,2669089,26059073,14010409,4.28,82007600,101
"1,437",48000000,56607223,86607223,56607223,30000000,86607223,,,,11662094,4.85,107813755,112
"1,438",48000000,53606916,71171825,53606916,17564909,71171825,53935046,2362413,56297459,14035033,3.82,83994548,122
"1,439",48000000,50315140,64978140,50315140,14663000,64978140,,,,17215275,2.92,95829888,121
"1,440",48000000,47095453,70937778,47095453,23842325,70937778,,,,9725408,4.84,88885983,120
"1,441",48000000,37879996,90376224,37879996,52496228,90376224,,,,13106526,2.89,75725565,93
"1,442",48000000,37562568,77562568,37562568,40000000,77562568,,,,12020435,3.12,86337839,123
"1,443",48000000,25928721,25928721,25928721,,,,,,2903603,5.83,81595448,128
"1,444",48000000,17801306,73235048,17801306,55433742,73235048,1175520,1456652,2632172,8351109,2.13,20949529,119
"1,445",47500000,42754105,113244290,42754105,70490185,113244290,40063899,2343531,42407430,18203876,2.35,64190707,91
"1,446",47500000,15436808,22152137,15436808,6715329,22152137,1025629,592225,1617854,5303775,2.91,19238010,127
"1,447",47000000,103738726,162738726,103738726,59000000,162738726,,,,22543911,4.6,265000816,103
"1,448",47000000,100546139,202241353,100546139,101695214,202241353,6402143,14197586,20599729,24074047,4.18,124933452,116
"1,449",47000000,60240295,102825796,60240295,42585501,102825796,,,,19806226,3.04,146920900,91
"1,450",47000000,46293855,46293855,46293855,,,,,,14117545,3.28,120664604,103
"1,451",47000000,32011576,116773317,32011576,84761741,116773317,16901602,4559373,21460975,8825760,3.63,46011304,99
"1,452",47000000,29781453,29781453,29781453,,,,,,10404652,2.86,56721557,
"1,453",47000000,15849032,37923818,15849032,22074786,37923818,16810539,,16810539,6608244,2.4,24833218,87
"1,454",47000000,14970038,14970038,14970038,,,,,,6752722,2.22,27768558,105
"1,455",47000000,10547117,11022696,10547117,475579,11022696,8249245,2201882,10451127,5379365,1.96,14410381,81
"1,456",47000000,5707094,12900000,5707094,7192906,12900000,,,,2812620,2.03,13919104,108
"1,457",46500000,7100177,23709894,7100177,16609717,23709894,1102193,1114264,2216457,130880,3.58,8546675,161
"1,458",46500000,3622,22254,3622,18632,22254,889675,712039,1601714,1612,2.25,4797,155
"1,459",46000000,126813153,298923419,126813153,172110266,298923419,,,,21678377,5.85,297829463,103
"1,460",46000000,93607673,160648493,93607673,67040820,160648493,,,,30181877,3.1,178284577,106
"1,461",46000000,92027888,150000000,92027888,57972112,150000000,,,,30716131,3,224191541,110
"1,462",46000000,85336277,250397798,85336277,165061521,250397798,,,,291940,4.4,152452388,
"1,463",46000000,67263182,113622499,67263182,46359317,113622499,,,,20930169,3.21,124801558,118
"1,464",46000000,61002302,113310547,61002302,52308245,113310547,11803475,6538198,18341673,20817053,2.93,80886199,153
"1,465",46000000,59003384,100833145,59003384,41829761,100833145,,,,12501586,4.72,143904171,111
"1,466",46000000,23988885,35983009,23988885,11994124,35983009,461802,417630,879432,8247810,2.91,23988885,93
"1,467",46000000,4408636,4408636,4408636,,,,,,2326112,1.9,16164998,140
"1,468",45500000,347136,36180824,347136,35833688,36180824,,,,,,474277,
"1,469",45000000,181410615,302710615,181410615,121300000,302710615,,,,31423025,5.77,426058037,87
"1,470",45000000,162798565,363095319,162798565,200296754,363095319,,,,291121,4.9,369540060,96
"1,471",45000000,139854287,377807404,139854287,237953117,377807404,45239088,19291475,64530563,49514769,2.82,189384517,91
"1,472",45000000,130531208,358500000,130531208,227968792,358500000,,342423,342423,37182745,3.51,344883926,92
"1,473",45000000,110000082,155200000,110000082,45199918,155200000,,,,48113770,2.29,196627588,85
"1,474",45000000,106807667,213420951,106807667,106613284,213420951,,,,13853686,7.33,207850398,109
"1,475",45000000,104897530,185736412,104897530,80838882,185736412,8208425,9127372,17335797,19928525,5.26,125295886,93
"1,476",45000000,101704370,243180937,101704370,141476567,243180937,27101334,,27101334,21018141,4.84,152698204,92
"1,477",45000000,100768056,187995859,100768056,87227803,187995859,,,,16864404,5.98,263507657,141
"1,478",45000000,95149435,134713435,95149435,39564000,134713435,,,,22956453,4.14,165170837,113
"1,479",45000000,93466502,174807445,93466502,81340943,174807445,37482106,,37482106,335837,4.82,140387444,97
"1,480",45000000,92115211,117615211,92115211,25500000,117615211,,,,17174262,5.36,243382830,121
"1,481",45000000,88625922,160461952,88625922,71836030,160461952,31986884,24738647,56725531,29239026,3.03,120446363,98
"1,482",45000000,83287363,178100000,83287363,94812637,178100000,,,,18511191,4.5,216346450,117
"1,483",45000000,82931301,155931301,82931301,73000000,155931301,,,,23105133,3.59,139469484,100
"1,484",45000000,76261036,104505352,76261036,28244316,104505352,,,,22550788,3.38,145246281,122
"1,485",45000000,75395035,174278214,75395035,98883179,174278214,5111718,4693049,9804767,24536265,3.07,93960517,112
"1,486",45000000,71423726,90523726,71423726,19100000,90523726,,,,7012630,7.36,146180778,102
"1,487",45000000,71277420,141189101,71277420,69911681,141189101,,,,20503356,3.48,135754513,82
"1,488",45000000,70141876,131237688,70141876,61095812,131237688,,,,17073856,4.11,161221616,120
"1,489",45000000,67264877,76665507,67264877,9400630,76665507,,,,24182960,2.78,113122517,137
"1,490",45000000,67061228,135808837,67061228,68747609,135808837,21053514,2838660,23892174,20686423,3.24,91624847,111
"1,491",45000000,66790248,66790248,66790248,,,,,,17128062,3.9,123924066,99
"1,492",45000000,65598907,136998907,65598907,71400000,136998907,,,,16620887,3.95,154064526,89
"1,493",45000000,62318875,113417762,62318875,51098887,113417762,47423555,,47423555,26857181,2.32,102564499,
"1,494",45000000,61696436,68590003,61696436,6893567,68590003,4572256,4770470,9342726,13251238,4.66,72600389,108
"1,495",45000000,60786269,113916474,60786269,53130205,113916474,,,,17319282,3.51,121572528,101
"1,496",45000000,60235426,246479647,60235426,186244221,246479647,,,,6886080,6.93,106977561,135
"1,497",45000000,58617334,58617334,58617334,,,,,,11191496,5.24,142956933,113
"1,498",45000000,57362581,170362581,57362581,113000000,170362581,,,,14317765,4.01,151363241,
"1,499",45000000,54767494,115097874,54767494,60330380,115097874,2547549,2673857,5221406,16890204,3.24,68092183,105
"1,500",45000000,53854588,75854588,53854588,22000000,75854588,,,,10128834,5.32,131346700,133
"1,501",45000000,53359917,72359917,53359917,19000000,72359917,27519495,,27519495,17461108,3.06,89643472,88
"1,502",45000000,52842724,55842724,52842724,3000000,55842724,,,,20159925,2.62,88868099,95
"1,503",45000000,51019112,102746214,51019112,51727102,102746214,,,,21103203,2.42,85801243,109
"1,504",45000000,50648679,149871103,50648679,99222424,149871103,34693997,529143,35223140,23678580,2.14,79359406,95
"1,505",45000000,50452282,83453541,50452282,33001259,83453541,945193,1075741,2020934,15002770,3.36,50452287,103
"1,506",45000000,48114556,48563556,48114556,449000,48563556,,,,10021510,4.73,82721505,97
"1,507",45000000,47323100,82513490,47323100,35190390,82513490,11110248,3618718,14728966,16016910,2.95,64088318,130
"1,508",45000000,46815000,94215000,46815000,47400000,94215000,,,,10214450,4.58,123515052,111
"1,509",45000000,46290741,127990741,46290741,81700000,127990741,14840655,5665226,20505881,14284031,3.24,61078844,117
"1,510",45000000,44922302,57697426,44922302,12775124,57697426,2069140,643450,2712590,26435354,1.7,53986887,137
"1,511",45000000,40501717,157214984,40501717,116713267,157214984,2668136,2626142,5294278,10101066,4.01,42931027,93
"1,512",45000000,38399961,43343247,38399961,4943286,43343247,31136000,,31136000,12806188,3,63198709,112
"1,513",45000000,36895141,65595141,36895141,28700000,65595141,17848921,,17848921,11855260,3.11,60722069,105
"1,514",45000000,35627222,35627222,35627222,,,,,,7716278,4.62,88289979,96
"1,515",45000000,32062904,56241027,32062904,24178123,56241027,1493354,2434995,3928349,12328361,2.6,32062904,93
"1,516",45000000,32003620,61453420,32003620,29449800,61453420,,,,10100571,3.17,55555388,95
"1,517",45000000,31581712,72381712,31581712,40800000,72381712,3715119,8494971,12210090,14114124,2.24,37167025,151
"1,518",45000000,28142535,49610898,28142535,21468363,49610898,29610317,,29610317,8432465,3.34,46317025,89
"1,519",45000000,28013509,161735791,28013509,133722282,161735791,,,,9134085,3.07,50080527,87
"1,520",45000000,27961341,28018540,27961341,57199,28018540,,,,6025091,4.64,87959820,137
"1,521",45000000,25200412,59551283,25200412,34350871,59551283,12902456,1179105,14081561,8008423,3.15,36221393,85
"1,522",45000000,24343673,29367143,24343673,5023470,29367143,27321126,,27321126,667784,6.36,38143133,133
"1,523",45000000,22951340,79604820,22951340,56653480,79604820,8816180,,8816180,189911,4.43,33076845,129
"1,524",45000000,22532572,70216497,22532572,47683925,70216497,18051175,,18051175,9484627,2.38,33830238,100
"1,525",45000000,22345542,44645542,22345542,22300000,44645542,1101580,897784,1999364,4705265,4.75,26285877,129
"1,526",45000000,22006296,112006296,22006296,90000000,112006296,,,,11212889,1.96,58144086,123
"1,527",45000000,20404841,36404841,20404841,16000000,36404841,,,,7605504,2.68,49765644,92
"1,528",45000000,20150241,32630599,20150241,12480358,32630599,1785325,1673962,3459287,8603407,2.34,23713919,87
"1,529",45000000,20133326,20133326,20133326,,,,,,5075340,3.97,49103450,117
"1,530",45000000,19719930,29406132,19719930,9686202,29406132,,,,5765347,3.42,37558447,124
"1,531",45000000,19398532,32952995,19398532,13554463,32952995,5375390,,5375390,154590,4.83,32308156,134
"1,532",45000000,17811382,40166138,17811382,22354756,40166138,799688,374552,1174240,6321423,2.82,18234251,97
"1,533",45000000,17220599,17220599,17220599,,,,,,5072346,3.39,41999559,100
"1,534",45000000,16809014,17492014,16809014,683000,17492014,,,,5033848,3.34,28268513,86
"1,535",45000000,15541549,65532491,15541549,49990942,65532491,5305359,1310772,6616131,183009,7.53,21234207,129
"1,536",45000000,15527125,18120267,15527125,2593142,18120267,,,,,4.48,30301815,117
"1,537",45000000,15298133,46598133,15298133,31300000,46598133,16002248,,16002248,7783266,1.97,22968504,100
"1,538",45000000,13668249,34668249,13668249,21000000,34668249,,,,2206506,4.66,33634117,212
"1,539",45000000,13637180,20397648,13637180,6760468,20397648,457312,971391,1428703,6504950,2.1,13637180,119
"1,540",45000000,13414714,41467606,13414714,28052892,41467606,11785662,10259746,22045408,6278491,2.14,18167157,98
"1,541",45000000,13109815,21544732,13109815,8434917,21544732,5023594,2402784,7426378,5135369,2.55,17821410,122
"1,542",45000000,11203026,11203026,11203026,,,,370503,370503,4737793,2.36,25750229,106
"1,543",45000000,10763520,13086137,10763520,2322617,13086137,264882,997875,1262757,2354205,4.57,12721090,116
"1,544",45000000,10021787,37163054,10021787,27141267,37163054,7047184,11757755,18804939,9176695,1.09,11768494,109
"1,545",45000000,8794452,31852619,8794452,23058167,31852619,10999234,,10999234,3745315,2.35,13779675,99
"1,546",45000000,8406711,164640401,8406711,156233690,164640401,3325669,911081,4236750,3833300,2.19,11428040,101
"1,547",45000000,7916887,9676497,7916887,1759610,9676497,10560617,,10560617,3477996,2.28,11886351,160
"1,548",45000000,7262288,8488871,7262288,1226583,8488871,,,,3545204,2.05,13474601,85
"1,549",45000000,6566773,76904429,6566773,70337656,76904429,11243709,,11243709,478771,3.51,10409222,114
"1,550",45000000,4617608,31077418,4617608,26459810,31077418,,,,1924860,2.4,7235137,133
"1,551",45000000,3681811,31681811,3681811,28000000,31681811,,,,1151463,3.2,6809823,108
"1,552",45000000,2154540,2154540,2154540,,,,,,1370831,1.57,5060110,
"1,553",45000000,0,120323,,120323,120323,,,,,,,91
"1,554",45000000,0,38852,,38852,38852,,,,,,,116
"1,555",45000000,0,0,,,,,,,,,,
"1,556",44500000,136025503,227140757,136025503,91115254,227140757,25880746,19072714,44953460,19458109,6.99,183481464,120
"1,557",44000000,183968665,353808222,183968665,169839557,353808222,,,,23758855,7.74,478935543,130
"1,558",44000000,150415432,300400000,150415432,149984568,300400000,,,,25520843,5.89,456754464,96
"1,559",44000000,53300852,165600852,53300852,112300000,165600852,,,,12305745,4.33,129959443,147
"1,560",44000000,31206263,48478084,31206263,17271821,48478084,13811734,648221,14459955,12381585,2.52,42636689,100
"1,561",44000000,22730924,22730924,22730924,,,,,,8411178,2.7,55438759,118
"1,562",44000000,6105175,12342632,6105175,6237457,12342632,4084386,3545823,7630209,,3.4,7951662,111
"1,563",44000000,3484331,3484523,3484331,192,3484523,,,,,,13963226,219
"1,564",43000000,159581587,229727774,159581587,70146187,229727774,47653228,22278633,69931861,39115043,4.08,211597720,117
"1,565",43000000,51768623,80013623,51768623,28245000,80013623,,,,701207,4.66,99104000,137
"1,566",43000000,37035515,62063972,37035515,25028457,62063972,,,,10310672,3.59,74071029,104
"1,567",43000000,24537621,49037621,24537621,24500000,49037621,,,,10900901,2.25,41266066,102
"1,568",43000000,24430272,63078756,24430272,38648484,63078756,,,,9430667,2.59,45328455,75
"1,569",43000000,14828555,34983342,14828555,20154787,34983342,2312279,1730685,4042964,7810112,1.9,17546843,117
"1,570",43000000,10127625,22567607,10127625,12439982,22567607,240815,1097324,1338139,4178460,2.42,10735080,116
"1,571",43000000,3740823,46414530,3740823,42673707,46414530,1822355,1735171,3557526,30909,1.8,4495659,108
"1,572",42500000,29121498,76347393,29121498,47225895,76347393,13876205,5008191,18884396,11422006,2.55,39587610,93
"1,573",42000000,158340892,270340892,158340892,112000000,270340892,,,,32476785,4.88,412298262,155
"1,574",42000000,138447667,202812429,138447667,64364762,202812429,39494146,9951845,49445991,36302612,3.81,187495699,109
"1,575",42000000,116089678,363718196,116089678,247628518,363718196,,,,21811180,5.32,246347772,124
"1,576",42000000,108095955,218838386,108095955,110742431,218838386,4305101,4481185,8786286,16755310,6.45,127032587,135
"1,577",42000000,106793915,227793915,106793915,121000000,227793915,,,,17506162,6.1,213587827,80
"1,578",42000000,88073507,173044410,88073507,84970903,173044410,,,,27721185,3.18,152887663,90
"1,579",42000000,70052444,131052444,70052444,61000000,131052444,,,,13640706,5.14,181967543,117
"1,580",42000000,60054530,138708527,60054530,78653997,138708527,12290732,461015,12751747,30619130,1.96,86318371,82
"1,581",42000000,57000000,71000000,57000000,14000000,71000000,,2541867,2541867,,,,248
"1,582",42000000,45852178,60129558,45852178,14277380,60129558,4121387,2471271,6592658,19542248,2.35,55104406,90
"1,583",42000000,45290318,73239258,45290318,27948940,73239258,14379244,3767537,18146781,11816596,3.83,61301688,104
"1,584",42000000,41543207,63781100,41543207,22237893,63781100,,,,14005550,2.97,77080159,115
"1,585",42000000,41267469,41267469,41267469,,,,,,12210868,3.38,100602647,
"1,586",42000000,37662162,91678442,37662162,54016280,91678442,7934723,3882406,11817129,14005335,2.69,51197745,120
"1,587",42000000,35228696,56438555,35228696,21209859,56438555,,,,11208851,3.14,65364077,119
"1,588",42000000,34667015,156167015,34667015,121500000,156167015,,,,8774776,3.95,93661750,133
"1,589",42000000,30568743,41926605,30568743,11357862,41926605,1188789,1245249,2434038,7411522,4.12,36157877,90
"1,590",42000000,26414527,39377700,26414527,12963173,39377700,8780637,1586198,10366835,11515790,2.29,35772427,106
"1,591",42000000,24375436,56331864,24375436,31956428,56331864,,,,10523154,2.32,46425299,120
"1,592",42000000,24149632,60437727,24149632,36288095,60437727,32260818,99700,32360518,9390144,2.57,40613575,122
"1,593",42000000,20844907,20844907,20844907,,,,,,8532623,2.44,54277311,104
"1,594",42000000,19487173,66787173,19487173,47300000,66787173,,,,5210875,3.74,50619689,112
"1,595",42000000,18620000,49621440,18620000,31001440,49621440,6082633,1991259,8073892,8001932,2.33,25216522,102
"1,596",42000000,5666340,8514325,5666340,2847985,8514325,3832493,1426850,5259343,3048665,1.86,7741161,100
"1,597",42000000,4408420,4408420,4408420,,,,,,2128565,2.07,10353543,108
"1,598",42000000,1259693,18821576,1259693,17561883,18821576,,,,42751,8.83,1721092,105
"1,599",42000000,0,83833602,,83833602,83833602,,,,,,,97
"1,600",42000000,0,15451663,,15451663,15451663,,,,,,,101
"1,601",41000000,116724075,245768384,116724075,129044309,245768384,,,,51240555,2.28,216473956,110
"1,602",41000000,96368160,190995193,96368160,94627033,190995193,5494088,7339632,12833720,25725722,3.75,113411432,121
"1,603",41000000,56083966,100622586,56083966,44538620,100622586,,,,16511391,3.4,106817155,132
"1,604",41000000,22108977,22108977,22108977,,,,,,8111324,2.73,39524838,88
"1,605",41000000,7204138,7684524,7204138,480386,7684524,5907104,1638053,7545157,3251884,2.22,9793263,100
"1,606",41000000,3496761,7777708,3496761,4280947,7777708,,,,2032202,1.72,3496761,101
"1,607",40500000,1747263,2157750,1747263,410487,2157750,,,,723151,2.42,1788736,91
"1,608",40000000,293506292,672806292,293506292,379300000,672806292,,,,26681262,10.03,620744783,108
"1,609",40000000,209218368,283218368,209218368,74000000,283218368,146016528,1199120,147215648,33900720,6.17,351852409,119
"1,610",40000000,176591618,351774938,176591618,175183320,351774938,53772258,11774050,65546308,55665805,3.17,241274737,140
"1,611",40000000,166167230,570794950,166167230,404627720,570794950,29188546,36369574,65558120,85171450,1.95,212489054,125
"1,612",40000000,165364060,312898746,165364060,147534686,312898746,9279430,15749272,25028702,26769548,6.18,194519300,130
"1,613",40000000,163958031,314709717,163958031,150751686,314709717,108266614,6603335,114869949,33627598,4.88,235662345,107
"1,614",40000000,150098456,257858943,150098456,107760487,257858943,9519586,8905725,18425311,740455,7.86,198619775,138
"1,615",40000000,138614544,190212113,138614544,51597569,190212113,,,,27557647,5.03,245059013,98
"1,616",40000000,126573960,457507776,126573960,330933816,457507776,14640358,19971271,34611629,43899340,2.88,167009452,88
"1,617",40000000,125095601,149804632,125095601,24709031,149804632,29382671,24445401,53828072,90872,3.31,165060935,121
"1,618",40000000,118450002,331971868,118450002,213521866,331971868,,,,27835125,4.26,317254850,108
"1,619",40000000,116735231,177835231,116735231,61100000,177835231,,,,23162542,5.04,247387762,105
"1,620",40000000,111760631,167851995,111760631,56091364,167851995,,,,33417739,3.34,199793351,82
"1,621",40000000,108766007,152266007,108766007,43500000,152266007,,,,14823159,7.34,265270931,149
"1,622",40000000,107533925,132440066,107533925,24906141,132440066,,,,13739456,7.83,279329085,128
"1,623",40000000,102470008,310196332,102470008,207726324,310196332,5358270,3861518,9219788,40406314,2.54,127702510,133
"1,624",40000000,96962694,224922135,96962694,127959441,224922135,22809611,11895441,34705052,22445653,4.32,132453019,120
"1,625",40000000,94125426,131516178,94125426,37390752,131516178,49094035,4883373,53977408,20027956,4.7,135289604,122
"1,626",40000000,93953653,181053657,93953653,87100004,181053657,28025045,,28025045,27785487,3.38,135042720,129
"1,627",40000000,92029184,171539887,92029184,79510703,171539887,18960135,33113896,52074031,30436123,3.02,110599167,122
"1,628",40000000,90862685,124827316,90862685,33964631,124827316,7804962,5213370,13018332,35243095,2.58,113236958,102
"1,629",40000000,90710620,178710620,90710620,88000000,178710620,23293128,,23293128,40222875,2.26,149291670,83
"1,630",40000000,90411453,111811453,90411453,21400000,111811453,16078221,5934009,22012230,33803253,2.67,115615112,99
"1,631",40000000,89138076,161838076,89138076,72700000,161838076,,,,34713342,2.57,178276147,117
"1,632",40000000,88055283,244087259,88055283,156031976,244087259,,,,23703060,3.71,224937420,119
"1,633",40000000,86260045,152962083,86260045,66702038,152962083,10041901,10703309,20745210,24710273,3.49,107483025,128
"1,634",40000000,86208010,156553592,86208010,70345582,156553592,7979425,5255906,13235331,36111775,2.39,113693437,110
"1,635",40000000,83911193,194270103,83911193,110358910,194270103,14132383,4814276,18946659,24763752,3.39,110717575,109
"1,636",40000000,82522790,215862666,82522790,133339876,215862666,,,,30521679,2.7,214362887,123
"1,637",40000000,81612565,120455994,81612565,38843429,120455994,107475490,,107475490,20188176,4.04,134318078,120
"1,638",40000000,81292135,128792130,81292135,47499995,128792130,,,,12738237,6.38,167438280,139
"1,639",40000000,75764672,197115710,75764672,121351038,197115710,10161993,4230957,14392950,17728313,4.27,96879138,121
"1,640",40000000,75505856,75505856,75505856,,,,,,10976661,6.88,196139222,112
"1,641",40000000,75305995,124823094,75305995,49517099,124823094,,,,20039730,3.76,130524283,152
"1,642",40000000,74103820,158527918,74103820,84424098,158527918,,,,29120273,2.54,124623893,124
"1,643",40000000,72313754,162498338,72313754,90184584,162498338,6795629,5445652,12241281,15371203,4.7,92416983,141
"1,644",40000000,72266306,150886329,72266306,78620023,150886329,25382892,,25382892,22874936,3.16,108500107,89
"1,645",40000000,72013010,92302502,72013010,20289492,92302502,27036378,5211155,32247533,17810270,4.04,103506703,105
"1,646",40000000,70836296,70836296,70836296,,,,,,22518295,3.15,134815100,114
"1,647",40000000,70405498,205400000,70405498,134994502,205400000,,1191985,1191985,5223658,9.46,181281169,189
"1,648",40000000,70165972,137047376,70165972,66881404,137047376,21622826,,21622826,27736056,2.53,115479262,99
"1,649",40000000,69030436,133345583,69030436,64315147,133345583,8674220,12496413,21170633,21380987,3.23,81238867,114
"1,650",40000000,68549695,131457147,68549695,62907452,131457147,13314979,10966093,24281072,26608020,2.58,81115792,105
"1,651",40000000,67209615,168423249,67209615,101213634,168423249,14701032,14589323,29290355,15190758,4.42,83643766,138
"1,652",40000000,66808615,145238250,66808615,78429635,145238250,,,,20108829,3.32,127243261,122
"1,653",40000000,66477700,187384627,66477700,120906927,187384627,11654896,3397554,15052450,27408309,2.43,95550611,81
"1,654",40000000,65631050,206431050,65631050,140800000,206431050,3113034,3180401,6293435,24104332,2.72,69567620,112
"1,655",40000000,64167069,139474906,64167069,75307837,139474906,27201265,2527965,29729230,23722310,2.7,92229465,102
"1,656",40000000,63686397,136123083,63686397,72436686,136123083,11202205,4732481,15934686,21856389,2.91,86574956,108
"1,657",40000000,61153526,92994927,61153526,31841401,92994927,26235569,6334646,32570215,17570955,3.48,83553236,108
"1,658",40000000,59588068,141484812,59588068,81896744,141484812,,,,19288438,3.09,106456575,95
"1,659",40000000,58855732,58855732,58855732,,,,,,18736133,3.14,111843093,106
"1,660",40000000,58009200,87145086,58009200,29135886,87145086,13257276,6185787,19443063,13206453,4.39,78857392,119
"1,661",40000000,57887882,170125882,57887882,112238000,170125882,,,,11783467,4.91,100448159,106
"1,662",40000000,57806952,58501127,57806952,694175,58501127,48280003,,48280003,17031122,3.39,95138761,104
"1,663",40000000,57012977,74156610,57012977,17143633,74156610,6102340,5417225,11519565,15891055,3.59,75596539,89
"1,664",40000000,55143823,71743823,55143823,16600000,71743823,,,,14047592,3.93,126748480,110
"1,665",40000000,54979992,87949859,54979992,32969867,87949859,,,,19738749,2.79,129125115,96
"1,666",40000000,54445357,105945357,54445357,51500000,105945357,5277167,2810023,8087190,15457418,3.52,71782306,108
"1,667",40000000,54228104,75389090,54228104,21160986,75389090,,,,11376150,4.77,100615992,131
"1,668",40000000,53359111,114686476,53359111,61327365,114686476,41925387,1371051,43296438,385078,2.79,89736536,76
"1,669",40000000,53089891,104407366,53089891,51317475,104407366,48494370,,48494370,14801808,3.59,87326840,130
"1,670",40000000,52330111,114830111,52330111,62500000,114830111,39975304,,39975304,13616196,3.84,86124967,99
"1,671",40000000,52000688,127234389,52000688,75233701,127234389,22177652,10506085,32683737,24760882,2.1,71047832,107
"1,672",40000000,51853450,55249159,51853450,3395709,55249159,16383253,4919832,21303085,10822903,4.79,70223378,104
"1,673",40000000,51504653,65542212,51504653,14037559,65542212,,,,4573523,4.85,120088586,152
"1,674",40000000,51185000,191199996,51185000,140014996,191199996,,,,11051284,4.63,141118738,130
"1,675",40000000,50866635,121032272,50866635,70165637,121032272,52457489,,52457489,15005604,3.39,83068082,138
"1,676",40000000,50572589,146196885,50572589,95624296,146196885,21209620,,21209620,13623630,3.71,79240190,104
"1,677",40000000,49851591,49851591,49851591,,,,,,8132378,6.13,144851787,116
"1,678",40000000,47958031,92110539,47958031,44152508,92110539,,,,18237568,2.63,83250814,95
"1,679",40000000,47907715,92256918,47907715,44349203,92256918,,,,16057945,2.98,80568664,104
"1,680",40000000,47159786,47159786,47159786,,,,,,10626507,4.44,110659697,137
"1,681",40000000,47047013,65282732,47047013,18235719,65282732,9150635,3172392,12323027,13319371,3.53,62076716,132
"1,682",40000000,46012734,106548738,46012734,60536004,106548738,15343191,,15343191,14756850,3.12,69083177,101
"1,683",40000000,44948240,44948240,44948240,,,,,,8494271,5.04,116757113,106
"1,684",40000000,42720965,86778557,42720965,44057592,86778557,9621416,5581928,15203344,16797385,2.54,56368663,115
"1,685",40000000,42587643,155011165,42587643,112423522,155011165,7120155,3391084,10511239,18031396,2.36,57893419,95
"1,686",40000000,42402632,75984700,42402632,33582068,75984700,2749198,2793863,5543061,12361307,3.43,50172438,129
"1,687",40000000,42071069,50071069,42071069,8000000,50071069,,,,12400125,3.39,70752902,
"1,688",40000000,41797066,128884494,41797066,87087428,128884494,28253938,,28253938,10059425,4.16,64749617,94
"1,689",40000000,40412817,103429755,40412817,63016938,103429755,31740276,,31740276,9186054,4.4,62693440,105
"1,690",40000000,38543473,126069509,38543473,87526036,126069509,5045576,2300996,7346572,14608152,2.64,50856623,95
"1,691",40000000,38180928,95989590,38180928,57808662,95989590,6645027,3633897,10278924,18692090,2.04,51902951,110
"1,692",40000000,38087756,38087756,38087756,,,,,,5830302,4.25,98221560,94
"1,693",40000000,37752931,90717684,37752931,52964753,90717684,,,,10987006,3.44,75505858,103
"1,694",40000000,37412945,101162106,37412945,63749161,101162106,10695257,6402054,17097311,13043310,2.87,50858962,105
"1,695",40000000,37134215,41742317,37134215,4608102,41742317,7888115,2389464,10277579,5290629,5.67,50119249,95
"1,696",40000000,36665854,72295262,36665854,35629408,72295262,10214415,5926010,16140425,10408176,3.52,49843367,107
"1,697",40000000,36443442,96398826,36443442,59955384,96398826,,,,14252888,2.56,77334696,123
"1,698",40000000,36343858,118509836,36343858,82165978,118509836,3535324,4220929,7756253,13701452,2.65,43006239,105
"1,699",40000000,36037909,51867723,36037909,15829814,51867723,,,,15710411,2.29,72075813,94
"1,700",40000000,34416893,34479551,34416893,62658,34479551,,,,9151800,3.76,88126856,140
"1,701",40000000,33864342,53864342,33864342,20000000,53864342,,,,10178289,3.33,71861733,102
"1,702",40000000,33562069,78998245,33562069,45436176,78998245,2557580,2816125,5373705,12103043,2.77,39714501,117
"1,703",40000000,33508922,55696705,33508922,22187783,55696705,,,,9631359,3.48,66966039,122
"1,704",40000000,33035397,47787943,33035397,14752546,47787943,5107126,2167714,7274840,12222756,2.7,44908143,110
"1,705",40000000,32862104,49686263,32862104,16824159,49686263,12325475,,12325475,10309986,3.19,49338928,102
"1,706",40000000,31886361,52837989,31886361,20951628,52837989,4527954,4999311,9527265,161306,2.75,38348459,130
"1,707",40000000,31847881,55247881,31847881,23400000,55247881,9327662,2628553,11956215,72348,3.17,43132472,129
"1,708",40000000,31835600,31835600,31835600,,,,1228006,1228006,11713845,2.72,84114648,108
"1,709",40000000,31715062,112930957,31715062,81215895,112930957,22238094,,22238094,12063452,2.63,47616769,103
"1,710",40000000,31011732,59795070,31011732,28783338,59795070,7607094,844397,8451491,9203266,3.37,42369173,110
"1,711",40000000,30981850,46666955,30981850,15685105,46666955,10306007,,10306007,12020807,2.58,52097282,117
"1,712",40000000,30316271,53624424,30316271,23308153,53624424,1916279,1214742,3131021,9740064,3.11,35677876,125
"1,713",40000000,30199105,40390931,30199105,10191826,40390931,,,,10410993,2.9,60398206,
"1,714",40000000,29817991,69817991,29817991,40000000,69817991,2788037,2342121,5130158,7032724,4.24,39504981,113
"1,715",40000000,29374178,40435694,29374178,11061516,40435694,,,,9413684,3.12,58748348,107
"1,716",40000000,29077547,31670620,29077547,2593073,31670620,31567019,,31567019,10016021,2.9,48899913,135
"1,717",40000000,28544120,28544120,28544120,,,,,,8224215,3.47,60571968,96
"1,718",40000000,28370522,57424952,28370522,29054430,57424952,1981053,1970490,3951543,8342311,3.4,34095221,91
"1,719",40000000,27682712,27682712,27682712,,,,,,9101987,3.04,67515754,96
"1,720",40000000,27466489,103913405,27466489,76446916,103913405,1828104,3232480,5060584,8309007,3.31,29113934,118
"1,721",40000000,27053815,27053815,27053815,,,,,,10312740,2.62,51526514,104
"1,722",40000000,26844692,314101190,26844692,287256498,314101190,4985250,5151981,10137231,13601682,1.97,32261511,106
"1,723",40000000,26814957,78269970,26814957,51455013,78269970,9913313,,9913313,8203061,3.27,40259775,115
"1,724",40000000,25584504,31192425,25584504,5607921,31192425,894178,1490503,2384681,8724795,2.93,30747039,88
"1,725",40000000,25288103,65754228,25288103,40466125,65754228,,,,11015226,2.3,48163552,120
"1,726",40000000,25126214,62226214,25126214,37100000,62226214,20364441,,20364441,10025203,2.51,39369261,96
"1,727",40000000,24827228,91126600,24827228,66299372,91126600,7297770,2807018,10104788,10612375,2.34,33749992,98
"1,728",40000000,24172899,24172899,24172899,,,,,,5557590,4.35,63868589,128
"1,729",40000000,22781115,52181095,22781115,29399980,52181095,848429,1280801,2129230,8699630,2.62,23321980,136
"1,730",40000000,22772500,38172500,22772500,15400000,38172500,,,,6041602,3.61,52342754,86
"1,731",40000000,22433915,22505932,22433915,72017,22505932,,,,8935426,2.51,41624372,108
"1,732",40000000,22365133,22365133,22365133,,,,,,8444321,2.65,47459866,128
"1,733",40000000,21218403,125729635,21218403,104511232,125729635,6227629,4634648,10862277,7456525,2.85,26443275,98
"1,734",40000000,21176322,46176322,21176322,25000000,46176322,,,,9970557,2.12,36760177,84
"1,735",40000000,21002919,46187511,21002919,25184592,46187511,16152807,3915499,20068306,265900,3.02,30054651,88
"1,736",40000000,20706452,27506412,20706452,6799960,27506412,1952144,2016382,3968526,9532425,2.17,24502250,91
"1,737",40000000,20350754,37750754,20350754,17400000,37750754,,,,8112627,2.51,50432441,131
"1,738",40000000,20278055,20278055,20278055,,,,,,8012442,2.53,49456430,111
"1,739",40000000,20157300,25268680,20157300,5111380,25268680,11170168,2034484,13204652,7760205,2.6,27298453,117
"1,740",40000000,19019882,169590606,19019882,150570724,169590606,8410610,2624539,11035149,143818,6.9,25316097,114
"1,741",40000000,18450127,20790486,18450127,2340359,20790486,4547768,515591,5063359,6176280,2.99,24986477,91
"1,742",40000000,17640924,26501202,17640924,8860278,26501202,,,,6003197,2.94,17640924,92
"1,743",40000000,17318007,32903549,17318007,15585542,32903549,152173,455179,607352,345157,9.06,17960461,133
"1,744",40000000,16790139,26033563,16790139,9243424,26033563,,,,350190,2.36,20178112,143
"1,745",40000000,15962471,60862471,15962471,44900000,60862471,16741722,,16741722,5361050,2.98,26271054,123
"1,746",40000000,15767460,29312121,15767460,13544661,29312121,4021747,3979443,8001190,6653777,2.37,18657873,121
"1,747",40000000,14967182,19417182,14967182,4450000,19417182,,58510,58510,6637830,2.25,29934357,102
"1,748",40000000,14942422,14942422,14942422,,,,,,5317066,2.81,37029720,138
"1,749",40000000,14904426,28804426,14904426,13900000,28804426,1941145,1799395,3740540,5461475,2.73,18574533,101
"1,750",40000000,14448589,14448589,14448589,,,,,,6219234,2.32,26808221,104
"1,751",40000000,14375181,14375181,14375181,,,,,,4331817,3.32,39632842,107
"1,752",40000000,14358033,14358033,14358033,,,,,,4601954,3.12,37296277,99
"1,753",40000000,14279575,19756077,14279575,5476502,19756077,6489861,418048,6907909,3904047,3.66,20520571,111
"1,754",40000000,14046595,39753957,14046595,25707362,39753957,9257770,1421750,10679520,6293205,2.23,20189636,109
"1,755",40000000,14018364,21156715,14018364,7138351,21156715,,,,5962106,2.35,24334610,91
"1,756",40000000,13508635,13508635,13508635,,,,,,5558400,2.43,28665960,108
"1,757",40000000,13395939,35195939,13395939,21800000,35195939,,,,6218335,2.15,23253603,106
"1,758",40000000,13391791,34891791,13391791,21500000,34891791,,,,5434620,2.46,14195039,
"1,759",40000000,13208023,13289290,13208023,81267,13289290,,,,5710128,2.31,24506444,101
"1,760",40000000,12082391,12345883,12082391,263492,12345883,12413974,,12413974,5401605,2.24,18136542,103
"1,761",40000000,10664749,24478613,10664749,13813864,24478613,1583447,1073031,2656478,5028702,2.12,13637713,115
"1,762",40000000,10447421,10717421,10447421,270000,10717421,,,,4605167,2.27,22169911,83
"1,763",40000000,10330853,17033431,10330853,6702578,17033431,6333402,2449823,8783225,4424126,2.34,14848879,108
"1,764",40000000,9652000,10070651,9652000,418651,10070651,,,,4617128,2.09,17255147,88
"1,765",40000000,7388654,16340767,7388654,8952113,16340767,139784,846796,986580,3528376,2.09,9797004,146
"1,766",40000000,7000000,7000000,7000000,,,,490415,490415,,,28052039,114
"1,767",40000000,6738000,86233251,6738000,79495251,86233251,,,,3215000,2.1,8616325,160
"1,768",40000000,6115824,33222314,6115824,27106490,33222314,1498196,1326789,2824985,3024399,2.02,7236937,103
"1,769",40000000,6114237,7974607,6114237,1860370,7974607,,,,3022523,2.02,11493097,102
"1,770",40000000,5775076,31124367,5775076,25349291,31124367,1601993,779748,2381741,2469341,2.34,7384968,110
"1,771",40000000,5332621,10032621,5332621,4700000,10032621,,,,2679027,1.99,6275728,149
"1,772",40000000,4835968,12624471,4835968,7788503,12624471,,,,2233525,2.17,8970911,93
"1,773",40000000,4777007,16172200,4777007,11395193,16172200,,50256,50256,2272489,2.1,9098255,87
"1,774",40000000,4563029,82825956,4563029,78262927,82825956,2618216,2326222,4944438,171187,4.53,6020738,126
"1,775",40000000,3688560,32030610,3688560,28342050,32030610,7206224,,7206224,242964,2.92,5779449,107
"1,776",40000000,2816518,14938149,2816518,12121631,14938149,,,,,,7441682,111
"1,777",40000000,1738477,30230402,1738477,28491925,30230402,1169498,1255790,2425288,114129,1.93,2166564,110
"1,778",40000000,1641825,6341825,1641825,4700000,6341825,,,,,,4770581,
"1,779",40000000,915840,915840,915840,,,,,,511920,1.79,1375032,89
"1,780",40000000,876671,7729552,876671,6852881,7729552,3517713,,3517713,39609,2.4,1373620,101
"1,781",40000000,659210,20722450,659210,20063240,20722450,,,,215177,3.06,1084921,
"1,782",40000000,627047,119627047,627047,119000000,119627047,,,,13104,6.34,894147,146
"1,783",40000000,463730,463730,463730,,,,,,164801,2.81,804986,93
"1,784",40000000,79123,79123,79123,,,,,,14250,4.55,123970,
"1,785",40000000,0,27000219,,27000219,27000219,1336088,509254,1845342,,,,
"1,786",40000000,0,22024849,,22024849,22024849,,,,,,,104
"1,787",40000000,0,5578259,,5578259,5578259,,,,,,,117
"1,788",40000000,0,1663785,,1663785,1663785,,,,,,,110
"1,789",40000000,0,734423,,734423,734423,,,,,,,
"1,790",40000000,0,0,,,,,,,,,,98
"1,791",40000000,0,0,,,,,,,,,,
"1,792",40000000,0,0,,,,,,,,,,100
"1,793",40000000,0,0,,,,,,,,,,
"1,794",40000000,0,0,,,,,,,,,,
"1,795",40000000,0,0,,,,,,,,,,99
"1,796",40000000,0,0,,,,,,,,,,
"1,797",40000000,0,0,,,,,,,,,,103
"1,798",39000000,63414846,102332135,63414846,38917289,102332135,23099029,3352080,26451109,18623171,3.41,91148274,107
"1,799",39000000,59950623,80200000,59950623,20249377,80200000,,,,13352357,4.49,205164346,
"1,800",39000000,42674040,69538833,42674040,26864793,69538833,24090705,,24090705,13122865,3.25,66864265,102
"1,801",39000000,35287788,81150788,35287788,45863000,81150788,19974303,7392407,27366710,11412213,3.09,47779202,87
"1,802",39000000,30356589,37956589,30356589,7600000,37956589,,,,8110080,3.74,74037105,94
"1,803",39000000,25514517,40319440,25514517,14804923,40319440,,,,10086680,2.53,42908960,119
"1,804",39000000,12796824,26796824,12796824,14000000,26796824,15866025,,15866025,5716554,2.24,20050832,87
"1,805",39000000,5881504,6429865,5881504,548361,6429865,,,,3038546,1.94,10209760,111
"1,806",38600000,6594959,57986660,6594959,51391701,57986660,1248937,720546,1969483,132617,2.66,8744607,130
"1,807",38000000,144512310,206458372,144512310,61946062,206458372,,,,40089015,3.6,275237224,107
"1,808",38000000,127214072,182365114,127214072,55151042,182365114,,,,35648740,3.57,235959431,109
"1,809",38000000,88915214,205298907,88915214,116383693,205298907,36906387,3346109,40252496,27605576,3.22,127800792,95
"1,810",38000000,85846296,119721296,85846296,33875000,119721296,,,,16711716,5.14,159262394,99
"1,811",38000000,75671262,120000000,75671262,44328738,120000000,,,,23116394,3.27,199243765,118
"1,812",38000000,73921000,126422949,73921000,52501949,126422949,8718166,7285509,16003675,23851539,3.1,88837053,89
"1,813",38000000,71091594,107453907,71091594,36362313,107453907,8651126,3828888,12480014,23762435,2.99,90909540,94
"1,814",38000000,61894591,61894591,61894591,,,,,,6062922,6.38,144272319,97
"1,815",38000000,60323786,117425156,60323786,57101370,117425156,3716662,2109159,5825821,11002986,5.48,73858092,111
"1,816",38000000,58709717,116809717,58709717,58100000,116809717,16407129,3144484,19551613,16842353,3.49,79809676,120
"1,817",38000000,53374681,105887837,53374681,52513156,105887837,20482949,3412954,23895903,14506464,3.68,72921730,113
"1,818",38000000,50699241,73956241,50699241,23257000,73956241,,,,384640,4.82,101464529,146
"1,819",38000000,42025135,94763758,42025135,52738623,94763758,13963193,12251499,26214692,19030375,2.21,55723362,119
"1,820",38000000,40334024,57753825,40334024,17419801,57753825,,,,11801323,3.42,76819919,123
"1,821",38000000,39177215,50970660,39177215,11793445,50970660,,,,14009653,2.8,72690251,
"1,822",38000000,34912982,111336398,34912982,76423416,111336398,4692924,5424171,10117095,10326356,3.38,43510042,112
"1,823",38000000,31811527,49678401,31811527,17866874,49678401,17673969,2994338,20668307,10079109,3.16,45723758,111
"1,824",38000000,26947624,98159204,26947624,71211580,98159204,5045028,7651598,12696626,187289,2.69,35731280,123
"1,825",38000000,24044532,29544532,24044532,5500000,29544532,,,,9225575,2.61,45795057,102
"1,826",38000000,22770864,24515990,22770864,1745126,24515990,,,,3553725,4.49,43221257,98
"1,827",38000000,21704844,39178189,21704844,17473345,39178189,1453574,4348797,5802371,10202108,2.13,25683673,109
"1,828",38000000,21277892,46819069,21277892,25541177,46819069,2370316,1914566,4284882,3623880,5.87,24710239,94
"1,829",38000000,18653746,58394308,18653746,39740562,58394308,,,,6622518,2.82,37307489,132
"1,830",38000000,18340051,24555177,18340051,6215126,24555177,5714419,2986192,8700611,6002665,3.06,22037834,134
"1,831",38000000,17378193,17378193,17378193,,,,,,6906546,2.52,42383909,118
"1,832",38000000,16999934,27573078,16999934,10573144,27573078,6086901,5125067,11211968,8493665,2,23109625,102
"1,833",38000000,16991902,19317765,16991902,2325863,19317765,,,,6018636,2.82,32362660,106
"1,834",38000000,12668325,12668325,12668325,,,7566854,5785204,13352058,2250430,5.63,13853087,118
"1,835",38000000,12180032,15980032,12180032,3800000,15980032,813491,1044816,1858307,5527410,2.2,14334144,102
"1,836",38000000,10229300,10229300,10229300,,,,,,3908514,2.62,24948380,129
"1,837",38000000,7873007,17831558,7873007,9958551,17831558,8373769,,8373769,3129473,2.52,11819796,90
"1,838",38000000,6504442,6504442,6504442,,,,,,2704568,2.4,15276219,118
"1,839",38000000,3143056,14636067,3143056,11493011,14636067,,,,115575,4.15,3719219,121
"1,840",38000000,623374,623374,623374,,,,,,319516,1.95,1187266,
"1,841",38000000,0,5473041,,5473041,5473041,,,,,,,
"1,842",37500000,108235497,125818440,108235497,17582943,125818440,4224627,3078079,7302706,20355000,5.32,127377580,126
"1,843",37500000,41152203,88473016,41152203,47320813,88473016,6914030,1248557,8162587,10547068,3.9,55731242,109
"1,844",37500000,16247159,29044338,16247159,12797179,29044338,2377786,1808311,4186097,736311,3.7,21995480,136
"1,845",37500000,9793406,9813309,9793406,19903,9813309,8706342,,8706342,4562675,2.15,14703748,130
"1,846",37000000,192769854,402278564,192769854,209508710,402278564,208165605,26724164,234889769,69637740,2.77,288408098,121
"1,847",37000000,150394119,267816276,150394119,117422157,267816276,33684214,17181970,50866184,26419396,5.69,199415566,100
"1,848",37000000,109767581,174167581,109767581,64400000,174167581,18416058,12491819,30907877,29632823,3.7,140029408,133
"1,849",37000000,92186262,152566881,92186262,60380619,152566881,32500552,22619482,55120034,23808032,3.87,125952755,123
"1,850",37000000,72286779,96068724,72286779,23781945,96068724,30693108,13160858,43853966,19152401,3.77,98264874,112
"1,851",37000000,69179066,117378084,69179066,48199018,117378084,6473953,2799085,9273038,17005332,4.07,81860625,93
"1,852",37000000,60355347,168167798,60355347,107812451,168167798,20197309,,20197309,19128001,3.16,90617079,97
"1,853",37000000,57139723,97658712,57139723,40518989,97658712,,,,21054238,2.71,99189400,98
"1,854",37000000,51975354,53143144,51975354,1167790,53143144,13252514,2242941,15495455,21641679,2.4,68916885,111
"1,855",37000000,48006762,101857425,48006762,53850663,101857425,19369975,,19369975,13210579,3.63,72077010,96
"1,856",37000000,46843513,100003780,46843513,53160267,100003780,3509163,1661410,5170573,17878911,2.62,58378389,110
"1,857",37000000,44875481,55909910,44875481,11034429,55909910,14454279,3897817,18352096,18211126,2.46,61312759,107
"1,858",37000000,33047633,97143987,33047633,64096354,97143987,6849354,2414162,9263516,14789393,2.23,44924777,114
"1,859",37000000,30105968,67029956,30105968,36923988,67029956,14018287,,14018287,7181374,4.19,45200885,81
"1,860",37000000,22450975,48446802,22450975,25995827,48446802,,,,193604,3.94,44995300,189
"1,861",37000000,21052030,25387091,21052030,4335061,25387091,4245929,1773593,6019522,9670235,2.18,26920625,105
"1,862",37000000,1243810,259425249,1243810,258181439,259425249,35441,102343,137784,279974,4.44,1586568,124
"1,863",36500000,0,15000000,,15000000,15000000,,,,,,,
"1,864",36000000,215288866,431674156,215288866,216385290,431674156,23618228,28198597,51816825,42908051,5.02,254663281,140
"1,865",36000000,99967670,193737977,99967670,93770307,193737977,24623868,8719569,33343437,25356909,3.94,135895515,84
"1,866",36000000,72581770,104581770,72581770,32000000,104581770,,,,28635307,2.53,72581772,112
"1,867",36000000,71026631,102226631,71026631,31200000,102226631,,,,20275194,3.5,131784347,118
"1,868",36000000,68208190,117448157,68208190,49239967,117448157,,,,19208806,3.55,144686379,94
"1,869",36000000,55500000,160000000,55500000,104500000,160000000,,,,10958157,5.06,189494559,134
"1,870",36000000,50269859,65967750,50269859,15697891,65967750,27383766,7166190,34549956,14020502,3.59,68683024,99
"1,871",36000000,50159144,50159144,50159144,,,,,,12307128,4.08,117802956,93
"1,872",36000000,42024533,57824533,42024533,15800000,57824533,14736185,6218568,20954753,15873397,2.65,55449744,107
"1,873",36000000,31846530,59168339,31846530,27321809,59168339,1375997,1589935,2965932,11575855,2.75,32602612,93
"1,874",36000000,31016021,85309093,31016021,54293072,85309093,2190585,1086899,3277484,7102085,4.37,38356792,96
"1,875",36000000,26500000,43797731,26500000,17297731,43797731,,,,11019224,2.4,47374791,109
"1,876",36000000,23360779,23360779,23360779,,,,,,8128356,2.87,46721555,104
"1,877",36000000,14378353,14378353,14378353,,,,,,32135,3.68,28774159,127
"1,878",36000000,13052741,13052741,13052741,,,,,,168012,2.6,31177808,130
"1,879",36000000,12532777,12532777,12532777,,,,,,4320202,2.9,29431049,106
"1,880",36000000,2954405,2954405,2954405,,,,,,1368705,2.16,5908809,95
"1,881",36000000,2679437,157300954,2679437,154621517,157300954,1614025,1266743,2880768,784839,3.41,3339224,105
"1,882",36000000,1069334,4020990,1069334,2951656,4020990,,,,705537,1.52,1453640,120
"1,883",36000000,0,1578543,,1578543,1578543,138971,49006,187977,,,,127
"1,884",35200000,37788228,38283765,37788228,495537,38283765,,,,13503484,2.8,67555069,
"1,885",35000000,328828874,701012746,328828874,372183872,701012746,24423997,27713509,52137506,123403419,2.66,395147605,135
"1,886",35000000,277322503,465487583,277322503,188165080,465487583,187819849,55742408,243562257,44979319,6.17,398604881,100
"1,887",35000000,255959475,305705794,255959475,49746319,305705794,113155131,15082274,128237405,34119372,6.38,364525538,128
"1,888",35000000,252651617,412811617,252651617,160160000,412811617,,,,40489746,6.24,682208635,121
"1,889",35000000,206040085,312383487,206040085,106343402,312383487,,,,54917604,3.75,437226785,95
"1,890",35000000,171243005,252276928,171243005,81033923,252276928,26811280,15202434,42013714,24830443,6.9,233384143,110
"1,891",35000000,144731527,319700000,144731527,174968473,319700000,,,,33243086,4.35,375953211,118
"1,892",35000000,141186864,245300000,141186864,104113136,245300000,,,,33001803,4.28,323880368,98
"1,893",35000000,134506920,175361578,134506920,40854658,175361578,23239776,12376325,35616101,34551025,3.89,178349882,147
"1,894",35000000,124740460,326073155,124740460,201332695,326073155,98444577,,98444577,27537244,4.53,205298039,109
"1,895",35000000,117538559,212417601,117538559,94879042,212417601,21335931,10944171,32280102,28302165,4.15,159781289,98
"1,896",35000000,112692062,197692062,112692062,85000000,197692062,,,,26546881,4.25,214632581,89
"1,897",35000000,110212700,141123897,110212700,30911197,141123897,8076663,5812332,13888995,30097040,3.66,140936286,122
"1,898",35000000,108391107,169063850,108391107,60672743,169063850,1681877,3046700,4728577,44447270,2.44,108391111,123
"1,899",35000000,83299761,114962525,83299761,31662764,114962525,20218526,8634750,28853276,413373,6.19,110293554,125
"1,900",35000000,82258456,139000000,82258456,56741544,139000000,,734631,734631,11926421,6.81,353285319,132
"1,901",35000000,81159365,159846429,81159365,78687064,159846429,27398259,,27398259,24105943,3.37,121852075,122
"1,902",35000000,80277646,218535708,80277646,138258062,218535708,26566283,,26566283,20172474,3.98,120528280,98
"1,903",35000000,79091969,182291969,79091969,103200000,182291969,,,,10261025,7.71,202520518,128
"1,904",35000000,78716374,231710008,78716374,152993634,231710008,,,,278439,14.18,187407756,161
"1,905",35000000,73178547,122357172,73178547,49178625,122357172,33682164,,33682164,17012212,4.3,105181969,100
"1,906",35000000,68915888,102115888,68915888,33200000,102115888,,,,20671446,3.33,115899100,105
"1,907",35000000,67544505,90221182,67544505,22676677,90221182,13068287,7412833,20481120,11579175,5.4,91097252,134
"1,908",35000000,64604977,126204977,64604977,61600000,126204977,,,,5211198,12.4,150412747,137
"1,909",35000000,63939454,83109359,63939454,19169905,83109359,,,,14631784,4.37,107529993,100
"1,910",35000000,63826569,83226569,63826569,19400000,83226569,,,,15019821,4.25,149881552,90
"1,911",35000000,63075011,117729618,63075011,54654607,117729618,12896071,2664682,15560753,32902299,1.92,86178532,94
"1,912",35000000,61280963,104102747,61280963,42821784,104102747,,194355,194355,17515050,3.5,122561916,108
"1,913",35000000,60054449,113354449,60054449,53300000,113354449,,,,17161943,3.5,148824584,108
"1,914",35000000,59843754,65063726,59843754,5219972,65063726,34413865,,34413865,19656429,3.04,98490931,85
"1,915",35000000,59699513,60376247,59699513,676734,60376247,40107142,10433439,50540581,12694770,4.7,81562170,123
"1,916",35000000,56968169,56968169,56968169,,,,,,17271450,3.3,130941760,132
"1,917",35000000,55802754,146595891,55802754,90793137,146595891,23384184,7237853,30622037,18622150,3,75857965,109
"1,918",35000000,55340730,108757621,55340730,53416891,108757621,2737971,3525366,6263337,21760405,2.54,68967982,92
"1,919",35000000,54149098,96096018,54149098,41946920,96096018,31383028,,31383028,24255205,2.23,84844076,86
"1,920",35000000,52333738,53293628,52333738,959890,53293628,,,,13303724,3.93,93530902,111
"1,921",35000000,50065850,76346094,50065850,26280244,76346094,3818723,5167886,8986609,19007566,2.63,59243668,123
"1,922",35000000,49492060,95104304,49492060,45612244,95104304,26141626,3042556,29184182,16894511,2.93,70976555,88
"1,923",35000000,48169910,48169910,48169910,,,,,,9871125,4.88,125147413,202
"1,924",35000000,47425125,95682614,47425125,48257489,95682614,2849376,1945236,4794612,22620386,2.1,60645650,93
"1,925",35000000,46697321,93006429,46697321,46309108,93006429,5423099,3881953,9305052,15802225,2.96,55257633,90
"1,926",35000000,45819713,71118378,45819713,25298665,71118378,4770936,6106875,10877811,15815025,2.9,54219153,90
"1,927",35000000,45802315,92141886,45802315,46339571,92141886,46617619,,46617619,20828511,2.2,65833190,93
"1,928",35000000,43894863,58405313,43894863,14510450,58405313,,,,12855321,3.41,73820060,98
"1,929",35000000,43799818,70187088,43799818,26387270,70187088,23437682,,23437682,10422258,4.2,68628197,91
"1,930",35000000,41954997,65303052,41954997,23348055,65303052,,,,11660216,3.6,98534827,126
"1,931",35000000,40689393,87775050,40689393,47085657,87775050,26346694,,26346694,17639849,2.31,61089980,103
"1,932",35000000,40119709,103787401,40119709,63667692,103787401,,,,17707106,2.27,74438972,101
"1,933",35000000,39692139,77392139,39692139,37700000,77392139,,,,12634563,3.14,68901965,104
"1,934",35000000,39046489,65084116,39046489,26037627,65084116,8687359,2476647,11164006,13945368,2.8,53079588,103
"1,935",35000000,37629831,46309644,37629831,8679813,46309644,26463566,,26463566,7849304,4.79,61824389,
"1,936",35000000,37553932,165103952,37553932,127550020,165103952,9965505,7533399,17498904,12050368,3.12,51048162,109
"1,937",35000000,37490007,75281179,37490007,37791172,75281179,13779871,1173951,14953822,12201710,3.07,51222086,104
"1,938",35000000,37306030,84606030,37306030,47300000,84606030,10089588,2509850,12599438,11217324,3.33,50710263,137
"1,939",35000000,36805288,53425292,36805288,16620004,53425292,,,,11423716,3.22,73598175,106
"1,940",35000000,36108758,66295121,36108758,30186363,66295121,6087893,3062236,9150129,13710825,2.63,42728028,90
"1,941",35000000,34580201,51680201,34580201,17100000,51680201,7657048,2473617,10130665,13942258,2.48,44219991,87
"1,942",35000000,34531832,50363790,34531832,15831958,50363790,5202270,2393418,7595688,10513749,3.28,43601607,121
"1,943",35000000,34393507,145374099,34393507,110980592,145374099,3156466,3454132,6610598,13113024,2.62,41333549,116
"1,944",35000000,33987757,116148537,33987757,82160780,116148537,,,,7707972,4.41,58646154,104
"1,945",35000000,33423000,99423000,33423000,66000000,99423000,,,,9508030,3.52,86353912,102
"1,946",35000000,33422806,33422806,33422806,,,,,,11102948,3.01,63584073,95
"1,947",35000000,32868349,33500620,32868349,632271,33500620,,,,11382472,2.89,55276250,113
"1,948",35000000,32539222,111874038,32539222,79334816,111874038,,,,111261,13.25,58223319,149
"1,949",35000000,32064800,70064800,32064800,38000000,70064800,,,,12077236,2.65,53924880,107
"1,950",35000000,31598308,68712365,31598308,37114057,68712365,,,,11014818,2.87,60178067,121
"1,951",35000000,31445011,57897191,31445011,26452180,57897191,1575203,855791,2430994,11603039,2.71,37209348,80
"1,952",35000000,30691439,77220596,30691439,46529157,77220596,10596145,,10596145,11161074,2.75,46079908,111
"1,953",35000000,30353973,81209222,30353973,50855249,81209222,7639286,7716480,15355766,13688751,2.22,36478906,91
"1,954",35000000,30307804,30307804,30307804,,,,,,14757535,2.05,56233751,101
"1,955",35000000,29197642,97799865,29197642,68602223,97799865,12146473,2035493,14181966,8407685,3.47,39892339,109
"1,956",35000000,28687835,52649951,28687835,23962116,52649951,20263226,,20263226,11354069,2.53,43071706,100
"1,957",35000000,28317513,54768418,28317513,26450905,54768418,,,,8784943,3.22,72342596,108
"1,958",35000000,28087155,86648359,28087155,58561204,86648359,8158671,2360537,10519208,10925253,2.57,38181520,106
"1,959",35000000,27107960,27176825,27107960,68865,27176825,,2241754,2241754,3934030,6.89,108633380,114
"1,960",35000000,26638520,73026302,26638520,46387782,73026302,12911010,,12911010,9510297,2.8,38847088,86
"1,961",35000000,26613620,26613620,26613620,,,,169711,169711,9160263,2.91,56475353,112
"1,962",35000000,25888412,35426759,25888412,9538347,35426759,13204123,3165707,16369830,11396768,2.27,35059934,102
"1,963",35000000,25266129,37066129,25266129,11800000,37066129,,,,8319171,3.04,43859713,102
"1,964",35000000,25078937,25078937,25078937,,,,,,5233658,4.71,58826740,120
"1,965",35000000,24139805,207298383,24139805,183158578,207298383,3099681,1601675,4701356,8571785,2.82,30084048,122
"1,966",35000000,23483357,28906817,23483357,5423460,28906817,,,,7823521,3,44726252,109
"1,967",35000000,23365858,28391473,23365858,5025615,28391473,,,,6406012,3.65,60741010,132
"1,968",35000000,23083334,25350747,23083334,2267413,25350747,2622428,1447992,4070420,7450275,3.1,28767433,111
"1,969",35000000,22913677,24200318,22913677,1286641,24200318,,,,6169030,3.71,39776076,96
"1,970",35000000,22467450,82182803,22467450,59715353,82182803,3981283,4076719,8058002,8326530,2.7,28730619,96
"1,971",35000000,21198205,47454408,21198205,26256203,47454408,597079,1229179,1826258,216495,6.53,25093900,130
"1,972",35000000,20982478,68170792,20982478,47188314,68170792,17428711,,17428711,10021753,2.09,31502944,110
"1,973",35000000,20275446,31393201,20275446,11117755,31393201,7214852,1108550,8323402,6030164,3.36,27458449,91
"1,974",35000000,19701164,37114977,19701164,17413813,37114977,6414299,4189441,10603740,8268908,2.38,26122818,108
"1,975",35000000,19478106,64188387,19478106,44710281,64188387,,,,5914722,3.29,32757251,75
"1,976",35000000,19389454,33422485,19389454,14033031,33422485,,,,5808919,3.34,38768933,112
"1,977",35000000,19294901,25114901,19294901,5820000,25114901,,,,9633085,2,32449137,97
"1,978",35000000,18317151,20606053,18317151,2288902,20606053,17479030,,17479030,4174383,4.39,28632801,96
"1,979",35000000,18306166,29882645,18306166,11576479,29882645,,,,6857879,2.67,33965656,132
"1,980",35000000,17630465,39340177,17630465,21709712,39340177,7811107,473858,8284965,6627564,2.66,24088266,91
"1,981",35000000,17616641,48543388,17616641,30926747,48543388,8498464,3035018,11533482,7008222,2.51,23358837,108
"1,982",35000000,16862585,41666476,16862585,24803891,41666476,,,,7118985,2.37,29271926,98
"1,983",35000000,15325127,15471969,15325127,146842,15471969,,,,5485591,2.79,30650246,119
"1,984",35000000,15185241,33771965,15185241,18586724,33771965,,,,7237422,2.1,30281311,108
"1,985",35000000,14998070,63211088,14998070,48213018,63211088,9703132,,9703132,6702434,2.24,23495959,88
"1,986",35000000,14471440,14471440,14471440,,,,,,5725133,2.53,37055129,115
"1,987",35000000,13305665,61721826,13305665,48416161,61721826,,5615227,5615227,372920,10.02,18087654,138
"1,988",35000000,13264986,13601109,13264986,336123,13601109,,,,4855475,2.73,25264407,95
"1,989",35000000,13103272,27805632,13103272,14702360,27805632,2565507,879035,3444542,5750288,2.28,17738253,105
"1,990",35000000,11989328,12506188,11989328,516860,12506188,7687089,,7687089,4510408,2.66,19732046,
"1,991",35000000,11405825,24405825,11405825,13000000,24405825,,,,1205174,8.73,21373495,111
"1,992",35000000,11001272,31878891,11001272,20877619,31878891,6778755,1797767,8576522,160069,9.32,15205395,100
"1,993",35000000,10508518,18376443,10508518,7867925,18376443,4807890,3647347,8455237,5272444,1.99,13865581,110
"1,994",35000000,10319915,10319915,10319915,,,,,,5516231,1.87,23720398,90
"1,995",35000000,10275638,12254746,10275638,1979108,12254746,4241043,603127,4844170,4915104,2.09,14769516,101
"1,996",35000000,10219501,13214051,10219501,2994550,13214051,1188702,506069,1694771,4772613,2.14,13068357,91
"1,997",35000000,10161183,61492104,10161183,51330921,61492104,950960,1719524,2670484,1560299,2.73,12993781,124
"1,998",35000000,10144010,15461638,10144010,5317628,15461638,9724241,,9724241,3768702,2.69,16678202,96
"1,999",35000000,8323085,29890402,8323085,21567317,29890402,2552468,1038761,3591229,84283,3.71,11027821,146
"2,000",35000000,8176562,11174650,8176562,2998088,11174650,277966,492771,770737,320396,3.07,8176562,179
"2,001",35000000,8050977,10157534,8050977,2106557,10157534,12373628,1895761,14269389,4271451,1.88,12087679,103
"2,002",35000000,7659747,11559747,7659747,3900000,11559747,,,,4438899,1.73,13693543,102
"2,003",35000000,7459300,42064105,7459300,34604805,42064105,10362816,,10362816,3721526,2,12274216,118
"2,004",35000000,6864016,28720470,6864016,21856454,28720470,1309605,1107275,2416880,3258327,2.11,8554221,82
"2,005",35000000,6670765,43033661,6670765,36362896,43033661,1151555,858039,2009594,3372565,1.98,8016816,142
"2,006",35000000,6630252,16830252,6630252,10200000,16830252,,,,2776248,2.39,12301910,
"2,007",35000000,6448817,6448817,6448817,,,,,,3277084,1.97,15145587,101
"2,008",35000000,5781086,32717063,5781086,26935977,32717063,,,,908446,6.36,10335002,124
"2,009",35000000,5101237,24687524,5101237,19586287,24687524,2908320,577171,3485491,456930,7.95,6934591,138
"2,010",35000000,4651977,4651977,4651977,,,,,,1932595,2.41,12083927,113
"2,011",35000000,4496583,4496583,4496583,,,,,,,,11708492,
"2,012",35000000,4212494,11846010,4212494,7633516,11846010,1315714,288385,1604099,1138578,3.7,5249785,97
"2,013",35000000,2221994,2221994,2221994,,,,,,107108,4.76,5218533,121
"2,014",35000000,2000000,2000000,2000000,,,,,,1406300,1.42,5811315,
"2,015",35000000,1500000,1502136,1500000,2136,1502136,,102605,102605,,,6011144,156
"2,016",35000000,1320043,1320043,1320043,,,,,,,5.26,3219469,
"2,017",35000000,630779,630779,630779,,,,,,64159,7.23,1321488,
"2,018",35000000,289773,17967746,289773,17677973,17967746,4690385,700506,5390891,183125,1.58,392424,96
"2,019",35000000,16816,786532,16816,769716,786532,2337261,472617,2809878,16816,1,22854,90
"2,020",35000000,0,19282590,,19282590,19282590,8712808,,8712808,,,,93
"2,021",35000000,0,732269,,732269,732269,,,,,,,125
"2,022",35000000,0,116473,,116473,116473,,,,,,,129
"2,023",35000000,0,86906,,86906,86906,,,,,,,114
"2,024",35000000,0,53899,,53899,53899,,,,,,,109
"2,025",35000000,0,0,,,,,,,,,,
"2,026",34800000,21443494,64626786,21443494,43183292,64626786,5474800,3972332,9447132,2993519,5.15,29107606,89
"2,027",34000000,107825862,226977991,107825862,119152129,226977991,6224102,11049138,17273240,20553320,5.25,129583362,115
"2,028",34000000,102427862,348319861,102427862,245891999,348319861,24551718,16432112,40983830,32512804,3.15,135136431,113
"2,029",34000000,37446117,63802928,37446117,26356811,63802928,22645499,4869278,27514777,13019686,2.88,47884835,128
"2,030",34000000,32014993,32021688,32014993,6695,32021688,,,,2317289,6.71,83362710,
"2,031",34000000,15090399,205162666,15090399,190072267,205162666,31139770,10207122,41346892,3585852,4.21,21689931,101
"2,032",34000000,12695691,38361428,12695691,25665737,38361428,1291252,2460737,3751989,5842609,2.17,15022997,105
"2,033",34000000,11263966,11263966,11263966,,,,,,5810531,1.94,23902666,101
"2,034",34000000,10672566,10672566,10672566,,,,,,4027003,2.65,22647680,109
"2,035",34000000,6543194,14291999,6543194,7748805,14291999,,,,2411445,2.71,13086381,114
"2,036",34000000,4091,62582520,4091,62578429,62582520,166300,86264,252564,4091,1,5390,85
"2,037",34000000,0,40629075,,40629075,40629075,5055094,5167535,10222629,,,,119
"2,038",33500000,50000000,50000130,50000000,130,50000130,,,,2411083,13.41,187682452,195
"2,039",33000000,141340178,236500000,141340178,95159822,236500000,,,,15517468,9.11,367541437,138
"2,040",33000000,117559438,173559438,117559438,56000000,173559438,,,,25661041,4.58,235118872,98
"2,041",33000000,51758599,79958599,51758599,28200000,79958599,,,,18485586,2.8,98579090,135
"2,042",33000000,46009673,75898100,46009673,29888427,75898100,3672650,3309394,6982044,16628170,2.77,57339219,98
"2,043",33000000,35074677,165552290,35074677,130477613,165552290,,,,11731708,2.99,47500625,97
"2,044",33000000,34020814,62020814,34020814,28000000,62020814,24434508,,24434508,15206301,2.24,55991503,106
"2,045",33000000,33664370,54533774,33664370,20869404,54533774,,,,13834527,2.43,58438305,124
"2,046",33000000,28946615,47267829,28946615,18321214,47267829,,,,9062295,3.19,57893225,97
"2,047",33000000,28539757,42657631,28539757,14117874,42657631,2189140,2595504,4784644,9261268,3.08,33586470,103
"2,048",33000000,20831465,37339104,20831465,16507639,37339104,2769908,1672278,4442186,601032,5.18,24462213,93
"2,049",33000000,17142080,41495213,17142080,24353133,41495213,6557931,3331491,9889422,7892539,2.17,23215021,95
"2,050",33000000,11008770,21621188,11008770,10612418,21621188,9194236,,9194236,4926565,2.23,16528489,109
"2,051",33000000,8408835,8408835,8408835,,,,,,3555032,2.37,17843940,124
"2,052",33000000,4283255,27610873,4283255,23327618,27610873,12683719,,12683719,1921838,2.23,7049387,121
"2,053",33000000,176847,357687,176847,180840,357687,,,,110295,1.6,226143,105
"2,054",33000000,70958,70958,70958,,,190097,222742,412839,,,90735,92
"2,055",32500000,316465003,482365284,316465003,165900281,482365284,,3591297,3591297,23019618,13.75,1009821373,133
"2,056",32500000,169211718,289632023,169211718,120420305,289632023,70808463,24057254,94865717,26247410,6.45,230025516,120
"2,057",32500000,34194407,112964875,34194407,78770468,112964875,13224791,,13224791,168051,11.95,49376389,122
"2,058",32500000,21819348,48425971,21819348,26606623,48425971,4477491,1153398,5630889,7591663,2.87,28931429,90
"2,059",32500000,17288155,24159934,17288155,6871779,24159934,4802468,902174,5704642,6526650,2.65,23412845,98
"2,060",32000000,184129376,230942224,184129376,46812848,230942224,,,,31113501,5.92,322178723,97
"2,061",32000000,104636382,152036382,104636382,47400000,152036382,,,,24517121,4.27,255190348,123
"2,062",32000000,101470202,126539117,101470202,25068915,126539117,8199821,9078680,17278501,20719162,4.9,134544738,106
"2,063",32000000,81150692,116898028,81150692,35747336,116898028,,,,17814259,4.56,150568744,99
"2,064",32000000,80197993,99296462,80197993,19098469,99296462,47098469,,47098469,28309599,2.83,131989975,90
"2,065",32000000,59450353,59450796,59450353,443,59450796,,,,13027842,4.56,156288235,
"2,066",32000000,57744720,70587268,57744720,12842548,70587268,18462424,4898333,23360757,20512304,2.82,78895823,107
"2,067",32000000,54712227,140428499,54712227,85716272,140428499,9278402,8584571,17862973,14812094,3.69,74375510,93
"2,068",32000000,50041732,89441732,50041732,39400000,89441732,,100487,100487,18309666,2.73,106187625,103
"2,069",32000000,48814909,82339483,48814909,33524574,82339483,,,,13339465,3.66,97505553,128
"2,070",32000000,48795601,91444095,48795601,42648494,91444095,2477214,1799772,4276986,16030218,3.04,57740558,110
"2,071",32000000,43095856,88978458,43095856,45882602,88978458,31248217,,31248217,16540720,2.61,72476333,87
"2,072",32000000,37915414,82332450,37915414,44417036,82332450,4695627,752172,5447799,16300803,2.33,51542015,107
"2,073",32000000,36299670,36299670,36299670,,,,,,8624292,4.21,94519428,125
"2,074",32000000,35193167,77593167,35193167,42400000,77593167,28453844,,28453844,14602867,2.41,55142772,95
"2,075",32000000,34175000,94875000,34175000,60700000,94875000,,539801,539801,2701898,12.65,146775489,116
"2,076",32000000,33022286,39498360,33022286,6476074,39498360,29548807,,29548807,9178233,3.6,55535132,102
"2,077",32000000,31762808,61404394,31762808,29641586,61404394,485887,986094,1471981,319157,6.22,37361841,108
"2,078",32000000,31493782,61477797,31493782,29984015,61477797,39636020,,39636020,515992,3.89,52953958,96
"2,079",32000000,22537881,27392609,22537881,4854728,27392609,3384834,2371883,5756717,10177257,2.21,29884176,100
"2,080",32000000,18552460,18552460,18552460,,,,,,6515861,2.85,45975978,103
"2,081",32000000,17848322,29939591,17848322,12091269,29939591,,,,6728905,2.65,30983068,90
"2,082",32000000,17839115,31178942,17839115,13339827,31178942,1902107,3267464,5169571,7132647,2.5,21109288,141
"2,083",32000000,17804299,43603990,17804299,25799691,43603990,,,,6884964,2.59,24325771,109
"2,084",32000000,16640210,16640210,16640210,,,,,,6193052,2.69,35291920,
"2,085",32000000,13942007,18195238,13942007,4253231,18195238,8801512,1946183,10747695,6126170,2.28,19048777,111
"2,086",32000000,10977721,79915361,10977721,68937640,79915361,7819555,,7819555,5041239,2.18,17200546,90
"2,087",32000000,5426772,5703197,5426772,276425,5703197,339113,339904,679017,2925364,1.86,5426772,129
"2,088",32000000,4357406,4357406,4357406,,,,,,1895593,2.3,10627334,110
"2,089",32000000,3588602,3588602,3588602,,,,,,939781,3.82,8428127,75
"2,090",32000000,2899970,2899970,2899970,,,,,,93998,4.88,5894030,134
"2,091",32000000,1308696,6678033,1308696,5369337,6678033,,,,76817,11.27,2086738,105
"2,092",32000000,0,0,,,,,,,,,,
"2,093",31500000,83535860,85955386,83535860,2419526,85955386,,9485826,9485826,118558,172.9,347438861,153
"2,094",31500000,14708696,38771262,14708696,24062566,38771262,4826418,3312295,8138713,5767278,2.55,18330603,113
"2,095",31400000,0,55613061,,55613061,55613061,,,,,,,107
"2,096",31000000,95020213,97470701,95020213,2450488,97470701,22810044,11837034,34647078,27487144,3.46,125992360,88
"2,097",31000000,93772375,160558438,93772375,66786063,160558438,22394513,10930567,33325080,24900566,3.77,126956868,138
"2,098",31000000,82582604,106282604,82582604,23700000,106282604,,,,14466,8.92,201417034,143
"2,099",31000000,70300000,210300000,70300000,140000000,210300000,,,,7108344,9.89,301925895,126
"2,100",31000000,59076019,163037661,59076019,103961642,163037661,4975556,6671699,11647255,811166,6.92,77651240,100
"2,101",31000000,58884188,104884188,58884188,46000000,104884188,6852701,4210158,11062859,14681108,4.01,75299109,98
"2,102",31000000,53208180,53208180,53208180,,,,,,8045760,6.52,135920417,105
"2,103",31000000,48791187,48791187,48791187,,,1554412,1273081,2827493,14247758,3.42,57420198,88
"2,104",31000000,44983704,68079671,44983704,23095967,68079671,,,,9025584,4.98,89967401,118
"2,105",31000000,24185781,30885781,24185781,6700000,30885781,,,,9021494,2.68,46064083,101
"2,106",31000000,12482741,15826984,12482741,3344243,15826984,7287616,882068,8169684,6012594,2.08,17054995,106
"2,107",31000000,6901965,7220490,6901965,318525,7220490,,,,2702430,2.55,8294660,91
"2,108",30250000,72021008,115021008,72021008,43000000,115021008,,,,12700007,5.67,178363702,105
"2,109",30000000,242604185,295582480,242604185,52978295,295582480,,,,13612564,15.87,739493555,107
"2,110",30000000,192523233,365270951,192523233,172747718,365270951,,,,29140617,6.61,474334208,80
"2,111",30000000,174532921,237814149,174532921,63281228,237814149,6396833,9671425,16068258,26510140,6.58,206527336,120
"2,112",30000000,170687518,306770545,170687518,136083027,306770545,,1226133,1226133,2074929,13.43,305768448,113
"2,113",30000000,163479795,228641283,163479795,65161488,228641283,,,,41536370,3.94,346911848,95
"2,114",30000000,151101803,506374600,151101803,355272797,506374600,7670560,10939123,18609683,881104,10.4,183115225,128
"2,115",30000000,145096820,286500000,145096820,141403180,286500000,,,,45117985,3.22,276350474,110
"2,116",30000000,125014030,197618160,125014030,72604130,197618160,28800750,5708253,34509003,41202458,3.03,169302918,104
"2,117",30000000,121248145,283200000,121248145,161951855,283200000,,,,14456194,8.39,320356612,115
"2,118",30000000,120709866,200500000,120709866,79790134,200500000,,,,17161835,7.03,308353632,134
"2,119",30000000,116632095,177025498,116632095,60393403,177025498,25617439,7799824,33417263,24637312,4.73,154646495,132
"2,120",30000000,115719751,136771683,115719751,21051932,136771683,,,,20905831,5.54,231196288,113
"2,121",30000000,115646235,212453431,115646235,96807196,212453431,32743643,24676228,57419871,37354308,3.1,166222188,111
"2,122",30000000,114326736,167791704,114326736,53464968,167791704,,,,30070196,3.8,198460900,92
"2,123",30000000,113502246,191502243,113502246,77999997,191502243,,,,24203754,4.69,290754204,99
"2,124",30000000,108360063,212400000,108360063,104039937,212400000,,,,37804076,2.87,268377123,94
"2,125",30000000,108244774,165334774,108244774,57090000,165334774,,,,22862269,4.73,206161334,115
"2,126",30000000,106885658,176885658,106885658,70000000,176885658,,,,18383507,5.81,226816407,111
"2,127",30000000,105489203,181489203,105489203,76000000,181489203,,,,18913411,5.58,257205087,103
"2,128",30000000,100908157,328908157,100908157,228000000,328908157,,,,,7.23,248396630,126
"2,129",30000000,100492203,231928227,100492203,131436024,231928227,,,,179953,8.19,169062794,132
"2,130",30000000,90135191,156822020,90135191,66686829,156822020,,,,640815,8.63,159280300,137
"2,131",30000000,87044645,106030660,87044645,18986015,106030660,7564517,4433040,11997557,13922855,6.13,110076423,117
"2,132",30000000,85744662,163644662,85744662,77900000,163644662,,,,31036678,2.76,181752395,96
"2,133",30000000,85416609,142051255,85416609,56634646,142051255,,,,32018216,2.67,148085054,88
"2,134",30000000,81582653,116223302,81582653,34640649,116223302,,,,13464745,6.06,141549927,124
"2,135",30000000,79576189,169173206,79576189,89597017,169173206,62127083,3115185,65242268,32324487,2.46,114377514,102
"2,136",30000000,76808654,160247805,76808654,83439151,160247805,46254317,,46254317,23007725,3.34,115319956,111
"2,137",30000000,76501438,103284813,76501438,26783375,103284813,,,,22718184,3.37,152497610,78
"2,138",30000000,75468583,183415183,75468583,107946600,183415183,9042787,9131238,18174025,21384504,3.53,90696905,111
"2,139",30000000,74787599,74787599,74787599,,,,,,10035412,7.45,192795794,131
"2,140",30000000,74494381,92494381,74494381,18000000,92494381,,,,21176925,3.52,125280719,109
"2,141",30000000,66502573,160502573,66502573,94000000,160502573,,,,101670,4.74,164883129,133
"2,142",30000000,66486205,170466405,66486205,103980200,170466405,21044941,12346637,33391578,20801552,3.2,90040360,119
"2,143",30000000,66380662,114834312,66380662,48453650,114834312,10143401,4914343,15057744,20353967,3.26,88017654,97
"2,144",30000000,65537395,136998069,65537395,71460674,136998069,,,,26497600,2.47,65537395,111
"2,145",30000000,65343309,201739292,65343309,136395983,201739292,,,,22764354,2.87,65343309,87
"2,146",30000000,65005217,107054484,65005217,42049267,107054484,,,,282367,7.62,117025891,124
"2,147",30000000,64251538,122529966,64251538,58278428,122529966,15472961,9046348,24519309,19405000,3.31,84777424,86
"2,148",30000000,64172251,71172251,64172251,7000000,71172251,,,,20027309,3.2,122222055,87
"2,149",30000000,63658910,246100000,63658910,182441090,246100000,,,,8742545,7.28,157488028,91
"2,150",30000000,63536011,133085295,63536011,69549284,133085295,13532036,1997160,15529196,14650121,4.34,86044990,100
"2,151",30000000,63172463,105475310,63172463,42302847,105475310,32531077,1489210,34020287,17725330,3.56,94846677,112
"2,152",30000000,61255921,61950770,61255921,694849,61950770,,,,20269025,3.02,106334750,118
"2,153",30000000,60857262,95857262,60857262,35000000,95857262,,,,16096808,3.78,163668277,115
"2,154",30000000,60494212,64170447,60494212,3676235,64170447,25600777,,25600777,17407110,3.48,90825575,99
"2,155",30000000,60110313,81529000,60110313,21418687,81529000,,,,14210464,4.23,138163994,115
"2,156",30000000,58715510,115150424,58715510,56434914,115150424,32863754,,32863754,21058173,2.79,84393763,89
"2,157",30000000,58156435,65121280,58156435,6964845,65121280,,,,13528946,4.3,100951682,99
"2,158",30000000,56816662,162275213,56816662,105458551,162275213,15471763,5043080,20514843,599003,9.74,77234000,94
"2,159",30000000,56443120,150807630,56443120,94364510,150807630,3767667,5773691,9541358,175006,9.33,67124872,125
"2,160",30000000,56068547,197593152,56068547,141524605,197593152,,,,16025987,3.5,94291345,85
"2,161",30000000,53695808,155769678,53695808,102073870,155769678,31876721,,31876721,6481221,5.78,82445149,126
"2,162",30000000,53059911,65859911,53059911,12800000,65859911,6156807,2740891,8897698,17886075,2.97,62786590,105
"2,163",30000000,53032453,82148538,53032453,29116085,82148538,33638497,2013473,35651970,13540486,3.92,72457522,105
"2,164",30000000,52990775,83282296,52990775,30291521,83282296,,,,12443461,4.26,100925885,124
"2,165",30000000,52880016,52880016,52880016,,,,,,18852976,2.8,112213882,126
"2,166",30000000,52421953,94156456,52421953,41734503,94156456,5136873,3717128,8854001,16701294,3.14,67035419,124
"2,167",30000000,52210049,70200000,52210049,17989951,70200000,,,,17375648,3,141058726,
"2,168",30000000,51573925,98345423,51573925,46771498,98345423,5957112,7079737,13036849,18286420,2.82,61980699,114
"2,169",30000000,51432423,62432423,51432423,11000000,62432423,,,,12179420,4.22,95428829,99
"2,170",30000000,51041856,51041856,51041856,,,,13126,13126,13216531,3.86,134860581,
"2,171",30000000,50980159,129779728,50980159,78799569,129779728,16724564,,16724564,796836,10.07,77795304,123
"2,172",30000000,50327960,152627960,50327960,102300000,152627960,,,,13294435,3.79,152826874,131
"2,173",30000000,50081992,140081992,50081992,90000000,140081992,,,,8104624,5.04,130406727,113
"2,174",30000000,49772522,89809433,49772522,40036911,89809433,,,,13920052,3.58,83704803,102
"2,175",30000000,46889293,84264182,46889293,37374889,84264182,7144480,10955028,18099508,401288,3.86,59958317,121
"2,176",30000000,45892212,133892212,45892212,88000000,133892212,,,,9677102,4.74,123989479,125
"2,177",30000000,45015999,48845082,45015999,3829083,48845082,,,,2217307,7.4,124110604,116
"2,178",30000000,44947622,80147166,44947622,35199544,80147166,3359241,3946332,7305573,15206108,2.96,53187194,140
"2,179",30000000,44338224,54052249,44338224,9714025,54052249,21963943,3128864,25092807,17010125,2.61,60045980,92
"2,180",30000000,43746923,133946923,43746923,90200000,133946923,,,,19575608,2.23,87493843,82
"2,181",30000000,43037835,87790603,43037835,44752768,87790603,23856121,25857920,49714041,14415922,2.99,56782173,96
"2,182",30000000,42647449,42799060,42647449,151611,42799060,52520901,,52520901,13594734,3.14,70189227,117
"2,183",30000000,42629776,68984536,42629776,26354760,68984536,9839489,2741158,12580647,13203458,3.23,54513511,112
"2,184",30000000,42400223,165889117,42400223,123488894,165889117,14631494,4995923,19627417,15812311,2.68,57930847,97
"2,185",30000000,42100625,91388487,42100625,49287862,91388487,14773603,2717128,17490731,15825480,2.66,60512624,99
"2,186",30000000,42073277,70683134,42073277,28609857,70683134,8558614,6243078,14801692,14743614,2.85,56978628,95
"2,187",30000000,42070939,47902566,42070939,5831627,47902566,,,,12139832,3.47,75211392,109
"2,188",30000000,40435190,53572822,40435190,13137632,53572822,32502761,,32502761,13411093,3.02,66548293,105
"2,189",30000000,40259119,65343694,40259119,25084575,65343694,6220579,4185430,10406009,12370549,3.25,54728023,111
"2,190",30000000,40118420,51618420,40118420,11500000,51618420,,,,14169455,2.83,74436579,104
"2,191",30000000,39568996,80276156,39568996,40707160,80276156,27913341,,27913341,15951902,2.48,61999089,113
"2,192",30000000,38946965,38947189,38946965,224,38947189,,,,3659884,7.72,110768359,94
"2,193",30000000,38501125,73040804,38501125,34539679,73040804,522899,681618,1204517,9004957,4.28,39349210,107
"2,194",30000000,38432823,41457834,38432823,3025011,41457834,35109861,,35109861,14414630,2.67,63252793,126
"2,195",30000000,38413606,81613606,38413606,43200000,81613606,,,,5506290,6.98,100753933,
"2,196",30000000,38233676,84646831,38233676,46413155,84646831,12822276,,12822276,18505530,2.07,57403770,84
"2,197",30000000,38122000,38122000,38122000,,,,1255775,1255775,8117465,4.7,104874534,101
"2,198",30000000,36918811,80588942,36918811,43670131,80588942,10026936,4531304,14558240,14034764,2.63,48952605,111
"2,199",30000000,36276286,56096200,36276286,19819914,56096200,1331109,1803759,3134868,12554286,2.89,42926273,94
"2,200",30000000,35927406,51327406,35927406,15400000,51327406,,,,16771694,2.14,84335077,
"2,201",30000000,35608245,61449135,35608245,25840890,61449135,7222294,536591,7758885,13096065,2.72,48405660,98
"2,202",30000000,35266619,82409520,35266619,47142901,82409520,4781654,2669124,7450778,16101552,2.19,46761883,99
"2,203",30000000,35150750,123429381,35150750,88278631,123429381,1410837,1698226,3109063,11441055,3.07,41327006,103
"2,204",30000000,34742066,65390493,34742066,30648427,65390493,21223381,,21223381,12051277,2.88,57178543,
"2,205",30000000,34017028,48575965,34017028,14558937,48575965,3756295,4699387,8455682,13010267,2.61,40252854,107
"2,206",30000000,32367005,102716321,32367005,70349316,102716321,14501256,2294660,16795916,9739161,3.32,44215022,112
"2,207",30000000,32363404,49263404,32363404,16900000,49263404,1628894,1728322,3357216,10283250,3.15,41385229,104
"2,208",30000000,32267774,38462071,32267774,6194297,38462071,,,,13049114,2.47,61456996,94
"2,209",30000000,32172757,66742138,32172757,34569381,66742138,2929066,2527577,5456643,9303145,3.46,42659565,105
"2,210",30000000,31749894,48559999,31749894,16810105,48559999,11708666,5814643,17523309,10740446,2.96,45635179,79
"2,211",30000000,30577122,87956618,30577122,57379496,87956618,3376653,1551027,4927680,9740471,3.14,40345325,118
"2,212",30000000,30569935,33339868,30569935,2769933,33339868,4546490,1607247,6153737,13585915,2.25,40335849,138
"2,213",30000000,28780744,53296424,28780744,24515680,53296424,852838,2147146,2999984,2349967,4.2,34155999,140
"2,214",30000000,28700285,61623819,28700285,32923534,61623819,5358058,2240244,7598302,10610060,2.71,38867969,124
"2,215",30000000,28165882,30089110,28165882,1923228,30089110,,,,9406378,2.99,48893423,111
"2,216",30000000,26692846,50145607,26692846,23452761,50145607,15885086,5964397,21849483,7857076,3.4,36286105,69
"2,217",30000000,26528684,29203383,26528684,2674699,29203383,,,,141816,2.52,60976369,108
"2,218",30000000,26214846,28986358,26214846,2771512,28986358,,,,10845064,2.42,46865004,85
"2,219",30000000,24004833,25947983,24004833,1943150,25947983,1722030,981959,2703989,8860431,2.71,28405278,111
"2,220",30000000,23998226,23998226,23998226,,,,87127,87127,8309869,2.89,59471460,106
"2,221",30000000,23337196,26708196,23337196,3371000,26708196,,,,6606455,3.53,53640709,127
"2,222",30000000,23209310,108957098,23209310,85747788,108957098,3647470,1810520,5457990,9447930,2.46,31550613,109
"2,223",30000000,22530295,60772856,22530295,38242561,60772856,,,,8603460,2.62,37080386,95
"2,224",30000000,21858070,96451584,21858070,74593514,96451584,,,,4730038,4.51,26268672,89
"2,225",30000000,21800302,21827296,21800302,26994,21827296,,,,8679028,2.51,37843352,
"2,226",30000000,21360215,21360215,21360215,,,2078336,1947285,4025621,8901419,2.4,25137893,105
"2,227",30000000,21148651,67255916,21148651,46107265,67255916,8173451,2883121,11056572,6542779,3.23,28894971,133
"2,228",30000000,20868638,21709539,20868638,840901,21709539,1938961,993166,2932127,9959053,2.1,24694166,88
"2,229",30000000,20783704,33296659,20783704,12512955,33296659,2377278,2076895,4454173,8344128,2.49,24977519,95
"2,230",30000000,20422207,21758371,20422207,1336164,21758371,,,,7075217,2.89,35451108,106
"2,231",30000000,20372406,21581824,20372406,1209418,21581824,502238,645220,1147458,6739037,3.02,20372406,105
"2,232",30000000,20300157,29116320,20300157,8816163,29116320,1065512,2566200,3631712,7131703,2.85,20782115,
"2,233",30000000,20040895,36040895,20040895,16000000,36040895,,,,6502724,3.08,33703713,109
"2,234",30000000,19700032,57814445,19700032,38114413,57814445,3286713,1474050,4760763,6249915,3.15,24551019,87
"2,235",30000000,19316646,60512680,19316646,41196034,60512680,3812679,2270488,6083167,7706712,2.51,25612967,91
"2,236",30000000,19164028,33464028,19164028,14300000,33464028,,,,7003537,2.74,19164028,102
"2,237",30000000,19035741,19035741,19035741,,,,,,8046553,2.37,43753789,87
"2,238",30000000,18985794,263502914,18985794,244517120,263502914,,,,10430497,1.82,22816808,167
"2,239",30000000,18522064,30962112,18522064,12440048,30962112,14950499,,14950499,9064880,2.04,30483641,87
"2,240",30000000,18324242,23676771,18324242,5352529,23676771,15248193,,15248193,6422455,2.85,30814501,123
"2,241",30000000,18298649,40520649,18298649,22222000,40520649,5556834,5450607,11007441,8114388,2.26,24875076,101
"2,242",30000000,17800004,44516999,17800004,26716995,44516999,56658,359404,416062,7534673,2.36,21391746,108
"2,243",30000000,17766658,35579007,17766658,17812349,35579007,1331037,1721836,3052873,521522,2.5,22719400,121
"2,244",30000000,17716215,42235744,17716215,24519529,42235744,1964072,984556,2948628,6101050,2.9,18778835,87
"2,245",30000000,17266505,36722311,17266505,19455806,36722311,,,,6485458,2.66,32036640,99
"2,246",30000000,17192205,19892205,17192205,2700000,19892205,,,,5405855,3.18,41930308,98
"2,247",30000000,17010170,28542494,17010170,11532324,28542494,7516453,1306130,8822583,7385277,2.3,23240764,104
"2,248",30000000,16930884,32955399,16930884,16024515,32955399,11649162,,11649162,6957216,2.43,25419898,111
"2,249",30000000,16323969,26323969,16323969,10000000,26323969,,,,6685381,2.44,28336933,98
"2,250",30000000,16295774,16295774,16295774,,,,602098,602098,5070136,3.21,47349975,110
"2,251",30000000,15740721,32262866,15740721,16522145,32262866,12432995,,12432995,6262396,2.51,23633005,125
"2,252",30000000,15342746,30842746,15342746,15500000,30842746,1540537,1582275,3122812,4705527,3.26,16263010,127
"2,253",30000000,15007991,27147991,15007991,12140000,27147991,13031129,,13031129,6147294,2.44,25239645,97
"2,254",30000000,14334645,16873925,14334645,2539280,16873925,,,,6800617,2.11,24883646,102
"2,255",30000000,14208384,15358583,14208384,1150199,15358583,,,,6111074,2.33,25400720,96
"2,256",30000000,14163574,32609631,14163574,18446057,32609631,3991333,2670532,6661865,,3.93,16632160,92
"2,257",30000000,13919484,17956910,13919484,4037426,17956910,,,,220947,4.19,13919484,104
"2,258",30000000,13001257,21577076,13001257,8575819,21577076,,,,5467281,2.38,22569008,114
"2,259",30000000,12712093,26184400,12712093,13472307,26184400,8336493,282470,8618963,20000,3.15,20927192,150
"2,260",30000000,12406646,12885574,12406646,478928,12885574,,,,3501971,3.54,19439477,117
"2,261",30000000,12050299,48330757,12050299,36280458,48330757,6781130,4384077,11165207,6281433,1.92,15978127,107
"2,262",30000000,12017369,12017369,12017369,,,,,,4593872,2.62,25501416,100
"2,263",30000000,11578022,11578022,11578022,,,,,,5114365,2.26,24569108,100
"2,264",30000000,11103205,44348292,11103205,33245087,44348292,124840,324416,449256,359289,4.76,13837283,96
"2,265",30000000,10965209,17865209,10965209,6900000,17865209,,,,5486209,2,20884266,109
"2,266",30000000,10895295,19599974,10895295,8704679,19599974,5254279,2412666,7666945,5345250,2.04,14446645,118
"2,267",30000000,10143779,23353111,10143779,13209332,23353111,1750493,1428800,3179293,4108630,2.47,13789399,86
"2,268",30000000,9362785,56511457,9362785,47148672,56511457,6710221,1932243,8642464,4756488,1.97,13457439,85
"2,269",30000000,9158572,20455686,9158572,11297114,20455686,,,,4552109,2.01,9158572,150
"2,270",30000000,9055010,10419084,9055010,1364074,10419084,,,,4002067,2.26,15718674,106
"2,271",30000000,8574339,19358084,8574339,10783745,19358084,374980,896564,1271544,110175,4.04,10304494,140
"2,272",30000000,8535575,18535575,8535575,10000000,18535575,21739008,,21739008,1008308,4.16,14354670,108
"2,273",30000000,7885294,16481405,7885294,8596111,16481405,1215486,679735,1895221,3775596,2.09,9476418,121
"2,274",30000000,7743794,32825217,7743794,25081423,32825217,1298178,1711255,3009433,3600647,2.15,9113326,118
"2,275",30000000,7689607,64352607,7689607,56663000,64352607,8674590,2998946,11673536,334183,4.36,10579363,122
"2,276",30000000,7502560,8845575,7502560,1343015,8845575,,,,362524,10.05,10198936,132
"2,277",30000000,6916869,7005468,6916869,88599,7005468,,,,3210765,2.15,12833709,101
"2,278",30000000,5978673,12869755,5978673,6891082,12869755,202490,201071,403561,2633717,2.27,7036031,105
"2,279",30000000,5718096,10383524,5718096,4665428,10383524,48673,52862,101535,3035618,1.88,6766304,102
"2,280",30000000,5321508,5577556,5321508,256048,5577556,,23645595,23645595,2412014,2.21,17073170,251
"2,281",30000000,4412170,159369278,4412170,154957108,159369278,201923,131040,332963,1638895,2.69,5220991,88
"2,282",30000000,4211129,8786287,4211129,4575158,8786287,,,,1611040,2.61,5060865,116
"2,283",30000000,4167493,4967493,4167493,800000,4967493,,,,2143089,1.94,8843610,108
"2,284",30000000,4046429,9037427,4046429,4990998,9037427,992075,1130976,2123051,2375325,1.7,4762054,107
"2,285",30000000,3909149,15313631,3909149,11404482,15313631,10641929,,10641929,147812,7.36,6123094,160
"2,286",30000000,3765585,18765585,3765585,15000000,18765585,,,,69868,14.65,6338349,131
"2,287",30000000,3517797,6460758,3517797,2942961,6460758,,,,131580,5.68,6288858,108
"2,288",30000000,3102550,3252550,3102550,150000,3252550,,,,1330520,2.33,5217703,80
"2,289",30000000,3005605,35891257,3005605,32885652,35891257,10406351,,10406351,9653,16.1,4712488,92
"2,290",30000000,1070714,1131683,1070714,60969,1131683,3855857,5186815,9042672,270302,3.96,1257325,109
"2,291",30000000,1044212,1309971,1044212,265759,1309971,1122657,1603479,2726136,309694,3.37,1226203,95
"2,292",30000000,669625,35869934,669625,35200309,35869934,,,,272838,2.45,1102061,
"2,293",30000000,538690,3721988,538690,3183298,3721988,4495360,685644,5181004,45130,4.79,732285,123
"2,294",30000000,490973,648599,490973,157626,648599,,,,309951,1.58,580967,103
"2,295",30000000,480314,7755686,480314,7275372,7755686,1883777,,1883777,260713,1.84,752584,
"2,296",30000000,201857,52339566,201857,52137709,52339566,,,,95919,2.1,275785,91
"2,297",30000000,135739,8593154,135739,8457415,8593154,,,,55850,2.43,184521,118
"2,298",30000000,3892,4874498,3892,4870606,4874498,,,,3332,1.17,5843,136
"2,299",30000000,3200,4315789,3200,4312589,4315789,2628898,1017335,3646233,,,4086,92
"2,300",30000000,918,168832,918,167914,168832,,,,918,1,1164,110
"2,301",30000000,0,53048539,,53048539,53048539,,,,,,,93
"2,302",30000000,0,30809023,,30809023,30809023,11087,,11087,,,,96
"2,303",30000000,0,25199891,,25199891,25199891,34463,,34463,,,,103
"2,304",30000000,0,11247280,,11247280,11247280,,,,,,,93
"2,305",30000000,0,5015080,,5015080,5015080,,,,,,,85
"2,306",30000000,0,2717302,,2717302,2717302,,,,,,,140
"2,307",30000000,0,1692644,,1692644,1692644,,,,,,,110
"2,308",30000000,0,310985,,310985,310985,,,,,,,115
"2,309",30000000,0,0,,,,,,,,,,101
"2,310",29200000,2280004,5466698,2280004,3186694,5466698,,,,1512824,1.51,2740071,99
"2,311",29000000,184296230,287215196,184296230,102918966,287215196,23809148,19359483,43168631,69216890,2.66,235671810,115
"2,312",29000000,119519402,187707495,119519402,68188093,187707495,127727163,,127727163,22347341,5.35,200002946,136
"2,313",29000000,77339130,104145633,77339130,26806503,104145633,5378952,3728287,9107239,27257615,2.84,91516411,111
"2,314",29000000,63077560,78652207,63077560,15574647,78652207,5709161,4425121,10134282,23586645,2.67,78609948,99
"2,315",29000000,57141459,168841459,57141459,111700000,168841459,,,,178730,4.2,139374987,130
"2,316",29000000,56330657,97413527,56330657,41082870,97413527,,,,23424118,2.4,100703893,102
"2,317",29000000,51636504,51636504,51636504,,,,,,,6.22,132216872,121
"2,318",29000000,37036404,45336404,37036404,8300000,45336404,,,,8078671,4.58,74072797,129
"2,319",29000000,27778642,49046121,27778642,21267479,49046121,2036144,2538324,4574468,7600036,3.66,33383914,119
"2,320",29000000,27383770,56000339,27383770,28616569,56000339,1555025,502937,2057962,6601313,4.15,34126817,110
"2,321",29000000,22619589,54045832,22619589,31426243,54045832,,,,6075079,3.72,51991293,83
"2,322",29000000,22169514,26563888,22169514,4394374,26563888,1249752,640926,1890678,10011272,2.21,26033474,83
"2,323",29000000,18622031,28452945,18622031,9830914,28452945,7354574,,7354574,180708,6.16,27169071,122
"2,324",29000000,17016190,24716190,17016190,7700000,24716190,,,,8774520,1.94,29538569,87
"2,325",29000000,16930185,20146150,16930185,3215965,20146150,,,,5758236,2.94,31412629,99
"2,326",29000000,16007718,33013805,16007718,17006087,33013805,,,,87199,2.74,28629201,113
"2,327",29000000,9591094,16017096,9591094,6426002,16017096,835235,1140256,1975491,3502475,2.74,9818801,108
"2,328",29000000,7460204,10066366,7460204,2606162,10066366,,,,3457760,2.16,10722791,121
"2,329",29000000,5899797,25899797,5899797,20000000,25899797,,,,318723,7.35,16046008,157
"2,330",29000000,3149935,4131781,3149935,981846,4131781,870233,816284,1686517,1379988,2.28,3338868,108
"2,331",28700000,4559569,4559569,4559569,,,,,,1851291,2.46,9675611,118
"2,332",28500000,6301131,15452978,6301131,9151847,15452978,,,,2723682,2.31,10596902,103
"2,333",28000000,217350219,504050219,217350219,286700000,504050219,,,,196664,11.27,565175295,90
"2,334",28000000,179880271,333080271,179880271,153200000,333080271,,,,25337110,7.1,577115859,118
"2,335",28000000,161197785,202182981,161197785,40985196,202182981,14407765,16013166,30420931,60200180,2.68,206134298,146
"2,336",28000000,115108515,140886353,115108515,25777838,140886353,8341236,4910192,13251428,31201920,3.69,138335536,122
"2,337",28000000,100494685,140894685,100494685,40400000,140894685,,,,27321470,3.68,228992274,81
"2,338",28000000,85892546,143651650,85892546,57759104,143651650,,,,601851,12.09,220972644,132
"2,339",28000000,79096868,258210860,79096868,179113992,258210860,,,,3637290,12.16,233323301,161
"2,340",28000000,74058698,105159085,74058698,31100387,105159085,,,,16712407,4.43,141051719,103
"2,341",28000000,72110659,127710550,72110659,55599891,127710550,6792876,5655730,12448606,16759161,4.3,86657369,104
"2,342",28000000,71399120,94050951,71399120,22651831,94050951,20070560,9663713,29734273,21401594,3.34,94671890,115
"2,343",28000000,70259870,132624681,70259870,62364811,132624681,3565311,3717858,7283169,705527,6.67,88635930,130
"2,344",28000000,68947075,104793708,68947075,35846633,104793708,5090482,4682934,9773416,20915346,3.3,81140769,111
"2,345",28000000,67300955,94500826,67300955,27199871,94500826,41602555,,41602555,19167085,3.51,101006897,99
"2,346",28000000,66954149,101379287,66954149,34425138,101379287,11854224,3670202,15524426,18360230,3.65,88305912,81
"2,347",28000000,64378093,64474705,64378093,96612,64474705,,,,19377577,3.32,111754557,135
"2,348",28000000,63914167,112914167,63914167,49000000,112914167,10125245,5084084,15209329,16334566,3.91,84741979,104
"2,349",28000000,60400856,94728529,60400856,34327673,94728529,,,,13510293,4.47,115039083,103
"2,350",28000000,58990765,103452875,58990765,44462110,103452875,,,,26722575,2.21,102402648,100
"2,351",28000000,54800000,195300000,54800000,140500000,195300000,,,,6834967,8.02,212497839,127
"2,352",28000000,54730625,77024944,54730625,22294319,77024944,4609671,3316973,7926644,14947396,3.66,64763567,100
"2,353",28000000,52353636,71430876,52353636,19077240,71430876,,,,276981,6.15,98155792,108
"2,354",28000000,52131264,82119036,52131264,29987772,82119036,,,,16225263,3.21,93196517,88
"2,355",28000000,50737050,51742971,50737050,1005921,51742971,,,,8125471,6.24,114639425,96
"2,356",28000000,50255310,77477297,50255310,27221987,77477297,,,,13309241,3.78,95715943,92
"2,357",28000000,48071303,97531134,48071303,49459831,97531134,25062687,14750938,39813625,19828687,2.42,65679166,117
"2,358",28000000,45172250,60780981,45172250,15608731,60780981,,,,15525043,2.91,86034296,89
"2,359",28000000,44853581,102053581,44853581,57200000,102053581,,,,12064625,3.72,118510189,98
"2,360",28000000,43107979,91943956,43107979,48835977,91943956,28100235,,28100235,11704357,3.68,67544181,101
"2,361",28000000,39448525,40384027,39448525,935502,40384027,1762795,933911,2696706,12701640,3.11,39448526,98
"2,362",28000000,38559177,126736122,38559177,88176945,126736122,73940514,,73940514,2865017,5.39,64554629,128
"2,363",28000000,37053924,41146935,37053924,4093011,41146935,11914165,2389121,14303286,13330118,2.78,50370898,83
"2,364",28000000,33000377,33000377,33000377,,,,,,8636567,3.82,64910164,100
"2,365",28000000,32724136,39649582,32724136,6925446,39649582,,,,6150002,5.32,113657723,117
"2,366",28000000,31390587,31390587,31390587,,,,,,2023272,4.37,77790916,139
"2,367",28000000,30697999,38959900,30697999,8261901,38959900,6250686,4751355,11002041,12242218,2.51,40504826,100
"2,368",28000000,28795985,63129909,28795985,34333924,63129909,9479825,8028152,17507977,13332955,2.16,38182124,103
"2,369",28000000,28563179,55307857,28563179,26744678,55307857,23088321,,23088321,10826287,2.64,44754507,118
"2,370",28000000,26017685,62108587,26017685,36090902,62108587,6692087,4140778,10832865,12758780,2.04,34329330,113
"2,371",28000000,25867515,42645515,25867515,16778000,42645515,,,,10297110,2.51,25867515,109
"2,372",28000000,24307106,46752858,24307106,22445752,46752858,9809100,1104007,10913107,9726056,2.5,33210463,94
"2,373",28000000,20396829,73421224,20396829,53024395,73421224,3858869,2397029,6255898,9516855,2.14,26912820,89
"2,374",28000000,17326650,38159905,17326650,20833255,38159905,11149466,,11149466,5692285,3.04,28516226,
"2,375",28000000,16779636,31320293,16779636,14540657,31320293,,,,7954766,2.11,33559272,97
"2,376",28000000,14439985,30295028,14439985,15855043,30295028,447388,454593,901981,5454284,2.65,18465364,96
"2,377",28000000,11689053,39134983,11689053,27445930,39134983,,,,33128,26.6,20896847,98
"2,378",28000000,10907291,16638300,10907291,5731009,16638300,2913509,3460851,6374360,5324240,2.05,13593127,107
"2,379",28000000,8891623,8891623,8891623,,,,,,3102191,2.87,18868439,119
"2,380",28000000,8434601,8434601,8434601,,,,,,3804452,2.22,16064485,98
"2,381",28000000,8165213,8165213,8165213,,,,,,2732880,2.99,19176682,90
"2,382",28000000,7002261,9002261,7002261,2000000,9002261,1268806,471533,1740339,3249242,2.16,8954245,100
"2,383",28000000,5686694,5686694,5686694,,,,,,72095,3.51,13090521,134
"2,384",28000000,2775593,12031443,2775593,9255850,12031443,,,,1430294,1.94,4167246,105
"2,385",28000000,0,22860477,,22860477,22860477,,,,,,,145
"2,386",27500000,148761765,219265952,148761765,70504187,219265952,118668094,,118668094,30690990,4.85,233088922,132
"2,387",27500000,67900000,187500000,67900000,119600000,187500000,,,,8902564,7.63,232368883,131
"2,388",27500000,49200230,96673002,49200230,47472772,96673002,24374159,499674,24873833,12442212,3.95,70717134,109
"2,389",27500000,42436517,43607627,42436517,1171110,43607627,18519252,,18519252,16207730,2.62,63713875,114
"2,390",27500000,30932113,31157914,30932113,225801,31157914,12917597,1817273,14734870,11225190,2.76,41890466,118
"2,391",27500000,27187653,27187896,27187653,243,27187896,,,,84580,10.35,82788772,163
"2,392",27500000,17510118,50578411,17510118,33068293,50578411,9005760,,9005760,414487,6.73,27484321,92
"2,393",27500000,9736045,26939925,9736045,17203880,26939925,6276224,,6276224,4060012,2.4,15255015,122
"2,394",27500000,4463292,15815509,4463292,11352217,15815509,,,,1021768,3.62,6067372,130
"2,395",27000000,79249455,155564919,79249455,76315464,155564919,14071862,13470788,27542650,18907302,4.19,107731288,105
"2,396",27000000,74888996,96900000,74888996,22011004,96900000,,,,18162837,4.12,191912093,110
"2,397",27000000,74152591,231252591,74152591,157100000,231252591,2293443,2454969,4748412,20269723,3.66,87266914,106
"2,398",27000000,69586544,73826768,69586544,4240224,73826768,,,,16167412,4.3,129112373,116
"2,399",27000000,60527873,60527873,60527873,,,,,,13215167,4.58,142116200,117
"2,400",27000000,57229890,57245448,57229890,15558,57245448,,,,4858152,11.78,229345061,133
"2,401",27000000,44342956,53508356,44342956,9165400,53508356,,,,10081933,4.4,113721098,111
"2,402",27000000,44089964,44270131,44089964,180167,44270131,15992858,,15992858,10678430,4.13,66196358,119
"2,403",27000000,41012075,93466095,41012075,52454020,93466095,2173461,1294993,3468454,14788157,2.77,51110998,98
"2,404",27000000,40803000,130759651,40803000,89956651,130759651,,,,8557630,4.77,75706765,100
"2,405",27000000,38536376,80681183,38536376,42144807,80681183,,,,11644672,3.31,52386143,89
"2,406",27000000,31770413,31770413,31770413,,,,939051,939051,10974145,2.9,67418314,82
"2,407",27000000,22495466,55495466,22495466,33000000,55495466,27792588,,27792588,7031921,3.2,37023069,110
"2,408",27000000,21500000,21500213,21500000,213,21500213,,,,1601167,13.37,71909629,193
"2,409",27000000,21300000,21454405,21300000,154405,21454405,,,,4325823,4.92,68079257,94
"2,410",27000000,14435076,27257061,14435076,12821985,27257061,,,,5576953,2.59,33179126,100
"2,411",27000000,13848978,45160110,13848978,31311132,45160110,9252613,,9252613,190426,4.19,20792755,110
"2,412",27000000,13261851,28773827,13261851,15511976,28773827,5425539,612168,6037707,5350570,2.48,18119488,109
"2,413",27000000,12834849,13174426,12834849,339577,13174426,,,,5538835,2.32,21584966,90
"2,414",27000000,10618813,10618813,10618813,,,,,,2844895,3.73,32245287,113
"2,415",27000000,10341093,10341093,10341093,,,,,,4010245,2.58,23769070,
"2,416",27000000,8712564,8723600,8712564,11036,8723600,,,,3446375,2.53,15124221,99
"2,417",27000000,7500310,9352089,7500310,1851779,9352089,8375217,,8375217,3376669,2.22,11751936,108
"2,418",27000000,5204007,5204007,5204007,,,,,,2817719,1.85,9655624,
"2,419",27000000,4485485,4485485,4485485,,,,,,1590155,2.82,9507313,112
"2,420",27000000,4476235,16566235,4476235,12090000,16566235,,,,1911358,2.34,7527890,106
"2,421",27000000,1090947,2412123,1090947,1321176,2412123,,,,192508,4.98,1637935,110
"2,422",27000000,765637,1545064,765637,779427,1545064,,,,37220,5.74,1345711,120
"2,423",27000000,319976,325943,319976,5967,325943,,,,54058,4.08,376556,124
"2,424",27000000,0,0,,,,,,,,,,
"2,425",26700000,3652206,3871448,3652206,219242,3871448,159137,99696,258833,1589625,2.3,4551532,127
"2,426",26000000,146336178,185904750,146336178,39568572,185904750,56398807,1906155,58304962,31832636,4.6,210333862,91
"2,427",26000000,110222438,160822438,110222438,50600000,160822438,,,,22203007,4.96,197045561,97
"2,428",26000000,109449237,176276839,109449237,66827602,176276839,,,,21422815,5.11,184065945,116
"2,429",26000000,100317794,279500000,100317794,179182206,279500000,,,,224012,11.08,214553424,123
"2,430",26000000,91457688,202000000,91457688,110542312,202000000,,,,11260685,5.59,233896247,111
"2,431",26000000,87341380,102404019,87341380,15062639,102404019,48015079,,48015079,23245025,3.76,131133709,112
"2,432",26000000,77324422,201324422,77324422,124000000,201324422,,,,,5.6,204272128,119
"2,433",26000000,65705772,65705772,65705772,,,,,,8526904,7.71,151020114,121
"2,434",26000000,61308153,61308153,61308153,,,,,,10034685,6.11,156611818,114
"2,435",26000000,58331254,68613992,58331254,10282738,68613992,,,,14047781,4.15,104280416,139
"2,436",26000000,57891803,96666486,57891803,38774683,96666486,19743632,,19743632,16167662,3.58,97359376,85
"2,437",26000000,54544638,146850273,54544638,92305635,146850273,10499636,2153019,12652655,13019180,4.19,74110355,117
"2,438",26000000,50800000,50800000,50800000,,,,,,,,245571300,176
"2,439",26000000,49875291,81275291,49875291,31400000,81275291,10841650,6454394,17296044,20244505,2.46,66132303,129
"2,440",26000000,46896664,90396664,46896664,43500000,90396664,,,,16017141,2.93,83838475,90
"2,441",26000000,45506619,75763814,45506619,30257195,75763814,,,,195104,12.48,86856368,106
"2,442",26000000,45489752,63463195,45489752,17973443,63463195,,,,151750,3.18,76514435,110
"2,443",26000000,40168080,67647574,40168080,27479494,67647574,19801656,6024023,25825679,17501625,2.3,54881099,104
"2,444",26000000,40127371,151403419,40127371,111276048,151403419,5700188,1899052,7599240,13148340,3.05,42534226,88
"2,445",26000000,37397291,54393687,37397291,16996396,54393687,19770935,5407966,25178901,10001982,3.74,50646079,115
"2,446",26000000,36985501,38788828,36985501,1803327,38788828,,,,10108333,3.66,68623691,93
"2,447",26000000,33200000,33200000,33200000,,,,,,3522897,9.14,100815767,133
"2,448",26000000,28544157,45043870,28544157,16499713,45043870,11711223,1699564,13410787,9527848,3,40947226,105
"2,449",26000000,26766213,41059418,26766213,14293205,41059418,12410999,2301185,14712184,10003827,2.68,35315905,118
"2,450",26000000,23514247,28703083,23514247,5188836,28703083,,,,8014005,2.93,40818610,100
"2,451",26000000,17782176,23345113,17782176,5562937,23345113,1444864,1248351,2693215,6176680,2.88,22158387,92
"2,452",26000000,16521410,16521410,16521410,,,,,,6402741,2.58,31466572,116
"2,453",26000000,16008272,30601801,16008272,14593529,30601801,3577824,1855736,5433560,7289642,2.2,21679539,111
"2,454",26000000,14469428,14494770,14469428,25342,14494770,,,,6775132,2.14,25117616,110
"2,455",26000000,13738574,13738574,13738574,,,,,,5636435,2.44,34046388,99
"2,456",26000000,12279691,33667319,12279691,21387628,33667319,2083902,1221685,3305587,5403460,2.27,15702849,117
"2,457",26000000,9277736,18577736,9277736,9300000,18577736,1038979,859545,1898524,3500454,2.65,10918555,144
"2,458",26000000,7496522,18496522,7496522,11000000,18496522,,,,2459315,3.05,14277819,103
"2,459",26000000,5478009,7478009,5478009,2000000,7478009,556484,704061,1260545,2027076,2.7,5806582,126
"2,460",26000000,3254172,6154172,3254172,2900000,6154172,1669101,665051,2334152,1673351,1.94,4314878,128
"2,461",26000000,1083350,1083350,1083350,,,,,,420993,2.57,2544328,
"2,462",26000000,42472,2923959,42472,2881487,2923959,147351,119822,267173,26912,1.58,56034,128
"2,463",26000000,5000,5000,5000,,,,,,,,11739,100
"2,464",26000000,0,34246770,,34246770,34246770,,,,,,,
"2,465",26000000,0,135436,,135436,135436,,,,,,,81
"2,466",26000000,0,0,,,,,,,,,,101
"2,467",25530000,20080020,30593313,20080020,10513293,30593313,,,,4209525,3.71,48973432,95
"2,468",25500000,33579798,86301599,33579798,52721801,86301599,20495647,,20495647,8673803,3.87,56472733,129
"2,469",25100000,25534493,28575778,25534493,3041285,28575778,8603699,,8603699,10505668,2.43,38337302,129
"2,470",25000000,370782930,622313635,370782930,251530705,622313635,,,,83848082,4.42,643618197,127
"2,471",25000000,219195051,441286003,219195051,222090952,441286003,,,,20468847,10.71,574446753,125
"2,472",25000000,172825435,412800000,172825435,239974565,412800000,,,,7005719,12.04,463210477,133
"2,473",25000000,169705587,213120004,169705587,43414417,213120004,92527375,30074256,122601631,26044590,6.52,230695805,137
"2,474",25000000,169607287,229477688,169607287,59870401,229477688,21270593,11513759,32784352,515499,7.44,203919611,126
"2,475",25000000,148518266,349722357,148518266,201204091,349722357,,,,50016652,2.97,148518266,130
"2,476",25000000,148095302,274543085,148095302,126447783,274543085,61120996,5045989,66166985,271720,5.02,213491410,116
"2,477",25000000,145000989,226941585,145000989,81940596,226941585,75062346,9780340,84842686,24717037,5.87,208414753,91
"2,478",25000000,134202565,153733800,134202565,19531235,153733800,21353491,10877210,32230701,41516170,3.23,177075104,100
"2,479",25000000,122006740,411006740,122006740,289000000,411006740,,,,16611793,7.34,317059182,129
"2,480",25000000,96898818,322197130,96898818,225298312,322197130,,,,656636,17.01,254569657,195
"2,481",25000000,90639088,125339088,90639088,34700000,125339088,,,,22220670,4.08,162038028,95
"2,482",25000000,88319668,219819668,88319668,131500000,219819668,,,,6000344,9.06,88319668,103
"2,483",25000000,84185387,180856996,84185387,96671609,180856996,,,,29438331,2.86,146138240,93
"2,484",25000000,84136909,89476265,84136909,5339356,89476265,,,,28416365,2.96,146054080,95
"2,485",25000000,83823381,166842739,83823381,83019358,166842739,19812398,3107828,22920226,1181450,7.44,117679471,109
"2,486",25000000,82622655,114576403,82622655,31953748,114576403,,,,36428066,2.27,147706827,97
"2,487",25000000,82234139,137984788,82234139,55750649,137984788,44096362,,44096362,22564612,3.64,128849416,94
"2,488",25000000,80936232,102992536,80936232,22056304,102992536,,,,13832786,5.38,153236169,83
"2,489",25000000,80048433,171302226,80048433,91253793,171302226,29469331,508525,29977856,40058229,2,120184139,85
"2,490",25000000,80014842,142033509,80014842,62018667,142033509,31237185,2368958,33606143,30468614,2.63,109323192,107
"2,491",25000000,78656813,78656813,78656813,,,,,,20030473,3.93,201406276,88
"2,492",25000000,77267296,120832383,77267296,43565087,120832383,10508721,3484947,13993668,14554053,5.31,103934971,104
"2,493",25000000,77169474,111478881,77169474,34309407,111478881,2425310,12891091,15316401,501305,12.47,78831585,146
"2,494",25000000,76270454,76271995,76270454,1541,76271995,,499598,499598,10023094,7.61,210280167,119
"2,495",25000000,74273505,164035753,74273505,89762248,164035753,46677010,7673768,54350778,1226333,9.55,114444005,122
"2,496",25000000,71500556,272595053,71500556,201094497,272595053,,,,10733933,6.66,136179503,92
"2,497",25000000,71309760,152500343,71309760,81190583,152500343,,,,157624,12.58,136221481,121
"2,498",25000000,70662220,149228078,70662220,78565858,149228078,13049877,3765718,16815595,19652921,3.6,96057853,106
"2,499",25000000,66528000,98406855,66528000,31878855,98406855,16375095,8572235,24947330,24349815,2.73,90096955,109
"2,500",25000000,64321890,203055427,64321890,138733537,203055427,12974421,6597831,19572252,18222810,3.53,77300998,100
"2,501",25000000,60457138,96633833,60457138,36176695,96633833,26880173,4638970,31519143,22518358,2.68,81875361,81
"2,502",25000000,56505065,56505065,56505065,,,,,,8720255,6.48,148057781,130
"2,503",25000000,55973336,91036760,55973336,35063424,91036760,,,,18014503,3.11,111946667,115
"2,504",25000000,54607383,119295584,54607383,64688201,119295584,10687822,,10687822,16026496,3.41,89872914,110
"2,505",25000000,54098051,112798051,54098051,58700000,112798051,18884602,,18884602,19173094,2.82,89034650,92
"2,506",25000000,53345287,54160818,53345287,815531,54160818,12419887,1220848,13640735,25068677,2.13,72517297,106
"2,507",25000000,52543354,52543354,52543354,,,16083684,1955505,18039189,16007634,3.28,69654981,100
"2,508",25000000,51676606,115036108,51676606,63359502,115036108,,,,220524,11.07,88243506,106
"2,509",25000000,51580136,81249176,51580136,29669040,81249176,14303083,7286453,21589536,19665101,2.62,69853494,117
"2,510",25000000,51100486,123696741,51100486,72596255,123696741,,,,21959233,2.33,85938095,100
"2,511",25000000,49042224,49042224,49042224,,,,,,15652147,3.13,142500044,87
"2,512",25000000,48237389,71390601,48237389,23153212,71390601,17095513,,17095513,14533702,3.32,72423263,97
"2,513",25000000,47545060,58240458,47545060,10695398,58240458,,,,14064317,3.38,84997627,102
"2,514",25000000,47279279,128745578,47279279,81466299,128745578,43926115,,43926115,14503650,3.26,77812304,99
"2,515",25000000,46743809,47103483,46743809,359674,47103483,,,,6368901,7.34,119485035,146
"2,516",25000000,45227398,45233082,45227398,5684,45233082,,,,4597536,9.84,142871135,170
"2,517",25000000,45090374,66540205,45090374,21449831,66540205,9248410,1979608,11228018,12305016,3.66,59495003,97
"2,518",25000000,44480039,64594061,44480039,20114022,64594061,,,,11617767,3.83,104465099,
"2,519",25000000,43984987,44005435,43984987,20448,44005435,,,,,12.94,116608618,219
"2,520",25000000,43035725,52568099,43035725,9532374,52568099,3110039,2584646,5694685,9880536,4.36,55027717,101
"2,521",25000000,42222647,55598481,42222647,13375834,55598481,,,,9525375,4.43,110144381,92
"2,522",25000000,41675994,97030468,41675994,55354474,97030468,,,,338622,8.97,74583112,110
"2,523",25000000,41076865,41076865,41076865,,,,,,10654369,3.86,96472462,97
"2,524",25000000,40222514,77186081,40222514,36963567,77186081,24876586,,24876586,190739,8.26,60417739,158
"2,525",25000000,40108697,60694737,40108697,20586040,60694737,,,,6013847,5.45,73852885,85
"2,526",25000000,39402572,55443032,39402572,16040460,55443032,,,,11556869,3.41,70441080,80
"2,527",25000000,39053061,41560117,39053061,2507056,41560117,,,,9833340,3.97,65677376,
"2,528",25000000,38230435,40796145,38230435,2565710,40796145,,,,12037685,3.18,70933575,88
"2,529",25000000,37738810,50738810,37738810,13000000,50738810,7975918,1931469,9907387,179302,5.12,49798016,119
"2,530",25000000,36833473,36833473,36833473,,,,,,13304027,2.77,70152790,
"2,531",25000000,36447959,39217912,36447959,2769953,39217912,4074776,1989614,6064390,10515659,3.47,48091671,123
"2,532",25000000,36351350,38351350,36351350,2000000,38351350,,,,12801465,2.84,61133779,105
"2,533",25000000,36001502,50901502,36001502,14900000,50901502,2904661,1947102,4851763,107858,3.71,42276961,136
"2,534",25000000,35990505,37216643,35990505,1226138,37216643,,,,11434964,3.15,64341228,105
"2,535",25000000,35623801,119923801,35623801,84300000,119923801,,,,15269324,2.33,63685664,104
"2,536",25000000,35418723,51800758,35418723,16382035,51800758,8250446,5003282,13253728,13423255,2.64,41911497,102
"2,537",25000000,35017297,60709968,35017297,25692671,60709968,27107835,,27107835,13652001,2.56,54867214,95
"2,538",25000000,34657731,56434942,34657731,21777211,56434942,,,,16521486,2.1,61958589,99
"2,539",25000000,33889159,55279608,33889159,21390449,55279608,35268722,,35268722,10730372,3.16,55774825,105
"2,540",25000000,33680992,38718031,33680992,5037039,38718031,2978406,2125594,5104000,,3.69,44193548,111
"2,541",25000000,33302167,234981342,33302167,201679175,234981342,29484715,,29484715,9889780,3.37,52179846,90
"2,542",25000000,32492859,52367022,32492859,19874163,52367022,3975993,1542743,5518736,8369184,2.93,40493981,118
"2,543",25000000,32404188,50692188,32404188,18288000,50692188,,,,11830855,2.74,74481262,
"2,544",25000000,32187017,40286416,32187017,8099399,40286416,4961981,2141556,7103537,12201873,2.64,38681831,91
"2,545",25000000,31664162,64605762,31664162,32941600,64605762,24982749,,24982749,9421369,3.36,49515720,114
"2,546",25000000,31526393,70326393,31526393,38800000,70326393,,,,12812287,2.46,54726966,96
"2,547",25000000,30542576,38749404,30542576,8206828,38749404,8460033,2506500,10966533,9851435,3.1,41500327,81
"2,548",25000000,30082699,82150642,30082699,52067943,82150642,,,,275131,8.87,66762631,123
"2,549",25000000,29548291,29548291,29548291,,,,,,,,,144
"2,550",25000000,29397140,29442089,29397140,44949,29442089,,,,7650720,3.84,29397140,135
"2,551",25000000,29342592,56042592,29342592,26700000,56042592,,,,10527222,2.79,67444164,93
"2,552",25000000,28842237,29847480,28842237,1005243,29847480,8620503,3535726,12156229,9783603,2.95,38056214,109
"2,553",25000000,28313053,28784937,28313053,471884,28784937,,,,727327,11.78,72745661,143
"2,554",25000000,27793018,82917283,27793018,55124265,82917283,1339486,1147874,2487360,13002632,2.14,33401194,102
"2,555",25000000,25794018,32224624,25794018,6430606,32224624,,,,10643536,2.42,37074598,84
"2,556",25000000,25590119,39393111,25590119,13802992,39393111,,,,7714362,3.32,48738773,88
"2,557",25000000,25023424,32223424,25023424,7200000,32223424,,,,5582079,4.48,61029978,113
"2,558",25000000,24381334,25732334,24381334,1351000,25732334,,,,6807471,3.58,41003239,98
"2,559",25000000,24046682,39126427,24046682,15079745,39126427,5122173,1198223,6320396,8525728,2.82,32688927,100
"2,560",25000000,23591432,29863840,23591432,6272408,29863840,10923645,3966578,14890223,9406348,2.51,32232653,97
"2,561",25000000,23091010,32831707,23091010,9740697,32831707,15242749,1729216,16971965,11024370,2.09,33189475,84
"2,562",25000000,22486409,40686409,22486409,18200000,40686409,28047550,,28047550,9820089,2.29,35233061,103
"2,563",25000000,22032635,22032635,22032635,,,,,,4556274,4.84,54600409,92
"2,564",25000000,21835784,41921590,21835784,20085806,41921590,,,,7576593,2.88,36722264,107
"2,565",25000000,21567853,22411948,21567853,844095,22411948,,,,7610663,2.83,49573867,136
"2,566",25000000,19490041,38993548,19490041,19503507,38993548,5780689,2305209,8085898,8684464,2.24,26494653,114
"2,567",25000000,19375982,101850986,19375982,82475004,101850986,1742981,1231024,2974005,4038962,4.8,24777345,86
"2,568",25000000,18877153,18877153,18877153,,,3378955,909182,4288137,8404260,2.25,25661499,85
"2,569",25000000,18600152,23190292,18600152,4590140,23190292,6190398,2332865,8523263,7722802,2.41,22353365,100
"2,570",25000000,17791031,24591031,17791031,6800000,24591031,,,,367203,4.44,33009858,97
"2,571",25000000,17718223,20718223,17718223,3000000,20718223,,,,6711384,2.64,30757237,92
"2,572",25000000,17501244,21038441,17501244,3537197,21038441,1966403,947302,2913705,3287451,4.58,20947459,113
"2,573",25000000,17432844,22910563,17432844,5477719,22910563,10916133,,10916133,8003421,2.18,26173549,90
"2,574",25000000,17356894,30850666,17356894,13493772,30850666,1752547,787821,2540368,6541205,2.65,21630900,95
"2,575",25000000,17000612,41909091,17000612,24908479,41909091,1096398,2654543,3750941,5319280,3.2,17938987,107
"2,576",25000000,16973715,71009334,16973715,54035619,71009334,4539710,2646087,7185797,7842930,2.16,22506258,111
"2,577",25000000,16655224,21970831,16655224,5315607,21970831,7709662,,7709662,5815474,2.86,27280019,87
"2,578",25000000,16648499,48481754,16648499,31833255,48481754,781848,1025683,1807531,194777,6.16,19656866,125
"2,579",25000000,16118077,16118077,16118077,,,,,,5126791,3.14,42275635,108
"2,580",25000000,15567860,19233280,15567860,3665420,19233280,,,,7820536,1.99,28871880,98
"2,581",25000000,15502112,23506237,15502112,8004125,23506237,,,,4261154,3.64,45043863,89
"2,582",25000000,15382170,36682170,15382170,21300000,36682170,,,,3832551,4.01,37515780,96
"2,583",25000000,15331289,15468266,15331289,136977,15468266,40926859,,40926859,3657322,3.93,25783345,120
"2,584",25000000,15051977,34356760,15051977,19304783,34356760,4213344,735003,4948347,7571417,1.99,21634263,115
"2,585",25000000,14983572,24355762,14983572,9372190,24355762,,,,5870387,2.55,29967139,108
"2,586",25000000,14744435,16727470,14744435,1983035,16727470,5273773,1122891,6396664,6842220,2.15,20145125,107
"2,587",25000000,14589444,31635150,14589444,17045706,31635150,,,,6003806,2.43,25325950,108
"2,588",25000000,14543943,43530281,14543943,28986338,43530281,,,,1900523,7.65,21709357,84
"2,589",25000000,14102929,51702929,14102929,37600000,51702929,,,,5612707,2.51,34395821,100
"2,590",25000000,13973532,13973532,13973532,,,,,,6041521,2.31,25926784,85
"2,591",25000000,13938332,14371564,13938332,433232,14371564,25807366,,25807366,5310711,2.62,21839418,88
"2,592",25000000,13885657,15607173,13885657,1721516,15607173,,,,11583488,1.2,13885657,91
"2,593",25000000,13657115,24215385,13657115,10558270,24215385,12363281,7246982,19610263,5242107,2.61,18565402,139
"2,594",25000000,13038660,13038660,13038660,,,,,,54628,4.05,26100019,145
"2,595",25000000,12638526,18445379,12638526,5806853,18445379,,,,518332,3.71,15188772,121
"2,596",25000000,12512862,34153101,12512862,21640239,34153101,2224232,2371184,4595416,2282368,5.21,16899515,91
"2,597",25000000,12227722,28287489,12227722,16059767,28287489,2716537,899199,3615736,5787266,2.11,15630590,120
"2,598",25000000,11603545,11603545,11603545,,,,,,4209136,2.76,35235551,116
"2,599",25000000,11538204,15907411,11538204,4369207,15907411,2744915,1568525,4313440,3506602,3.29,15684965,122
"2,600",25000000,11411644,16425701,11411644,5014057,16425701,,,,3583114,3.18,21173408,73
"2,601",25000000,11317898,27798183,11317898,16480285,27798183,,,,221736,4.7,27593911,
"2,602",25000000,11273517,13424365,11273517,2150848,13424365,,,,5623373,2,18959206,107
"2,603",25000000,11100000,11208967,11100000,108967,11208967,,,,2723211,4.08,32252822,99
"2,604",25000000,10915744,11229035,10915744,313291,11229035,5324244,,5324244,4555117,2.4,16388823,113
"2,605",25000000,10731997,10731997,10731997,,,,,,,,27944660,254
"2,606",25000000,10719367,12219367,10719367,1500000,12219367,,,,5064077,2.12,19888938,99
"2,607",25000000,10324441,11253821,10324441,929380,11253821,12980516,6330331,19310847,5123760,2.02,14034989,110
"2,608",25000000,10115014,11115766,10115014,1000752,11115766,,,,3871616,2.61,21464532,100
"2,609",25000000,10103647,14805812,10103647,4702165,14805812,,,,1575214,5.23,18746517,102
"2,610",25000000,10039566,10039566,10039566,,,,,,3872900,2.59,24485638,105
"2,611",25000000,9286314,9286314,9286314,,,,221287,221287,2811154,3.3,23778255,95
"2,612",25000000,8547045,13008804,8547045,4461759,13008804,1134817,613430,1748247,4415403,1.94,10058635,103
"2,613",25000000,8114270,29206732,8114270,21092462,29206732,10468090,1903660,12371750,1502231,5.4,11573667,111
"2,614",25000000,7634767,17326032,7634767,9691265,17326032,,,,218888,5.26,9034168,112
"2,615",25000000,7164995,7164995,7164995,,,,,,1449320,4.89,11226540,116
"2,616",25000000,6545174,6682685,6545174,137511,6682685,209564,167063,376627,1211089,2.97,6842120,131
"2,617",25000000,5958315,9363210,5958315,3404895,9363210,,,,3131525,1.9,7012077,109
"2,618",25000000,5778353,5778353,5778353,,,,,,2950114,1.96,18538873,117
"2,619",25000000,5775178,15521619,5775178,9746441,15521619,473936,558074,1032010,2840246,2.03,6940509,105
"2,620",25000000,5654777,5654777,5654777,,,105206,,105206,2525364,2.24,9509900,95
"2,621",25000000,5516708,5516708,5516708,,,,,,2861903,1.93,10507083,95
"2,622",25000000,5128124,18991288,5128124,13863164,18991288,7463074,,7463074,400782,11.61,8439867,127
"2,623",25000000,4598506,12850033,4598506,8251527,12850033,3067159,,3067159,2312146,1.99,6904159,108
"2,624",25000000,4064333,4064333,4064333,,,,332582,332582,,2.01,10072067,104
"2,625",25000000,4008527,4049527,4008527,41000,4049527,,,,2137685,1.88,6741327,95
"2,626",25000000,3439660,6255630,3439660,2815970,6255630,988043,1535906,2523949,1125007,3.06,4039158,91
"2,627",25000000,3073392,20052958,3073392,16979566,20052958,,,,1950260,1.58,4614368,121
"2,628",25000000,3054285,3823620,3054285,769335,3823620,244948,46291,291239,1164403,2.62,3614178,84
"2,629",25000000,2546747,38112154,2546747,35565407,38112154,,,,79795,3.58,3450764,79
"2,630",25000000,2455635,6792768,2455635,4337133,6792768,,,,1158017,2.12,2951144,105
"2,631",25000000,2405420,3711633,2405420,1306213,3711633,11265272,,11265272,1550000,1.55,3958836,92
"2,632",25000000,1872994,42280444,1872994,40407450,42280444,974674,1177878,2152552,86836,5.75,2394432,131
"2,633",25000000,1702112,12413949,1702112,10711837,12413949,5475086,1114556,6589642,245398,5.84,2427376,122
"2,634",25000000,1513793,3771345,1513793,2257552,3771345,1274838,532833,1807671,835572,1.81,1886543,98
"2,635",25000000,1190003,1190003,1190003,,,,,,63638,7.61,1692816,113
"2,636",25000000,913935,2024063,913935,1110128,2024063,,,,370315,2.47,1071586,91
"2,637",25000000,881745,881745,881745,,,,,,519489,1.7,1482864,87
"2,638",25000000,872142,1415656,872142,543514,1415656,,,,139542,6.25,1466716,108
"2,639",25000000,780326,780326,780326,,,,,,56180,4.45,1793576,
"2,640",25000000,720828,9313302,720828,8592474,9313302,1141464,313325,1454789,39550,6.09,955776,125
"2,641",25000000,205505,48530887,205505,48325382,48530887,,,,25654,4.78,278307,154
"2,642",25000000,137885,146149,137885,8264,146149,,,,44220,3.12,188381,118
"2,643",25000000,129115,129115,129115,,,1642698,378966,2021664,58664,2.2,165106,100
"2,644",25000000,6820,6820,6820,,,,601531,601531,4724,1.44,9799,111
"2,645",25000000,0,71594792,,71594792,71594792,,,,,,,86
"2,646",25000000,0,9755282,,9755282,9755282,,,,,,,130
"2,647",25000000,0,9445081,,9445081,9445081,,,,,,,85
"2,648",25000000,0,8208594,,8208594,8208594,,,,,,,
"2,649",25000000,0,6353847,,6353847,6353847,,,,,,,125
"2,650",25000000,0,5297411,,5297411,5297411,,,,,,,120
"2,651",25000000,0,91116,,91116,91116,59755,8239,67994,,,,108
"2,652",25000000,0,0,,,,,,,,,,134
"2,653",25000000,0,0,,,,664246,160263,824509,,,,98
"2,654",25000000,0,0,,,,,,,,,,
"2,655",24200000,17000,10447579,17000,10430579,10447579,,,,17000,1,23015,110
"2,656",24000000,109713132,133000000,109713132,23286868,133000000,,,,16881888,6.5,314947758,122
"2,657",24000000,101363301,172363301,101363301,71000000,172363301,,,,32926342,3.08,237266873,120
"2,658",24000000,97864733,200588546,97864733,102723813,200588546,6119961,5010809,11130770,30300007,3.23,115170944,100
"2,659",24000000,90230760,144353965,90230760,54123205,144353965,4100247,2896038,6996285,17253227,5.23,92372990,125
"2,660",24000000,81641405,138874789,81641405,57233384,138874789,2118042,3000414,5118456,30018805,2.72,83579712,114
"2,661",24000000,75155000,86737464,75155000,11582464,86737464,,,,17453216,4.31,134356692,90
"2,662",24000000,70269899,156229050,70269899,85959151,156229050,34759107,,34759107,12158168,5.78,113887595,101
"2,663",24000000,65028687,70027933,65028687,4999246,70027933,3418522,1610307,5028829,29241911,2.22,85802839,105
"2,664",24000000,57682904,64282881,57682904,6599977,64282881,5514939,2414094,7929033,129462,5.74,70644736,133
"2,665",24000000,57262492,85527867,57262492,28265375,85527867,,,,15915676,3.6,114524974,98
"2,666",24000000,51802742,62989834,51802742,11187092,62989834,14795053,2832201,17627254,15556113,3.33,70419682,113
"2,667",24000000,45018541,80812424,45018541,35793883,80812424,5944968,2415892,8360860,11932330,3.77,54102545,96
"2,668",24000000,43218387,83531958,43218387,40313571,83531958,,,,8514616,5.08,110663707,120
"2,669",24000000,41798224,41798224,41798224,,,,286675,286675,,5.91,107027279,
"2,670",24000000,40020622,40020622,40020622,,,,,,16520038,2.42,91842797,
"2,671",24000000,39687694,99135571,39687694,59447877,99135571,29256083,,29256083,13180769,3.01,62156348,95
"2,672",24000000,33208099,33208213,33208099,114,33208213,,,,,,,146
"2,673",24000000,32662299,32662299,32662299,,,,,,7820836,4.18,65324590,
"2,674",24000000,32428195,67348218,32428195,34920023,67348218,10530019,1449362,11979381,12706654,2.55,46581005,94
"2,675",24000000,31457946,36856306,31457946,5398360,36856306,21945050,909134,22854184,10065630,3.13,47220658,101
"2,676",24000000,29823162,29823162,29823162,,,,,,11736236,2.54,56800995,88
"2,677",24000000,28871190,48308749,28871190,19437559,48308749,,,,95399,3.1,57795439,127
"2,678",24000000,25170054,27732366,25170054,2562312,27732366,,,,7145950,3.52,50340099,110
"2,679",24000000,25003155,83660160,25003155,58657005,83660160,6604789,3983236,10588025,10106872,2.47,34161464,88
"2,680",24000000,23240020,35792945,23240020,12552925,35792945,14162527,3670705,17833232,8523153,2.73,31749870,98
"2,681",24000000,22099847,22099847,22099847,,,,,,6025520,3.67,59708350,100
"2,682",24000000,22000000,22000000,22000000,,,,,,,,101350423,134
"2,683",24000000,16980098,17589829,16980098,609731,17589829,,,,7320066,2.32,29475916,96
"2,684",24000000,16304786,16304786,16304786,,,,,,4826049,3.38,34599520,87
"2,685",24000000,12372410,12372410,12372410,,,,,,5257778,2.35,24744811,107
"2,686",24000000,12096300,19303058,12096300,7206758,19303058,1780071,1232888,3012959,270877,10.75,15791557,134
"2,687",24000000,9659074,24474463,9659074,14815389,24474463,3590551,373399,3963950,4402201,2.19,13130493,89
"2,688",24000000,8427204,8427204,8427204,,,,,,3366,2.46,16854810,124
"2,689",24000000,8031955,70224912,8031955,62192957,70224912,,,,,25.85,10648775,150
"2,690",24000000,7095145,239862616,7095145,232767471,239862616,,,,427987,3.36,10306478,119
"2,691",24000000,6144806,8292914,6144806,2148108,8292914,,,,45264,4.58,10437875,118
"2,692",24000000,4356126,4356126,4356126,,,,,,2006751,2.17,10012583,93
"2,693",24000000,669276,669276,669276,,,,,,319723,2.09,1658568,90
"2,694",24000000,49981,1696765,49981,1646784,1696765,,,,21281,2.35,84052,
"2,695",24000000,0,4084232,,4084232,4084232,,,,,,,
"2,696",24000000,0,447432,,447432,447432,,,,,,,163
"2,697",23600000,75590286,102236596,75590286,26646310,102236596,37062007,16973599,54035606,24733155,3.06,108648429,87
"2,698",23000000,291738960,549001086,291738960,257262126,549001086,,4755796,4755796,4910483,13.28,1042740647,124
"2,699",23000000,161491646,190191646,161491646,28700000,190191646,,,,39414071,4.1,369169390,88
"2,700",23000000,86930411,86930411,86930411,,,,17557,17557,20817139,4.18,222591401,
"2,701",23000000,85080171,319995019,85080171,234914848,319995019,4363480,3263975,7627455,320429,15.46,100334775,130
"2,702",23000000,84919401,178919401,84919401,94000000,178919401,,,,14931503,5.69,210423929,99
"2,703",23000000,65647413,141247413,65647413,75600000,141247413,,,,15523358,4.23,162684850,106
"2,704",23000000,64460211,80171596,64460211,15711385,80171596,4221744,2582800,6804544,20649306,3.12,82429550,101
"2,705",23000000,53302314,112036870,53302314,58734556,112036870,,,,10015822,5.32,106604627,97
"2,706",23000000,52614445,90614445,52614445,38000000,90614445,,,,7023921,7.49,,134
"2,707",23000000,50638075,52295730,50638075,1657655,52295730,,,,11774332,4.3,133793728,102
"2,708",23000000,40962534,77735925,40962534,36773391,77735925,7172198,2978056,10150254,10470143,3.91,55683540,101
"2,709",23000000,39235088,53182088,39235088,13947000,53182088,,,,14015741,2.8,78470175,107
"2,710",23000000,29719483,35067665,29719483,5348182,35067665,3347563,1390880,4738443,512035,3.91,35167184,133
"2,711",23000000,27338033,38684906,27338033,11346873,38684906,,,,10010600,2.73,52067842,97
"2,712",23000000,25568251,48038809,25568251,22470558,48038809,3379525,3378160,6757685,260382,4.78,33736312,119
"2,713",23000000,22438180,48774993,22438180,26336813,48774993,514119,582855,1096974,7949980,2.82,22970897,112
"2,714",23000000,21973182,22204890,21973182,231708,22204890,,,,7347259,2.99,41849976,97
"2,715",23000000,20763013,51881013,20763013,31118000,51881013,,,,7154890,2.9,57244312,
"2,716",23000000,19192510,151496097,19192510,132303587,151496097,17478049,7383496,24861545,6446395,2.98,25991863,94
"2,717",23000000,18942396,36374700,18942396,17432304,36374700,6343983,3153405,9497388,8425370,2.25,25653134,93
"2,718",23000000,18653615,18653615,18653615,,,,,,5607137,3.33,39530346,114
"2,719",23000000,16123851,19123851,16123851,3000000,19123851,,,,4833900,3.34,27989548,141
"2,720",23000000,15789389,45032437,15789389,29243048,45032437,1729176,1172753,2901929,6084682,2.59,19677402,105
"2,721",23000000,15566093,23855847,15566093,8289754,23855847,3359082,3142833,6501915,3104204,5.01,16499749,107
"2,722",23000000,13590514,15490514,13590514,1900000,15490514,1583693,1411517,2995210,8170315,1.66,15959229,108
"2,723",23000000,13019253,13019253,13019253,,,,,,4051921,3.21,26038497,
"2,724",23000000,12803305,12803305,12803305,,,,,,59739,3.94,30096046,98
"2,725",23000000,12189514,12291975,12189514,102461,12291975,,,,6081483,2,21159890,111
"2,726",23000000,11511323,11778396,11511323,267073,11778396,11199402,,11199402,4080687,2.82,17283013,95
"2,727",23000000,10660147,10660147,10660147,,,,,,198535,6.43,21510110,102
"2,728",23000000,7018525,7018525,7018525,,,,,,2200549,3.19,17971424,98
"2,729",23000000,6777741,24489150,6777741,17711409,24489150,3591301,,3591301,133557,4.48,10618947,121
"2,730",23000000,6113834,50813834,6113834,44700000,50813834,,,,177339,11.22,8779351,110
"2,731",23000000,2715657,2715657,2715657,,,,,,405701,6.69,3903298,92
"2,732",23000000,36686,13593473,36686,13556787,13593473,1544607,529232,2073839,19768,1.86,48639,100
"2,733",23000000,10452,4673377,10452,4662925,4673377,3748519,,3748519,7711,1.36,15685,99
"2,734",23000000,0,58807172,,58807172,58807172,4354,19762,24116,,,,119
"2,735",23000000,0,44195779,,44195779,44195779,,,,,,,139
"2,736",22700000,38119483,38119483,38119483,,,,,,6613837,5.76,105096678,92
"2,737",22500000,71985628,131263370,71985628,59277742,131263370,50971740,,50971740,20617667,3.49,112791431,104
"2,738",22500000,10663357,32398681,10663357,21735324,32398681,1274408,1376442,2650850,492648,3.37,13267862,116
"2,739",22500000,4200117,35400117,4200117,31200000,35400117,1936127,648022,2584149,1220335,3.44,5370963,112
"2,740",22400000,0,7267208,,7267208,7267208,,,,,,,116
"2,741",22000000,217631306,517599988,217631306,299968682,517599988,,,,12191373,17.38,555939681,127
"2,742",22000000,176484651,369884651,176484651,193400000,369884651,,,,13740644,12.84,405338467,118
"2,743",22000000,145539357,190506000,145539357,44966643,190506000,,,,19321992,7.12,382352327,97
"2,744",22000000,117450119,362900037,117450119,245449918,362900037,2982230,5532247,8514477,53807379,2.18,138980492,96
"2,745",22000000,90648202,146590987,90648202,55942785,146590987,52107471,,52107471,22950971,3.95,141956818,110
"2,746",22000000,75600072,80491516,75600072,4891444,80491516,,,,16021684,4.72,140270007,127
"2,747",22000000,71516617,175516617,71516617,104000000,175516617,,,,10519257,6.8,177174356,135
"2,748",22000000,63841474,126041474,63841474,62200000,126041474,,,,12146143,5.26,218479705,96
"2,749",22000000,59700064,70949793,59700064,11249729,70949793,10453156,4356603,14809759,25601865,2.33,78771929,138
"2,750",22000000,55762229,55762229,55762229,,,,,,19610520,2.84,106204377,88
"2,751",22000000,54235441,94270488,54235441,40035047,94270488,19097247,3227825,22325072,10979290,4.94,71561564,122
"2,752",22000000,52767889,127767889,52767889,75000000,127767889,,,,131153,15.48,180907114,191
"2,753",22000000,51970690,95708457,51970690,43737767,95708457,,,,21753759,2.39,92905403,121
"2,754",22000000,50621733,110521733,50621733,59900000,110521733,,,,10037745,5.04,125448800,
"2,755",22000000,49008662,77229695,49008662,28221033,77229695,17026429,4635518,21661947,14623599,3.35,66371026,94
"2,756",22000000,40270895,92542418,40270895,52271523,92542418,,,,41779,4.84,74724944,134
"2,757",22000000,36471796,113152222,36471796,76680426,113152222,1623933,3429748,5053681,10651884,3.42,42828530,113
"2,758",22000000,36020063,57520063,36020063,21500000,57520063,28320761,,28320761,12211986,2.95,60564412,107
"2,759",22000000,33316821,41771168,33316821,8454347,41771168,6961381,1278527,8239908,10464314,3.18,47887380,108
"2,760",22000000,30659817,55616322,30659817,24956505,55616322,4883217,2542697,7425914,7944977,3.86,40648318,105
"2,761",22000000,30080225,64220196,30080225,34139971,64220196,1006878,1427129,2434007,11355225,2.65,37487256,100
"2,762",22000000,30059386,33762400,30059386,3703014,33762400,,,,11018543,2.73,57250909,104
"2,763",22000000,25842377,25842377,25842377,,,,,,,6.45,67935668,131
"2,764",22000000,23530831,27882226,23530831,4351395,27882226,14038847,,14038847,7868465,2.99,35329014,114
"2,765",22000000,22400154,45273464,22400154,22873310,45273464,,,,9626287,2.33,37671389,83
"2,766",22000000,20738724,35609577,20738724,14870853,35609577,2374483,894568,3269051,7126084,2.91,24923457,91
"2,767",22000000,20668843,25044057,20668843,4375214,25044057,15162739,,15162739,7736452,2.67,31032041,104
"2,768",22000000,20158492,51695362,20158492,31536870,51695362,9320543,5559995,14880538,6915241,2.92,26729215,100
"2,769",22000000,19528602,31013349,19528602,11484747,31013349,13674461,,13674461,7803347,2.5,29314895,88
"2,770",22000000,19351569,25873142,19351569,6521573,25873142,,,,7411852,2.61,36856874,90
"2,771",22000000,19288130,19288130,19288130,,,,,,7991450,2.41,40930313,142
"2,772",22000000,17951431,22861785,17951431,4910354,22861785,,,,5738448,3.13,34190171,120
"2,773",22000000,16029670,69698495,16029670,53668825,69698495,1986955,1904115,3891070,7355622,2.18,20498192,96
"2,774",22000000,15716828,15716828,15716828,,,,,,3123267,5.03,62984155,109
"2,775",22000000,14252830,14307223,14252830,54393,14307223,,,,4562455,3.12,27145840,99
"2,776",22000000,13749300,17216955,13749300,3467655,17216955,3763530,1794617,5558147,4526222,3.04,18620272,95
"2,777",22000000,13555988,13560782,13555988,4794,13560782,,,,5719627,2.37,27111970,95
"2,778",22000000,12784713,20034713,12784713,7250000,20034713,,,,292177,4.4,22182933,105
"2,779",22000000,11962712,12967012,11962712,1004300,12967012,1335390,831474,2166864,61999,2.69,14374526,129
"2,780",22000000,11330849,15434375,11330849,4103526,15434375,3678460,2005990,5684450,5220288,2.17,15023234,115
"2,781",22000000,10696210,10696210,10696210,,,,,,4304829,2.48,27851478,104
"2,782",22000000,9818792,9818792,9818792,,,,,,3018345,3.22,20835940,77
"2,783",22000000,6069605,6756412,6069605,686807,6756412,680330,192511,872841,3201459,1.9,7293737,90
"2,784",22000000,6047691,6047691,6047691,,,,,,1573454,3.84,11518387,104
"2,785",22000000,5000000,5000000,5000000,,,,,,,,,136
"2,786",22000000,4835065,9448623,4835065,4613558,9448623,2863413,,2863413,27804,2.19,7958540,114
"2,787",22000000,4398532,27238354,4398532,22839822,27238354,,,,112521,10.21,6891880,145
"2,788",22000000,3242457,19563579,3242457,16321122,19563579,1214543,362981,1577524,1843347,1.76,4278291,92
"2,789",22000000,1810078,4065020,1810078,2254942,4065020,4752893,1190548,5943441,75766,5.01,2473083,105
"2,790",22000000,1054361,23134075,1054361,22079714,23134075,,,,42732,10.84,1735267,
"2,791",22000000,0,34061097,,34061097,34061097,,,,,,,85
"2,792",21600000,12000000,12007773,12000000,7773,12007773,,622575,622575,,,58008959,121
"2,793",21600000,635733,791154,635733,155421,791154,,,,32601,12.07,996104,
"2,794",21500000,49033882,92987651,49033882,43953769,92987651,19558467,,19558467,719910,4.73,76183316,120
"2,795",21500000,24419219,24419219,24419219,,,,,,7517145,3.25,51818727,119
"2,796",21500000,22331846,22331846,22331846,,,,,,2860334,5.36,54077945,102
"2,797",21500000,16684352,74290305,16684352,57605953,74290305,,719996,719996,361359,5.37,22595139,112
"2,798",21000000,132092958,236412453,132092958,104319495,236412453,20031247,11549476,31580723,443003,12.28,176131067,122
"2,799",21000000,60311495,94523781,60311495,34212286,94523781,4756767,4399862,9156629,20556350,2.93,71367502,102
"2,800",21000000,54724696,111809732,54724696,57085036,111809732,2816959,4058839,6875798,24502775,2.23,64403073,100
"2,801",21000000,52037603,52037603,52037603,,,,,,14774666,3.52,110426245,81
"2,802",21000000,45785720,45785720,45785720,,,,,,8152948,5.62,167880972,136
"2,803",21000000,42739347,48977233,42739347,6237886,48977233,14677034,1729722,16406756,16217540,2.64,58394193,92
"2,804",21000000,42273609,42273609,42273609,,,,,,12419597,3.4,110074752,96
"2,805",21000000,40222729,43728560,40222729,3505831,43728560,,,,9386342,4.29,76604275,106
"2,806",21000000,37729698,38017873,37729698,288175,38017873,17993032,2060481,20053513,19497324,1.94,51549195,134
"2,807",21000000,36605602,43632609,36605602,7027007,43632609,22209481,,22209481,9405582,3.89,57355863,122
"2,808",21000000,35417038,97389568,35417038,61972530,97389568,1829985,920184,2750169,13007709,2.72,41680741,94
"2,809",21000000,30718107,34836080,30718107,4117973,34836080,2439260,1577919,4017179,10016323,3.07,36916520,82
"2,810",21000000,25296447,43928932,25296447,18632485,43928932,,,,9107816,2.78,46934719,92
"2,811",21000000,24850922,39319801,24850922,14468879,39319801,21342562,,21342562,8603195,2.89,37310992,113
"2,812",21000000,24149393,81428388,24149393,57278995,81428388,6021963,3558526,9580489,310562,4.41,32725094,128
"2,813",21000000,22245070,68271146,22245070,46026076,68271146,1130516,298863,1429379,158845,5.33,26733538,112
"2,814",21000000,21731001,36882378,21731001,15151377,36882378,,,,7480288,2.91,46057507,101
"2,815",21000000,17760244,17760244,17760244,,,,,,7065123,2.51,37688077,104
"2,816",21000000,16289867,17589867,16289867,1300000,17589867,7791820,,7791820,6230669,2.61,24457481,120
"2,817",21000000,9451946,10108016,9451946,656070,10108016,5269400,763520,6032920,130411,5.53,13585592,98
"2,818",21000000,6830957,6830957,6830957,,,,,,329771,3.63,12671416,117
"2,819",21000000,970816,5046038,970816,4075222,5046038,,,,107577,5.16,1319720,91
"2,820",21000000,557241,606162,557241,48921,606162,212945,,212945,219357,2.54,669675,103
"2,821",21000000,17396,17396,17396,,,,,,9683,1.8,36911,89
"2,822",21000000,0,991329,,991329,991329,,,,,,,89
"2,823",21000000,0,0,,,,,,,,,,
"2,824",20700000,104963598,150467919,104963598,45504321,150467919,3402568,2181957,5584525,33181361,3.16,123527017,110
"2,825",20700000,2840417,2840417,2840417,,,,,,810262,3.51,6027497,97
"2,826",20500000,69701637,69701637,69701637,,,,,,11874268,5.87,255572660,114
"2,827",20500000,20264436,30241435,20264436,9976999,30241435,133748,,133748,8203822,2.47,33351239,85
"2,828",20000000,225686079,367451914,225686079,141765835,367451914,,1181935,1181935,8305823,27.17,855830948,115
"2,829",20000000,206333165,438656843,206333165,232323678,438656843,,,,162146,11.62,458933587,85
"2,830",20000000,175084580,255620999,175084580,80536419,255620999,3357684,4971740,8329424,71117625,2.46,206049319,116
"2,831",20000000,173585516,358994850,173585516,185409334,358994850,,,,31126882,5.58,451056113,120
"2,832",20000000,169100479,340800479,169100479,171700000,340800479,,,,,31.43,806183507,134
"2,833",20000000,153665036,276665036,153665036,123000000,276665036,,,,26348555,5.83,423659606,102
"2,834",20000000,137400141,316479150,137400141,179079009,316479150,15938798,11657992,27596790,41855326,3.28,182186161,111
"2,835",20000000,137275620,297144130,137275620,159868510,297144130,,,,80001720,1.72,137275620,
"2,836",20000000,132675402,164675402,132675402,32000000,164675402,,,,31101026,4.27,237187532,105
"2,837",20000000,132422809,310742172,132422809,178319363,310742172,15024626,10769955,25794581,27547866,4.81,158942940,113
"2,838",20000000,130726716,275726716,130726716,145000000,275726716,,,,13766814,9.5,334734911,118
"2,839",20000000,121697323,183097323,121697323,61400000,183097323,,,,18122710,6.72,316119792,95
"2,840",20000000,117229692,171685793,117229692,54456101,171685793,17701965,4601750,22303715,50353641,2.33,160168507,93
"2,841",20000000,113257297,180485601,113257297,67228304,180485601,11512484,6142393,17654877,23817340,4.76,141146087,101
"2,842",20000000,111048468,246999039,111048468,135950571,246999039,6638011,10212729,16850740,40328920,2.75,130688042,128
"2,843",20000000,102922376,208900376,102922376,105978000,208900376,,,,9866023,10.43,474146668,116
"2,844",20000000,94514402,154218168,94514402,59703766,154218168,64921990,,64921990,29300465,3.23,141856133,91
"2,845",20000000,92002155,130851162,92002155,38849007,130851162,2854308,4145698,7000006,49404980,1.86,97520472,105
"2,846",20000000,84525432,96407655,84525432,11882223,96407655,12687423,4870109,17557532,21577049,3.92,111528047,96
"2,847",20000000,83140306,111174248,83140306,28033942,111174248,3957806,5071874,9029680,21402605,3.88,97844163,100
"2,848",20000000,82674398,98114471,82674398,15440073,98114471,,,,18575214,4.45,139037432,94
"2,849",20000000,82624961,175507800,82624961,92882839,175507800,17059409,5265498,22324907,1190096,11.25,112103171,110
"2,850",20000000,81261177,131944672,81261177,50683495,131944672,,,,19622714,4.14,145219547,110
"2,851",20000000,80818974,118537627,80818974,37718653,118537627,35087830,,35087830,22224982,3.64,126632046,97
"2,852",20000000,78222753,78222753,78222753,,,,,,11789466,6.63,205168194,103
"2,853",20000000,77698625,153698625,77698625,76000000,153698625,,,,7868829,8.99,202316701,112
"2,854",20000000,73257045,74781999,73257045,1524954,74781999,7778449,2854433,10632882,27062332,2.71,86212975,102
"2,855",20000000,73206343,73206343,73206343,,,11108777,2519845,13628622,28501448,2.57,91232876,103
"2,856",20000000,70433227,122133227,70433227,51700000,122133227,,,,23283887,3.02,174542893,101
"2,857",20000000,69148997,111448997,69148997,42300000,111448997,,,,19676748,3.51,120036421,109
"2,858",20000000,68261644,73964713,68261644,5703069,73964713,21562511,2144444,23706955,28612730,2.39,98114731,108
"2,859",20000000,67383924,71232214,67383924,3848290,71232214,,,,16300155,4.13,120464128,117
"2,860",20000000,65653242,66950887,65653242,1297645,66950887,14785105,1239968,16025073,25390575,2.59,88912297,114
"2,861",20000000,64079860,105400796,64079860,41320936,105400796,3345619,4122523,7468142,40050355,1.6,65601216,111
"2,862",20000000,62950384,92678948,62950384,29728564,92678948,39041760,2796179,41837939,16007426,3.93,86008252,107
"2,863",20000000,60095852,60831067,60095852,735215,60831067,21974054,1413525,23387579,29289537,2.05,82108145,121
"2,864",20000000,57598247,229375361,57598247,171777114,229375361,,,,118920,17.75,124239575,116
"2,865",20000000,57386418,96860808,57386418,39474390,96860808,16099408,7064059,23163467,16172119,3.55,68966053,132
"2,866",20000000,56671993,180765061,56671993,124093068,180765061,17626083,7900788,25526871,923715,8.49,75026245,133
"2,867",20000000,56398162,56398875,56398162,713,56398875,,,,12604705,4.47,104042663,118
"2,868",20000000,56245075,208064908,56245075,151819833,208064908,6679599,3030751,9710350,18723269,3,70095020,110
"2,869",20000000,54611903,69911903,54611903,15300000,69911903,1816267,1499466,3315733,18232087,3,64270338,117
"2,870",20000000,54030051,54404202,54030051,374151,54404202,3505588,1488120,4993708,20242415,2.67,67334564,112
"2,871",20000000,53976987,53980220,53976987,3233,53980220,,,,,5.83,137939673,107
"2,872",20000000,53548586,97628717,53548586,44080131,97628717,2598117,2852310,5450427,16011689,3.34,63364851,116
"2,873",20000000,52076908,66670998,52076908,14594090,66670998,6410599,2037242,8447841,571450,4.61,66594194,123
"2,874",20000000,50057405,76599977,50057405,26542572,76599977,1244184,2917028,4161212,13450240,3.72,51185240,112
"2,875",20000000,50008143,50008143,50008143,,,,,,9526010,5.25,123928217,102
"2,876",20000000,49823037,49823037,49823037,,,,,,,,199662579,114
"2,877",20000000,48548426,85146165,48548426,36597739,85146165,19470423,,19470423,19076261,2.54,79901069,82
"2,878",20000000,48430258,109862682,48430258,61432424,109862682,,,,11889631,4.07,89858544,72
"2,879",20000000,47901582,139924202,47901582,92022620,139924202,,,,11441733,4.19,85634994,72
"2,880",20000000,47852604,84146832,47852604,36294228,84146832,34396351,,34396351,17558689,2.73,74978350,97
"2,881",20000000,47319572,47879572,47319572,560000,47879572,8717356,2441136,11158492,21226953,2.23,56867885,100
"2,882",20000000,46752382,67192859,46752382,20440477,67192859,,,,19020655,2.46,78625687,89
"2,883",20000000,45542421,96147688,45542421,50605267,96147688,,,,9427532,4.29,91084834,77
"2,884",20000000,45055776,91902438,45055776,46846662,91902438,2397677,2716949,5114626,295009,10.22,57032107,128
"2,885",20000000,43808310,48266163,43808310,4457853,48266163,553321,2017652,2570973,11890490,3.68,51548149,132
"2,886",20000000,43549096,46627836,43549096,3078740,46627836,6409843,2365734,8775577,17170707,2.54,51532302,120
"2,887",20000000,42656255,43956255,42656255,1300000,43956255,12532622,4510595,17043217,12155254,3.51,54547371,111
"2,888",20000000,41975388,41975388,41975388,,,19582133,,19582133,20082809,2.09,63021540,110
"2,889",20000000,41596251,78769428,41596251,37173177,78769428,14676514,1638918,16315432,12871483,3.23,59787680,123
"2,890",20000000,40847995,62592138,40847995,21744143,62592138,8438626,3961818,12400444,9812674,4.16,49074128,86
"2,891",20000000,39739367,86858578,39739367,47119211,86858578,17217821,,17217821,18612544,2.14,62266035,86
"2,892",20000000,39263506,44821299,39263506,5557793,44821299,22700539,,22700539,15004672,2.62,58949934,111
"2,893",20000000,39143839,70743839,39143839,31600000,70743839,8544774,,8544774,20825300,1.88,64422983,
"2,894",20000000,38583626,85583945,38583626,47000319,85583945,3834114,2129084,5963198,9445456,4.08,48084557,96
"2,895",20000000,38264085,79114085,38264085,40850000,79114085,,,,9479373,4.04,140301635,129
"2,896",20000000,37672944,37672944,37672944,,,,,,11318919,3.33,86590943,124
"2,897",20000000,37537675,37540012,37537675,2337,37540012,,,,10241268,3.67,96117843,93
"2,898",20000000,37442180,41342180,37442180,3900000,41342180,19333947,,19333947,12299380,3.04,61622393,115
"2,899",20000000,36880033,46244066,36880033,9364033,46244066,7889520,4397638,12287158,11801271,3.13,45961468,107
"2,900",20000000,36661504,81424988,36661504,44763484,81424988,11103415,959730,12063145,12202831,3,50090111,82
"2,901",20000000,35868790,35868790,35868790,,,,,,11615722,3.09,83647981,135
"2,902",20000000,35841901,35841901,35841901,,,,,,,,153934530,98
"2,903",20000000,35606376,67950723,35606376,32344347,67950723,7906315,2817924,10724239,13177790,2.7,48648501,103
"2,904",20000000,35397980,54712735,35397980,19314755,54712735,683117,896885,1580002,14127170,2.51,35397980,139
"2,905",20000000,35061031,36265745,35061031,1204714,36265745,7003091,4992864,11995955,12954142,2.71,47661086,89
"2,906",20000000,34366518,72401378,34366518,38034860,72401378,,,,8175198,4.2,59657167,108
"2,907",20000000,34341945,47666013,34341945,13324068,47666013,3881668,2885172,6766840,21744470,1.58,46151562,92
"2,908",20000000,34302837,132121212,34302837,97818375,132121212,31481349,,31481349,389351,6.17,55312762,143
"2,909",20000000,34296320,41296320,34296320,7000000,41296320,4120858,929072,5049930,11558149,2.97,45252661,103
"2,910",20000000,33446470,53191101,33446470,19744631,53191101,13442349,,13442349,507226,6.26,49271984,104
"2,911",20000000,32774834,50948811,32774834,18173977,50948811,,,,12120358,2.7,56892798,98
"2,912",20000000,32051917,32051917,32051917,,,,,,5170522,5.7,79405663,
"2,913",20000000,32015787,78613981,32015787,46598194,78613981,4306410,1500934,5807344,14157367,2.26,42451435,86
"2,914",20000000,32010860,48680977,32010860,16670117,48680977,10817668,2028808,12846476,9775278,3.27,43736002,105
"2,915",20000000,31841299,57293371,31841299,25452072,57293371,11809753,,11809753,1453844,12.25,46865683,128
"2,916",20000000,31678778,31678778,31678778,,,,,,,,,164
"2,917",20000000,31177548,46604054,31177548,15426506,46604054,6688397,3145535,9833932,9909499,3.15,42382583,113
"2,918",20000000,30113491,68349884,30113491,38236393,68349884,,,,11503423,2.62,55857368,90
"2,919",20000000,30101577,51445503,30101577,21343926,51445503,14368866,3367301,17736167,15146692,1.99,41127371,98
"2,920",20000000,30060660,66143005,30060660,36082345,66143005,17872579,,17872579,5935256,5.06,45132852,110
"2,921",20000000,29795299,55576210,29795299,25780911,55576210,,,,9622444,3.1,68484715,108
"2,922",20000000,29062561,29227561,29062561,165000,29227561,12558265,629100,13187365,11581586,2.51,41772586,101
"2,923",20000000,27277055,47881663,27277055,20604608,47881663,,,,6429107,4.24,54554109,114
"2,924",20000000,26910736,30399714,26910736,3488978,30399714,27973356,,27973356,10803610,2.49,44289727,103
"2,925",20000000,26890041,44513466,26890041,17623425,44513466,14678803,,14678803,12511473,2.15,40372512,87
"2,926",20000000,26792700,26792700,26792700,,,,,,7929086,3.38,65345083,101
"2,927",20000000,26418667,65457811,26418667,39039144,65457811,14339564,,14339564,12469631,2.12,39664794,107
"2,928",20000000,26004851,47124638,26004851,21119787,47124638,3335569,6151162,9486731,8811790,2.95,34481210,109
"2,929",20000000,25728961,25736162,25728961,7201,25736162,,,,10240805,2.51,62750714,108
"2,930",20000000,25702053,32838945,25702053,7136892,32838945,11652731,2358668,14011399,8407513,3.06,35116357,105
"2,931",20000000,25584685,30703845,25584685,5119160,30703845,11021153,,11021153,6832318,3.74,40087629,97
"2,932",20000000,25107267,48958353,25107267,23851086,48958353,11786009,1954053,13740062,9106906,2.76,34303717,88
"2,933",20000000,24704837,38780888,24704837,14076051,38780888,1628291,1116513,2744804,686355,4.07,29084634,118
"2,934",20000000,23438250,34718173,23438250,11279923,34718173,4308436,1327707,5636143,13307125,1.76,30925858,105
"2,935",20000000,23364784,38164784,23364784,14800000,38164784,27586757,,27586757,8852458,2.64,38453791,97
"2,936",20000000,23216862,39519588,23216862,16302726,39519588,1395222,3003307,4398529,8750034,2.65,24609414,93
"2,937",20000000,23186769,39686769,23186769,16500000,39686769,11128281,998050,12126331,7453944,3.11,31519976,109
"2,938",20000000,23086480,27565514,23086480,4479034,27565514,14489886,,14489886,10726406,2.15,37995759,85
"2,939",20000000,22991379,30491379,22991379,7500000,30491379,21368632,,21368632,8703240,2.64,38665682,122
"2,940",20000000,22105643,46844357,22105643,24738714,46844357,1437181,1123723,2560904,8004283,2.76,26566200,101
"2,941",20000000,21541218,37226218,21541218,15685000,37226218,,,,10031850,2.15,49406066,104
"2,942",20000000,21413105,21413105,21413105,,,,,,3853149,5.56,54699822,119
"2,943",20000000,21284514,27688744,21284514,6404230,27688744,,,,386610,3.42,52741366,103
"2,944",20000000,20919166,29870801,20919166,8951635,29870801,2147502,,2147502,6410339,3.26,30067813,89
"2,945",20000000,20864910,30977065,20864910,10112155,30977065,,,,132139,4.14,20864910,110
"2,946",20000000,20268825,20268825,20268825,,,,,,9106497,2.23,46530447,108
"2,947",20000000,20211394,27911453,20211394,7700059,27911453,11381312,,11381312,248847,4,30336860,114
"2,948",20000000,20180155,32608019,20180155,12427864,32608019,2423092,1325179,3748271,6652996,3.03,25803709,111
"2,949",20000000,19762690,28715003,19762690,8952313,28715003,,,,9485494,2.08,34306240,100
"2,950",20000000,19661987,20081987,19661987,420000,20081987,16936521,,16936521,7460690,2.64,30807580,124
"2,951",20000000,19219250,34787111,19219250,15567861,34787111,20178882,,20178882,8265357,2.33,28855645,101
"2,952",20000000,18882880,20819601,18882880,1936721,20819601,20203481,,20203481,6773870,2.79,29586831,113
"2,953",20000000,18826490,18826490,18826490,,,,,,2287205,6.93,73003432,97
"2,954",20000000,18400000,18400000,18400000,,,,836734,836734,3450536,5.33,55873796,121
"2,955",20000000,18354356,56822960,18354356,38468604,56822960,16898596,,16898596,212440,8.58,28673927,149
"2,956",20000000,18253415,18310591,18253415,57176,18310591,,,,3321370,4.87,41955609,114
"2,957",20000000,18098433,55686944,18098433,37588511,55686944,,,,5805559,3.12,30436985,68
"2,958",20000000,17807569,17807569,17807569,,,13893882,,13893882,8602333,2.07,29307715,101
"2,959",20000000,17612099,17612099,17612099,,,175406,291008,466414,6022758,2.92,20840661,118
"2,960",20000000,17530219,55975672,17530219,38445453,55975672,4954976,3266929,8221905,8023036,2.18,23740665,94
"2,961",20000000,17468887,22119269,17468887,4650382,22119269,,,,4007717,4.36,43283662,104
"2,962",20000000,17445186,26308749,17445186,8863563,26308749,2675489,1253368,3928857,3288835,5.3,20965332,126
"2,963",20000000,17231291,18608570,17231291,1377279,18608570,11337656,,11337656,5483778,3.14,24767104,91
"2,964",20000000,17104669,102034104,17104669,84929435,102034104,,,,269225,2.53,28765729,95
"2,965",20000000,16988996,16988996,16988996,,,,,,5309675,3.2,31521744,88
"2,966",20000000,16883115,45173738,16883115,28290623,45173738,1266784,812662,2079446,6574326,2.57,20289857,110
"2,967",20000000,16574590,20614661,16574590,4040071,20614661,18349198,,18349198,7842725,2.11,25970066,90
"2,968",20000000,16248701,59667625,16248701,43418924,59667625,,,,274454,12.12,28583095,124
"2,969",20000000,15988876,23661038,15988876,7672162,23661038,6517475,726915,7244390,6511128,2.46,22969011,88
"2,970",20000000,15800078,74180745,15800078,58380667,74180745,7616002,,7616002,471713,8.56,24142899,125
"2,971",20000000,15712072,16612072,15712072,900000,16612072,,,,6146262,2.56,27274737,84
"2,972",20000000,15543862,17430594,15543862,1886732,17430594,,,,6988749,2.22,27788188,101
"2,973",20000000,15473333,15473333,15473333,,,,,,,,,260
"2,974",20000000,15464026,18250106,15464026,2786080,18250106,,,,6008611,2.57,30928046,
"2,975",20000000,15055091,15055091,15055091,,,,,,5866411,2.57,34604231,94
"2,976",20000000,14363397,19121531,14363397,4758134,19121531,4737469,391876,5129345,231964,3.23,20644983,127
"2,977",20000000,14326865,33943049,14326865,19616184,33943049,6721642,2709824,9431466,6231836,2.3,19402458,110
"2,978",20000000,14190901,36720752,14190901,22529851,36720752,11229389,,11229389,5836973,2.43,21306120,87
"2,979",20000000,14011084,30163785,14011084,16152701,30163785,5222662,1271827,6494489,5421669,2.58,19046589,106
"2,980",20000000,13801755,13801755,13801755,,,,,,4604819,3,32408399,94
"2,981",20000000,13684249,35472739,13684249,21788490,35472739,17948656,2486298,20434954,6963565,1.97,19668832,96
"2,982",20000000,13651946,36766293,13651946,23114347,36766293,2273550,873603,3147153,5002341,2.73,17455849,100
"2,983",20000000,13548322,14566246,13548322,1017924,14566246,,,,6160886,2.2,23518661,99
"2,984",20000000,13395961,13725032,13395961,329071,13725032,20763636,,20763636,4106862,3.26,22047084,123
"2,985",20000000,13383747,13383747,13383747,,,,,,,9.6,34608004,98
"2,986",20000000,13367624,29958228,13367624,16590604,29958228,8188628,,8188628,5012315,2.67,20070053,102
"2,987",20000000,12987647,26348203,12987647,13360556,26348203,,,,101663,10.5,23241637,101
"2,988",20000000,12639297,25943792,12639297,13304495,25943792,2142696,2010426,4153122,6109085,2.07,15751628,115
"2,989",20000000,12545979,22281732,12545979,9735753,22281732,1240813,697576,1938389,4765838,2.63,15635334,132
"2,990",20000000,12482775,15466961,12482775,2984186,15466961,17008934,,17008934,4248465,2.94,20992864,102
"2,991",20000000,12398628,12398628,12398628,,,,,,4548750,2.73,23004682,93
"2,992",20000000,12234694,17306648,12234694,5071954,17306648,9529011,,9529011,5329240,2.3,17585339,108
"2,993",20000000,12134935,28270399,12134935,16135464,28270399,7833977,2896332,10730309,5147479,2.36,16579802,115
"2,994",20000000,11744960,11744960,11744960,,,,,,3556310,3.3,31032019,93
"2,995",20000000,11175164,30894247,11175164,19719083,30894247,5584173,,5584173,4050655,2.76,16778315,98
"2,996",20000000,11036366,27836366,11036366,16800000,27836366,5840223,,5840223,55344,10.62,18178831,103
"2,997",20000000,10686841,10686841,10686841,,,,,,356476,5.13,24815291,96
"2,998",20000000,10582266,52344724,10582266,41762458,52344724,,,,184454,5.14,10796580,109
"2,999",20000000,10570375,10570375,10570375,,,,,,4406135,2.4,22430830,
"3,000",20000000,10555348,10555348,10555348,,,,,,2047630,5.03,28517951,108
"3,001",20000000,10458331,10656936,10458331,198605,10656936,357404,398162,755566,5000545,2.09,10458336,112
"3,002",20000000,10306106,21761751,10306106,11455645,21761751,,,,4449065,2.32,10306106,
"3,003",20000000,9725847,34600000,9725847,24874153,34600000,,,,131678,5.55,22867657,101
"3,004",20000000,9534258,16907831,9534258,7373573,16907831,9243996,,9243996,4231321,2.25,14938849,105
"3,005",20000000,9496130,9537120,9496130,40990,9537120,725435,1730799,2456234,4698715,2.02,11834478,86
"3,006",20000000,9479390,9985316,9479390,505926,9985316,1243265,1092233,2335498,3817700,2.48,11392175,108
"3,007",20000000,9208876,9208876,9208876,,,7623104,,7623104,3852068,2.39,13236223,100
"3,008",20000000,9198356,10844598,9198356,1646242,10844598,,,,3462308,2.66,10825136,104
"3,009",20000000,9109322,9355369,9109322,246047,9355369,,,,3251856,2.8,15812956,88
"3,010",20000000,8888355,16723377,8888355,7835022,16723377,403075,160816,563891,4603177,1.93,11785537,109
"3,011",20000000,8813410,14365639,8813410,5552229,14365639,825590,1174190,1999780,4869278,1.81,10983645,94
"3,012",20000000,8580428,47289148,8580428,38708720,47289148,,,,1282973,6.69,13444331,91
"3,013",20000000,8330720,10393696,8330720,2062976,10393696,10415819,,10415819,4065014,2.05,14010162,78
"3,014",20000000,8135024,8135024,8135024,,,4667925,,4667925,4244142,1.92,12746444,91
"3,015",20000000,8110975,14810975,8110975,6700000,14810975,1258261,1189471,2447732,328184,2.92,10431569,148
"3,016",20000000,8047525,9649039,8047525,1601514,9649039,,,,3254940,2.47,13969770,108
"3,017",20000000,8008161,18273009,8008161,10264848,18273009,3600217,3092421,6692638,3837183,2.09,10618440,107
"3,018",20000000,8000000,8000000,8000000,,,,,,,,,149
"3,019",20000000,7578946,28058652,7578946,20479706,28058652,160627,,160627,3605899,2.1,12473430,83
"3,020",20000000,7535331,8284331,7535331,749000,8284331,9570369,,9570369,193840,5.08,12672515,100
"3,021",20000000,7013191,7022183,7013191,8992,7022183,,,,3656000,1.92,10529559,83
"3,022",20000000,6882696,6882696,6882696,,,,,,4010593,1.72,12304378,100
"3,023",20000000,6575282,6947084,6575282,371802,6947084,10031448,,10031448,3001719,2.19,9872076,86
"3,024",20000000,6485961,17769299,6485961,11283338,17769299,2358344,473349,2831693,2750356,2.36,8294024,106
"3,025",20000000,6201757,7797434,6201757,1595677,7797434,,,,32718,8.34,12422872,160
"3,026",20000000,6002756,8300821,6002756,2298065,8300821,3831850,1163698,4995548,2268274,2.65,8128627,115
"3,027",20000000,5749134,8869722,5749134,3120588,8869722,865458,574467,1439925,172788,3.8,7363430,125
"3,028",20000000,5702083,14807531,5702083,9105448,14807531,,,,167953,10.39,7730241,99
"3,029",20000000,5501616,7405084,5501616,1903468,7405084,,,,391672,4.34,9054564,100
"3,030",20000000,5210988,12967829,5210988,7756841,12967829,,,,2231273,2.34,7489922,111
"3,031",20000000,5178569,10588079,5178569,5409510,10588079,,,,2834421,1.83,8709043,96
"3,032",20000000,5005899,14603001,5005899,9597102,14603001,,,,1705577,2.94,8676650,96
"3,033",20000000,4712792,5031975,4712792,319183,5031975,,,,1751388,2.69,5873278,105
"3,034",20000000,4535154,8969227,4535154,4434073,8969227,,,,2200537,2.06,5337221,111
"3,035",20000000,4452423,4453327,4452423,904,4453327,,,,653000,6.82,6683719,114
"3,036",20000000,4442377,4504111,4442377,61734,4504111,,,,2251075,1.97,6669748,119
"3,037",20000000,4017609,12397613,4017609,8380004,12397613,6927729,,6927729,730819,5.5,6247549,135
"3,038",20000000,3763583,25361206,3763583,21597623,25361206,4683031,786246,5469277,1831588,2.05,5096903,93
"3,039",20000000,3531756,5531756,3531756,2000000,5531756,,,,90400,5.62,5076302,114
"3,040",20000000,3083538,4383538,3083538,1300000,4383538,,,,172194,9.29,4605399,124
"3,041",20000000,2949212,3321111,2949212,371899,3321111,307711,444976,752687,1058019,2.79,3463226,110
"3,042",20000000,2483472,8075343,2483472,5591871,8075343,,1004430,1004430,184037,2.53,2938725,152
"3,043",20000000,2468683,2507181,2468683,38498,2507181,234745,99603,334348,1110565,2.22,2966818,98
"3,044",20000000,2374107,197588141,2374107,195214034,197588141,,,,144446,6.18,5037958,134
"3,045",20000000,2353728,8359720,2353728,6005992,8359720,,,,27480,12.06,4085857,114
"3,046",20000000,2246000,2246000,2246000,,,2282308,738275,3020583,1392000,1.61,2872105,118
"3,047",20000000,2000000,2000000,2000000,,,,,,,,8014865,
"3,048",20000000,1903434,5313608,1903434,3410174,5313608,,,,32681,7.76,3132668,
"3,049",20000000,1646664,1646664,1646664,,,,,,872950,1.89,2943781,
"3,050",20000000,1190018,5345869,1190018,4155851,5345869,,,,541512,2.2,2207981,107
"3,051",20000000,1186538,6093725,1186538,4907187,6093725,1887932,414395,2302327,754779,1.57,1612968,107
"3,052",20000000,1065907,1065907,1065907,,,,,,443901,2.4,1443517,88
"3,053",20000000,1031872,8221700,1031872,7189828,8221700,,,,42755,11.31,1549237,125
"3,054",20000000,882710,2282710,882710,1400000,2282710,,,,57339,2.81,1765419,115
"3,055",20000000,754301,754301,754301,,,,,,325641,2.32,1030590,105
"3,056",20000000,587470,43888531,587470,43301061,43888531,,,,224942,2.61,706004,119
"3,057",20000000,582024,873617,582024,291593,873617,,,,37172,9.32,793419,101
"3,058",20000000,538460,3727746,538460,3189286,3727746,452284,77625,529909,96250,2.79,688562,122
"3,059",20000000,468867,10468867,468867,10000000,10468867,,,,136148,3.44,788514,
"3,060",20000000,409862,14362043,409862,13952181,14362043,160802,,160802,14420,8.54,484992,113
"3,061",20000000,375474,375474,375474,,,,,,175336,2.14,631449,
"3,062",20000000,305070,305070,305070,,,,,,,,806042,
"3,063",20000000,277943,277943,277943,,,,,,42436,4.78,379413,109
"3,064",20000000,206678,47300771,206678,47094093,47300771,,,,49770,4.15,310302,88
"3,065",20000000,200730,1167092,200730,966362,1167092,,,,58749,3.42,288516,107
"3,066",20000000,146072,26146072,146072,26000000,26146072,,,,,3.19,335743,118
"3,067",20000000,121972,5694213,121972,5572241,5694213,,,,34211,3.57,218047,
"3,068",20000000,55039,15824374,55039,15769335,15824374,114378,90653,205031,,1.62,68582,106
"3,069",20000000,0,38585047,,38585047,38585047,,,,,,,124
"3,070",20000000,0,34454336,,34454336,34454336,,,,,,,83
"3,071",20000000,0,22139590,,22139590,22139590,,,,,,,
"3,072",20000000,0,5918742,,5918742,5918742,,,,,,,103
"3,073",20000000,0,2360000,,2360000,2360000,,,,,,,95
"3,074",20000000,0,1703281,,1703281,1703281,2375070,701538,3076608,,,,96
"3,075",20000000,0,1012368,,1012368,1012368,895069,446376,1341445,,,,105
"3,076",20000000,0,476624,,476624,476624,,,,,,,134
"3,077",20000000,0,0,,,,,,,,,,
"3,078",20000000,0,0,,,,,,,,,,
"3,079",20000000,0,0,,,,,,,,,,90
"3,080",20000000,0,0,,,,,,,,,,
"3,081",20000000,0,0,,,,,,,,,,105
"3,082",20000000,0,0,,,,,,,,,,105
"3,083",19800000,0,0,,,,,,,,,,
"3,084",19700000,476270,16498827,476270,16022557,16498827,,,,17348,10.06,684552,150
"3,085",19500000,63859435,195790794,63859435,131931359,195790794,3465251,6956999,10422250,166564,10.78,75855238,123
"3,086",19500000,2061449,29393634,2061449,27332185,29393634,,,,27154,8.35,2757891,120
"3,087",19400000,8060487,15118795,8060487,7058308,15118795,7676086,,7676086,51085,8.03,12668915,
"3,088",19200000,0,5617460,,5617460,5617460,2808720,1023757,3832477,,,,105
"3,089",19100000,1361512,5965646,1361512,4604134,5965646,,,,96414,5.23,1850829,109
"3,090",19000000,215612287,388862657,215612287,173250370,388862657,,,,11332134,19.03,626177030,116
"3,091",19000000,184208842,424208805,184208842,239999963,424208805,,,,598257,15.48,471193239,181
"3,092",19000000,157019771,277200000,157019771,120180229,277200000,,,,42346669,3.71,314039532,88
"3,093",19000000,100292856,215448997,100292856,115156141,215448997,13469940,4217349,17687289,31603106,3.17,136337571,92
"3,094",19000000,97670358,141344255,97670358,43673897,141344255,8781297,7442389,16223686,34263534,2.85,121720969,85
"3,095",19000000,58571513,110879513,58571513,52308000,110879513,,,,10017840,5.85,158245840,113
"3,096",19000000,56127162,101564935,56127162,45437773,101564935,,,,17548993,3.2,100340100,94
"3,097",19000000,51733921,51733921,51733921,,,20790987,850889,21641876,23446785,2.21,74358888,113
"3,098",19000000,51438175,70112484,51438175,18674309,70112484,,,,13623350,3.78,89292023,95
"3,099",19000000,45634750,46805191,45634750,1170441,46805191,,,,622337,73.33,178111634,146
"3,100",19000000,41867960,68467960,41867960,26600000,68467960,,,,15165355,2.76,79741449,90
"3,101",19000000,40846082,65090541,40846082,24244459,65090541,,,,15946032,2.56,86633826,92
"3,102",19000000,39123589,56445534,39123589,17321945,56445534,12155078,3947121,16102199,16067552,2.43,53454031,101
"3,103",19000000,36843682,44972183,36843682,8128501,44972183,23105795,,23105795,20497596,1.8,52956653,122
"3,104",19000000,31713110,32589493,31713110,876383,32589493,2758720,1288960,4047680,13743111,2.31,37526603,110
"3,105",19000000,27758465,49858465,27758465,22100000,49858465,8834750,989370,9824120,8436713,3.29,37926013,101
"3,106",19000000,25918920,32618920,25918920,6700000,32618920,17397310,1668782,19066092,9202815,2.82,35412667,119
"3,107",19000000,25049006,32213584,25049006,7164578,32213584,,,,7633898,3.28,25049006,107
"3,108",19000000,21488481,76086711,21488481,54598230,76086711,13108250,2431712,15539962,105005,4.42,28477159,127
"3,109",19000000,20300218,34359030,20300218,14058812,34359030,11648158,,11648158,5501406,3.69,31807608,114
"3,110",19000000,15911332,15911332,15911332,,,,,,4154932,3.83,31822657,85
"3,111",19000000,13680000,13680000,13680000,,,,,,,,,178
"3,112",19000000,11682205,18100189,11682205,6417984,18100189,3499310,925482,4424792,4770360,2.45,15820868,94
"3,113",19000000,10049886,384068050,10049886,374018164,384068050,,9543833,9543833,449839,5.69,18336219,125
"3,114",19000000,8402485,10412485,8402485,2010000,10412485,11135382,,11135382,3607164,2.33,12615424,101
"3,115",19000000,8123860,8123860,8123860,,,,,,3849308,2.11,18672749,89
"3,116",19000000,6928068,7576604,6928068,648536,7576604,3719334,1601406,5320740,3464679,2,9417969,114
"3,117",19000000,5310554,5745503,5310554,434949,5745503,886660,110130,996790,2603370,2.04,7191931,121
"3,118",19000000,5059608,5103675,5059608,44067,5103675,,223484,223484,2390164,2.12,5987115,84
"3,119",19000000,4750000,4750000,4750000,,,,,,,,,188
"3,120",19000000,2119994,2119994,2119994,,,,,,,,5520169,92
"3,121",19000000,2119994,2119994,2119994,,,,,,,,2119994,92
"3,122",19000000,1353824,1353824,1353824,,,,,,432183,3.13,3301860,116
"3,123",19000000,0,0,,,,29179,,29179,,,,
"3,124",18975000,20700082,47751015,20700082,27050933,47751015,,,,10221705,2.03,34812296,97
"3,125",18900000,320700,26063572,320700,25742872,26063572,,,,,4.64,502488,120
"3,126",18500000,65233369,109175673,65233369,43942304,109175673,,,,23507007,2.78,109706033,89
"3,127",18500000,22498520,32531756,22498520,10033236,32531756,,,,384478,8.53,40634175,
"3,128",18500000,18451251,32714818,18451251,14263567,32714818,6146725,878326,7025051,7027472,2.63,26520600,100
"3,129",18500000,10680275,13711903,10680275,3031628,13711903,,,,4335095,2.46,24548690,119
"3,130",18500000,6198883,33954018,6198883,27755135,33954018,,,,169707,13.47,9303054,125
"3,131",18500000,4224065,4224065,4224065,,,,,,2158780,1.96,8045125,100
"3,132",18200000,5812500,12400979,5812500,6588479,12400979,2075960,2612930,4688890,5304455,1.1,6825562,115
"3,133",18000000,150086800,270944428,150086800,120857628,270944428,17240327,10819802,28060129,49033915,3.06,198033742,91
"3,134",18000000,128505958,261443242,128505958,132937284,261443242,63695948,,63695948,26455463,4.55,211266009,82
"3,135",18000000,120114301,351814301,120114301,231700000,351814301,,,,23117068,5.2,317029516,101
"3,136",18000000,114968774,151665347,114968774,36696573,151665347,,1299782,1299782,8216190,13.99,301738657,104
"3,137",18000000,96493426,141809235,96493426,45315809,141809235,,,,20377426,4.74,183780760,96
"3,138",18000000,86047227,130462048,86047227,44414821,130462048,,,,24432195,3.52,149370224,96
"3,139",18000000,76471046,87000000,76471046,10528954,87000000,,,,16673229,4.59,245344596,105
"3,140",18000000,75072454,144529078,75072454,69456624,144529078,,,,30054300,2.5,126252891,119
"3,141",18000000,65535067,92935067,65535067,27400000,92935067,,,,12224016,5.36,136727451,88
"3,142",18000000,65070412,65842412,65070412,772000,65842412,,,,24241612,2.68,112956365,106
"3,143",18000000,60062868,92357499,60062868,32294631,92357499,30824989,,30824989,12521027,4.8,100439254,104
"3,144",18000000,60060328,77147031,60060328,17086703,77147031,,,,12292952,4.89,107208253,93
"3,145",18000000,59735548,98267558,59735548,38532010,98267558,,,,12031638,4.96,164692884,107
"3,146",18000000,59689605,92096558,59689605,32406953,92096558,8541907,5558466,14100373,17861950,3.34,74387735,94
"3,147",18000000,57027435,60278166,57027435,3250731,60278166,5405428,1627093,7032521,25888154,2.2,72924760,100
"3,148",18000000,53883989,67683989,53883989,13800000,67683989,,,,9548111,5.64,126551066,87
"3,149",18000000,52698535,73695194,52698535,20996659,73695194,17456384,2546071,20002455,23751502,2.22,71638113,99
"3,150",18000000,51973029,52025100,51973029,52071,52025100,,,,505276,25.82,161240352,158
"3,151",18000000,48276510,89836797,48276510,41560287,89836797,3040058,3696882,6736940,16854735,2.86,51172153,108
"3,152",18000000,44539245,76950525,44539245,32411280,76950525,1534971,2126288,3661259,12551220,3.55,47210719,103
"3,153",18000000,43869350,57193655,43869350,13324305,57193655,9059315,,9059315,20804941,2.11,65865121,87
"3,154",18000000,43853424,47135489,43853424,3282065,47135489,17017043,4290136,21307179,10601862,4.14,59614111,106
"3,155",18000000,43601508,57490024,43601508,13888516,57490024,,,,9751425,4.47,77933202,113
"3,156",18000000,42469946,46594261,42469946,4124315,46594261,3429928,2858771,6288699,15242781,2.79,50255325,103
"3,157",18000000,42340598,102544383,42340598,60203785,102544383,3145308,4789252,7934560,424397,17.13,55131518,119
"3,158",18000000,41382841,41382841,41382841,,,,,,6942408,5.96,119952671,
"3,159",18000000,41300105,58271886,41300105,16971781,58271886,,,,241219,11.21,76736956,137
"3,160",18000000,41059716,43308707,41059716,2248991,43308707,,,,15053226,2.73,76183079,83
"3,161",18000000,36611610,36611610,36611610,,,,,,7170830,5.11,106380899,112
"3,162",18000000,33404871,102912961,33404871,69508090,102912961,3767295,1415951,5183246,612064,8.38,44289005,98
"3,163",18000000,31567134,77635035,31567134,46067901,77635035,18496154,,18496154,11478360,2.75,51953229,111
"3,164",18000000,30272254,62646763,30272254,32374509,62646763,,,,12856040,2.35,54043094,94
"3,165",18000000,29511112,37048526,29511112,7537414,37048526,15054459,,15054459,11752917,2.51,49630225,100
"3,166",18000000,26936265,26936265,26936265,,,,,,10448420,2.58,65695228,81
"3,167",18000000,26839498,41166033,26839498,14326535,41166033,,,,6618610,4.06,34321450,100
"3,168",18000000,26828365,26828365,26828365,,,,,,63661,8.88,68591890,122
"3,169",18000000,26402818,33773963,26402818,7371145,33773963,4123148,2091160,6214308,8137584,3.24,31072304,109
"3,170",18000000,26400000,26400000,26400000,,,,,,6876768,3.84,84699991,101
"3,171",18000000,26302731,44263413,26302731,17960682,44263413,2628156,1138198,3766354,8317545,3.16,33631498,107
"3,172",18000000,24911670,24911670,24911670,,,,,,,,,122
"3,173",18000000,24007324,27148898,24007324,3141574,27148898,13748742,1829200,15577942,11017334,2.18,34506532,86
"3,174",18000000,23380203,23417649,23380203,37446,23417649,,,,128590,36,90803691,129
"3,175",18000000,22965110,36133014,22965110,13167904,36133014,8506240,448186,8954426,8057010,2.85,33008511,119
"3,176",18000000,22455510,80227619,22455510,57772109,80227619,5802873,552041,6354914,10011682,2.24,32276053,107
"3,177",18000000,20497844,45497689,20497844,24999845,45497689,1766426,1114629,2881055,9034148,2.27,24633971,110
"3,178",18000000,20009380,72913467,20009380,52904087,72913467,863537,1033409,1896946,9006368,2.22,20009383,103
"3,179",18000000,19739000,19739000,19739000,,,,,,2528234,7.81,59557657,109
"3,180",18000000,18335230,60217171,18335230,41881941,60217171,9396396,2891087,12287483,264851,8.58,24996729,93
"3,181",18000000,17266359,29934477,17266359,12668118,29934477,,,,3880723,4.43,34532717,94
"3,182",18000000,17200925,21361109,17200925,4160184,21361109,,,,4604621,3.74,34401847,113
"3,183",18000000,17062499,30535660,17062499,13473161,30535660,3158824,1758362,4917186,6844137,2.49,21264014,93
"3,184",18000000,16703799,16959614,16703799,255815,16959614,,,,5824860,2.87,28996281,91
"3,185",18000000,16131410,43402515,16131410,27271105,43402515,213793,44886,258679,6713900,2.4,21389493,127
"3,186",18000000,15652637,23889158,15652637,8236521,23889158,,,,294056,4.1,29811907,
"3,187",18000000,15285588,19685588,15285588,4400000,19685588,6252276,790817,7043093,6888334,2.22,20884482,90
"3,188",18000000,15160801,17920013,15160801,2759212,17920013,868651,143828,1012479,4642329,3.27,20004090,93
"3,189",18000000,14800725,16382538,14800725,1581813,16382538,6770384,1322669,8093053,4919433,3.01,21273575,102
"3,190",18000000,13747234,13748714,13747234,1480,13748714,,,,3000000,4.58,53307617,108
"3,191",18000000,13491653,27491653,13491653,14000000,27491653,,,,1837068,7.34,25696114,109
"3,192",18000000,13400000,13400000,13400000,,,,126313,126313,2700000,4.96,51961142,100
"3,193",18000000,13371528,14189810,13371528,818282,14189810,3661514,2007339,5668853,5175282,2.58,17643206,111
"3,194",18000000,10501938,11813989,10501938,1312051,11813989,60435,13443,73878,4503892,2.33,13925076,89
"3,195",18000000,8038061,16011975,8038061,7973914,16011975,,,,75183,10.23,18848022,113
"3,196",18000000,7739049,14451322,7739049,6712273,14451322,,,,101126,10.26,13207699,104
"3,197",18000000,7190505,7190505,7190505,,,,,,2283443,3.15,19426972,105
"3,198",18000000,6734844,6734844,6734844,,,,,,328804,9.15,19569160,
"3,199",18000000,6617867,15696146,6617867,9078279,15696146,,,,73723,6.82,9041897,110
"3,200",18000000,6000000,6000000,6000000,,,,,,2407939,2.49,23266183,109
"3,201",18000000,5828466,5828734,5828466,268,5828734,,,,,3.06,15399715,126
"3,202",18000000,5705761,27147349,5705761,21441588,27147349,2885715,639475,3525190,135326,7.02,8566586,120
"3,203",18000000,5700626,27794339,5700626,22093713,27794339,9218258,1569543,10787801,144701,3.04,8558878,110
"3,204",18000000,5675599,5675599,5675599,,,,,,2350021,2.42,20810521,99
"3,205",18000000,4806750,25941437,4806750,21134687,25941437,,,,199657,14.06,6567392,117
"3,206",18000000,4501094,7129670,4501094,2628576,7129670,,,,90684,8.55,10610150,242
"3,207",18000000,4438438,23910210,4438438,19471772,23910210,502848,240155,743003,18078,7.67,5856343,116
"3,208",18000000,4100000,4100000,4100000,,,,,,75514,3.38,10010286,113
"3,209",18000000,3712282,7680250,3712282,3967968,7680250,1586309,1078462,2664771,190012,3.28,4626409,102
"3,210",18000000,3500605,7768259,3500605,4267654,7768259,,,,59797,1.9,4362278,132
"3,211",18000000,3419967,9082906,3419967,5662939,9082906,387675,987257,1374932,1576561,2.17,4534715,93
"3,212",18000000,3203044,13203044,3203044,10000000,13203044,,,,1673125,1.91,5726164,
"3,213",18000000,2483790,2483790,2483790,,,,,,1442215,1.72,6057746,117
"3,214",18000000,2402004,42130116,2402004,39728112,42130116,603356,1110331,1713687,170575,6.17,2886690,117
"3,215",18000000,2222862,25727044,2222862,23504182,25727044,,,,59848,12.5,3043140,145
"3,216",18000000,1305114,1305114,1305114,,,,127806,127806,609955,2.14,3792210,
"3,217",18000000,1034589,1199510,1034589,164921,1199510,,,,508000,2.04,1371809,97
"3,218",18000000,676698,676698,676698,,,,,,166309,4.07,1255557,103
"3,219",18000000,315000,315000,315000,,,,,,315000,1,452760,
"3,220",18000000,229311,229311,229311,,,,,,108567,2.11,486598,121
"3,221",18000000,145526,1619153,145526,1473627,1619153,,,,20006,4.55,198751,123
"3,222",18000000,70644,2401413,70644,2330769,2401413,,,,10800,4.85,116262,105
"3,223",18000000,0,7074124,,7074124,7074124,,,,,,,102
"3,224",18000000,0,627422,,627422,627422,,,,,,,114
"3,225",18000000,0,321463,,321463,321463,,370262,370262,,,,136
"3,226",18000000,0,309608,,309608,309608,2061075,1136210,3197285,,,,92
"3,227",18000000,0,94953,,94953,94953,2663538,,2663538,,,,91
"3,228",18000000,0,0,,,,,,,,,,
"3,229",18000000,0,0,,,,1751371,336501,2087872,,,,103
"3,230",18000000,0,0,,,,2093352,564326,2657678,,,,90
"3,231",18000000,0,0,,,,,,,,,,102
"3,232",17900000,6905861,6908640,6905861,2779,6908640,,,,284662,3.05,20970463,89
"3,233",17700000,372562,59505509,372562,59132947,59505509,,,,36201,8.71,438099,130
"3,234",17700000,49521,14518884,49521,14469363,14518884,843968,404480,1248448,10340,3.39,67062,118
"3,235",17500000,121463226,169955142,121463226,48491916,169955142,137206259,3780462,140986721,33052411,3.67,190315920,112
"3,236",17500000,90508336,90508336,90508336,,,30088307,,30088307,41030947,2.21,130090647,103
"3,237",17500000,58017783,148586910,58017783,90569127,148586910,25187295,,25187295,18908826,3.07,87107477,98
"3,238",17500000,51386611,109843390,51386611,58456779,109843390,32181171,,32181171,12401900,4.14,84572162,80
"3,239",17500000,23519128,36520451,23519128,13001323,36520451,,,,100091,10.15,39576334,121
"3,240",17500000,19185184,20159316,19185184,974132,20159316,29652207,,29652207,7031228,2.73,31574997,110
"3,241",17500000,7018188,7454184,7018188,435996,7454184,59890,73468,133358,3669530,1.91,9305738,95
"3,242",17500000,325491,325491,325491,,,,,,30547,6.12,581883,
"3,243",17500000,0,60865364,,60865364,60865364,,,,,,,91
"3,244",17300000,9619500,21132855,9619500,11513355,21132855,215669,545648,761317,88065,3.04,11320757,123
"3,245",17000000,188024361,334876670,188024361,146852309,334876670,12256932,12660056,24916988,50203562,3.75,222492053,95
"3,246",17000000,105935048,217038821,105935048,111103773,217038821,1892194,2269372,4161566,22609925,4.69,108450120,115
"3,247",17000000,96545842,207788211,96545842,111242369,207788211,,,,14089952,6.85,183859638,104
"3,248",17000000,85160248,183291893,85160248,98131645,183291893,,,,10052042,8.47,247446750,
"3,249",17000000,82390774,136890774,82390774,54500000,136890774,9787931,3807398,13595329,17813722,4.63,108711449,104
"3,250",17000000,72250091,125250091,72250091,53000000,125250091,,,,15818645,4.57,169594097,
"3,251",17000000,72000000,72073063,72000000,73063,72073063,,3141209,3141209,,,,170
"3,252",17000000,71502303,109726800,71502303,38224497,109726800,,,,207042,11.26,121462259,127
"3,253",17000000,70525195,72835710,70525195,2310515,72835710,15142043,5742879,20884922,30107555,2.34,93512889,122
"3,254",17000000,65002019,92670237,65002019,27668218,92670237,10943305,,10943305,40570365,1.6,93429570,97
"3,255",17000000,65001093,116044347,65001093,51043254,116044347,90683648,33899445,124583093,5149433,4.38,88019336,112
"3,256",17000000,55041738,55041738,55041738,,,,,,16187724,3.4,126513843,85
"3,257",17000000,54239856,99010045,54239856,44770189,99010045,8502769,6298930,14801699,25775847,2.1,71919514,91
"3,258",17000000,53652140,176373358,53652140,122721218,176373358,,,,18004319,2.98,93135276,120
"3,259",17000000,45710178,133735284,45710178,88025106,133735284,10746430,4406563,15152993,24230123,1.89,62453186,91
"3,260",17000000,44480275,45707924,44480275,1227649,45707924,8332429,1053963,9386392,11020798,4.04,56879872,128
"3,261",17000000,43082155,44035587,43082155,953432,44035587,2607897,2260572,4868469,11676720,3.69,50700108,125
"3,262",17000000,42065185,42493506,42065185,428321,42493506,2700634,987285,3687919,15134235,2.78,52420650,107
"3,263",17000000,41778863,70355813,41778863,28576950,70355813,21192434,,21192434,15708512,2.66,68759713,107
"3,264",17000000,39014193,91720490,39014193,52706297,91720490,4049857,2321629,6371486,12005210,3.25,45914079,87
"3,265",17000000,37939782,95092667,37939782,57152885,95092667,,,,12229529,3.1,70394284,94
"3,266",17000000,37667746,45312217,37667746,7644471,45312217,,,,13107022,2.87,67339598,87
"3,267",17000000,35662731,57263440,35662731,21600709,57263440,36538954,166283,36705237,14638755,2.44,55878518,107
"3,268",17000000,30331165,30331165,30331165,,,,,,9604791,3.16,69716405,81
"3,269",17000000,27865571,38028230,27865571,10162659,38028230,6559406,1021870,7581276,9851102,2.83,37880306,86
"3,270",17000000,27163593,39233233,27163593,12069640,39233233,11015981,3889943,14905924,13350299,2.03,37113244,133
"3,271",17000000,26918576,26919100,26918576,524,26919100,,,,4761795,5.65,98701443,96
"3,272",17000000,24719879,24719879,24719879,,,10716569,553392,11269961,10652297,2.32,33774441,95
"3,273",17000000,22734486,23734486,22734486,1000000,23734486,,,,6660540,3.41,40643069,98
"3,274",17000000,21170563,21170563,21170563,,,30879896,,30879896,11554404,1.83,34842545,107
"3,275",17000000,19693891,19693891,19693891,,,,,,7018593,2.81,37508859,108
"3,276",17000000,16316273,16316273,16316273,,,,,,390563,4.77,35068666,121
"3,277",17000000,15680099,15680099,15680099,,,13781332,,13781332,6922767,2.27,25806328,
"3,278",17000000,14522355,36700000,14522355,22177645,36700000,,,,5683122,2.56,40038612,91
"3,279",17000000,12840842,16140842,12840842,3300000,16140842,,,,5144090,2.5,23815198,89
"3,280",17000000,11634458,11634458,11634458,,,,,,3255033,3.57,24688863,77
"3,281",17000000,10000000,10000000,10000000,,,,,,,,,153
"3,282",17000000,8677425,20477425,8677425,11800000,20477425,9889079,985682,10874761,3223161,2.69,12472352,95
"3,283",17000000,7314027,16510971,7314027,9196944,16510971,,,,3667420,1.99,12037433,107
"3,284",17000000,7070641,8607815,7070641,1537174,8607815,,,,3957471,1.79,10615810,100
"3,285",17000000,6855137,9729088,6855137,2873951,9729088,,,,3381974,2.03,11282186,122
"3,286",17000000,4936819,10637281,4936819,5700462,10637281,256477,142955,399432,2841488,1.74,6685788,82
"3,287",17000000,2694071,2694071,2694071,,,,,,1233297,2.18,4676655,123
"3,288",17000000,2315000,2315000,2315000,,,,,,729885,3.17,6726601,
"3,289",17000000,2231474,8609949,2231474,6378475,8609949,,,,38594,7.35,3034290,80
"3,290",17000000,2110050,2110453,2110050,403,2110453,,702523,702523,,108.77,2698256,102
"3,291",17000000,1569918,9438074,1569918,7868156,9438074,,,,611276,2.57,2806584,98
"3,292",17000000,1361045,7265283,1361045,5904238,7265283,,,,98274,4.56,1696190,104
"3,293",17000000,623088,624549,623088,1461,624549,404758,34888,439646,,,733288,89
"3,294",17000000,275380,364607,275380,89227,364607,,,,123428,2.23,431480,144
"3,295",17000000,195792,3917679,195792,3721887,3917679,207257,47721,254978,106869,1.83,250365,119
"3,296",17000000,0,14534046,,14534046,14534046,138631,94621,233252,,,,85
"3,297",17000000,0,13446115,,13446115,13446115,,,,,,,
"3,298",17000000,0,354670,,354670,354670,,,,,,,128
"3,299",17000000,0,0,,,,,,,,,,
"3,300",16937665,0,0,,,,,,,,,,110
"3,301",16800000,6469813,7313697,6469813,843884,7313697,1550663,822792,2373455,3294876,1.96,8062955,111
"3,302",16800000,223202,2281089,223202,2057887,2281089,,,,28815,4.49,367339,115
"3,303",16500000,58011485,58011485,58011485,,,,59360,59360,12391783,4.68,148542471,102
"3,304",16500000,43848100,43848100,43848100,,,,,,4104611,9.84,119363577,125
"3,305",16500000,42993774,134993774,42993774,92000000,134993774,,,,721341,11.89,105029443,136
"3,306",16500000,39868642,83792062,39868642,43923420,83792062,39794897,,39794897,927956,6.32,65608093,110
"3,307",16500000,18663911,39380831,18663911,20716920,39380831,8404004,,8404004,972066,6.36,29243736,120
"3,308",16500000,13005485,16154786,13005485,3149301,16154786,,,,45572,7.27,22855314,126
"3,309",16500000,11892415,13636339,11892415,1743924,13636339,8394366,,8394366,5196380,2.29,18633747,108
"3,310",16500000,0,21404122,,21404122,21404122,,,,,,,139
"3,311",16500000,0,8126380,,8126380,8126380,,,,,,,111
"3,312",16400000,95860116,239500000,95860116,143639884,239500000,,,,,10.53,258990481,128
"3,313",16066830,0,0,,,,,,,,,,106
"3,314",16000000,127266176,246490802,127266176,119224626,246490802,,,,16363442,7.78,326182760,106
"3,315",16000000,92823546,93000145,92823546,176599,93000145,,,,1094453,10.49,250219496,96
"3,316",16000000,82156962,186258928,82156962,104101966,186258928,884806,753511,1638317,33013036,2.49,82156967,107
"3,317",16000000,68525609,119739110,68525609,51213501,119739110,,,,15484004,4.43,137051217,
"3,318",16000000,53977250,53977250,53977250,,,,,,100982,11.47,188724587,129
"3,319",16000000,52894169,54294169,52894169,1400000,54294169,,,,17515723,3.02,112243915,106
"3,320",16000000,45512466,68848446,45512466,23335980,68848446,11121572,4609848,15731420,522996,9.24,61636224,94
"3,321",16000000,44667095,128100584,44667095,83433489,128100584,9972078,2584693,12556771,204878,12.32,60517195,100
"3,322",16000000,42670410,78208812,42670410,35538402,78208812,12047692,,12047692,19810585,2.15,61331603,87
"3,323",16000000,40363530,40363530,40363530,,,,,,12554650,3.22,74891366,80
"3,324",16000000,39517763,50517763,39517763,11000000,50517763,17188088,,17188088,18508228,2.14,65038392,84
"3,325",16000000,37634615,87041569,37634615,49406954,87041569,44810063,,44810063,568641,7.88,59013073,119
"3,326",16000000,37300107,52545707,37300107,15245600,52545707,6017143,1019925,7037068,15002635,2.49,50705563,91
"3,327",16000000,35374833,53774833,35374833,18400000,53774833,16820356,,16820356,14713321,2.4,55427418,90
"3,328",16000000,34609720,34609720,34609720,,,,552442,552442,32181,10.7,105354686,141
"3,329",16000000,33357476,43057552,33357476,9700076,43057552,,,,9715102,3.43,63532426,94
"3,330",16000000,29090445,29090445,29090445,,,,,,7574703,3.84,74488118,110
"3,331",16000000,28734552,28734552,28734552,,,,,,8606403,3.34,54727635,130
"3,332",16000000,27568035,57512470,27568035,29944435,57512470,3445114,6122385,9567499,6820100,4.04,29221572,92
"3,333",16000000,27087695,30987695,27087695,3900000,30987695,,275308,275308,8016008,3.38,51591043,91
"3,334",16000000,26902075,50103808,26902075,23201733,50103808,11075597,,11075597,10155121,2.65,40390579,115
"3,335",16000000,23618786,80695830,23618786,57077044,80695830,34372420,2280497,36652917,5848464,4.04,37007341,121
"3,336",16000000,23216709,104504817,23216709,81288108,104504817,9308789,,9308789,3755575,6.18,34832659,97
"3,337",16000000,22782371,78867205,22782371,56084834,78867205,2977258,1834317,4811575,8030085,2.84,26811563,108
"3,338",16000000,22370452,29634023,22370452,7263571,29634023,868643,1192380,2061023,8225384,2.72,26326797,105
"3,339",16000000,21799652,21799652,21799652,,,,,,7008950,3.11,43599300,94
"3,340",16000000,20537137,20739323,20537137,202186,20739323,1201305,737677,1938982,6870740,2.99,24301893,116
"3,341",16000000,19284974,45270233,19284974,25985259,45270233,,1738232,1738232,5306558,3.63,50751981,106
"3,342",16000000,19068240,56506120,19068240,37437880,56506120,13870520,1238852,15109372,8089139,2.36,26052673,113
"3,343",16000000,16357770,21657770,16357770,5300000,21657770,,,,5607480,2.92,30350551,
"3,344",16000000,16204793,31943401,16204793,15738608,31943401,6950235,1857325,8807560,6868397,2.36,23291688,102
"3,345",16000000,15427192,15980376,15427192,553184,15980376,,,,5802229,2.66,30854376,96
"3,346",16000000,14792779,14792779,14792779,,,,,,1522423,9.43,40784179,85
"3,347",16000000,14108518,14125516,14108518,16998,14125516,,,,5809960,2.43,25222192,101
"3,348",16000000,14019924,20769209,14019924,6749285,20769209,4618972,697728,5316700,6300146,2.23,18498739,111
"3,349",16000000,13922211,14553807,13922211,631596,14553807,,,,5648486,2.46,24167693,86
"3,350",16000000,13854000,13854000,13854000,,,,,,2066980,6.7,37021582,108
"3,351",16000000,12431792,12617472,12431792,185680,12617472,5007111,789226,5796337,4255423,2.92,16836010,115
"3,352",16000000,11810854,11810854,11810854,,,,,,4278452,2.76,25063187,100
"3,353",16000000,11540112,11540112,11540112,,,,,,5000900,2.31,20032593,97
"3,354",16000000,8400000,8400000,8400000,,,,142001,142001,,,36076488,107
"3,355",16000000,5900000,12900000,5900000,7000000,12900000,,,,2453021,2.41,17143391,116
"3,356",16000000,5083906,7171320,5083906,2087414,7171320,884947,572330,1457277,2366810,2.15,6335773,116
"3,357",16000000,4839383,14839383,4839383,10000000,14839383,,,,2017981,2.4,8979093,
"3,358",16000000,4734235,6615452,4734235,1881217,6615452,,,,2002588,2.36,9468462,112
"3,359",16000000,4217115,5825314,4217115,1608199,5825314,,,,2005512,2.1,8948909,94
"3,360",16000000,4001910,9129167,4001910,5127257,9129167,,,,1613233,2.48,4001910,120
"3,361",16000000,3287315,8120148,3287315,4832833,8120148,3188276,,3188276,1561949,2.1,5150759,119
"3,362",16000000,2429989,8217571,2429989,5787582,8217571,2783927,662358,3446285,45433,5.04,3199871,120
"3,363",16000000,2322593,22594052,2322593,20271459,22594052,,,,131145,2.59,3079641,101
"3,364",16000000,2013456,7585011,2013456,5571555,7585011,,20417,20417,44064,4.55,2656677,120
"3,365",16000000,1686429,1686429,1686429,,,,,,870068,1.94,3960712,97
"3,366",16000000,1669971,2814566,1669971,1144595,2814566,,,,46348,11.05,2755012,
"3,367",16000000,1477650,247474497,1477650,245996847,247474497,,,,,7.39,2218524,106
"3,368",16000000,1224525,35091523,1224525,33866998,35091523,,32392,32392,118647,5.74,1437944,116
"3,369",16000000,705908,1685403,705908,979495,1685403,61262,83452,144714,48024,10.98,931414,119
"3,370",16000000,441366,1573603,441366,1132237,1573603,,,,43620,1.82,519424,93
"3,371",16000000,337997,1467278,337997,1129281,1467278,,,,43651,7.74,461794,106
"3,372",16000000,31631,31631,31631,,,,,,9508,3.33,46332,92
"3,373",16000000,3361,94812,3361,91451,94812,,,,548,1.53,4549,92
"3,374",16000000,0,64733391,,64733391,64733391,,,,,,,120
"3,375",16000000,0,47707417,,47707417,47707417,7623363,,7623363,,,,93
"3,376",16000000,0,1844228,,1844228,1844228,,,,,,,110
"3,377",16000000,0,0,,,,,,,,,,86
"3,378",15900000,35611828,42816090,35611828,7204262,42816090,,,,4868370,7.31,35611828,132
"3,379",15800000,11277120,16955673,11277120,5678553,16955673,1763014,845791,2608805,142131,5.28,13343872,93
"3,380",15750000,49888502,507119058,49888502,457230556,507119058,,3131046,3131046,22789600,2.19,52880826,117
"3,381",15700000,39282227,63288854,39282227,24006627,63288854,1181259,842327,2023586,6489983,5.34,46441329,104
"3,382",15600000,13571817,13771817,13571817,200000,13771817,,,,5474270,2.48,25181433,91
"3,383",15600000,4608096,32890983,4608096,28282887,32890983,210350,335607,545957,214602,7.67,4706009,149
"3,384",15600000,1876298,14630654,1876298,12754356,14630654,,,,475800,3.94,2203313,119
"3,385",15500000,10299782,88611837,10299782,78312055,88611837,,,,179848,13.31,16123420,140
"3,386",15500000,1693000,1757694,1693000,64694,1757694,,,,211130,6.72,3128852,115
"3,387",15500000,1237615,1237615,1237615,,,964213,,964213,778123,1.59,1939160,93
"3,388",15500000,517262,517262,517262,,,,,,268370,1.93,869903,99
"3,389",15500000,318623,318623,318623,,,,,,37296,6.45,435329,
"3,390",15500000,0,3349127,,3349127,3349127,,,,,,,140
"3,391",15495600,12236500,29721410,12236500,17484910,29721410,1113088,401547,1514635,164985,5.35,15647623,119
"3,392",15300000,81525,7000000,81525,6918475,7000000,,,,17560,3.34,151254,
"3,393",15250000,7802450,12930343,7802450,5127893,12930343,8274181,,8274181,3880270,2.01,12841276,96
"3,394",15000000,285761243,476678838,285761243,190917595,476678838,,,,17081997,11.36,730637957,103
"3,395",15000000,234760478,316300000,234760478,81539522,316300000,,,,15214805,11.7,730714743,105
"3,396",15000000,180470489,357463748,180470489,176993259,357463748,,,,8193052,19.1,514572315,110
"3,397",15000000,177200000,177200289,177200000,289,177200289,,,,5540470,15.79,616414996,116
"3,398",15000000,167780960,167780960,167780960,,,,,,10384392,12.78,451832392,102
"3,399",15000000,138797449,430061213,138797449,291263764,430061213,34195955,7816008,42011963,355450,12.54,188838553,118
"3,400",15000000,130058047,356258047,130058047,226200000,356258047,,,,861531,13.68,268783604,121
"3,401",15000000,128519357,213966221,128519357,85446864,213966221,,,,663205,12.28,245651956,120
"3,402",15000000,111936388,216600000,111936388,104663612,216600000,,,,11174980,9.29,296658313,105
"3,403",15000000,103046663,173046640,103046663,69999977,173046640,,,,6354586,10.29,245548328,111
"3,404",15000000,102092201,305384865,102092201,203292664,305384865,2596074,2590824,5186898,35006404,2.92,122692742,109
"3,405",15000000,102003019,160903019,102003019,58900000,160903019,13430938,9789367,23220305,32055177,3.18,135248769,92
"3,406",15000000,98800000,98800000,98800000,,,,,,3652486,27.05,455155553,101
"3,407",15000000,94029472,94029472,94029472,,,,,,1710333,15.25,275040306,152
"3,408",15000000,91125143,227328585,91125143,136203442,227328585,6962439,3967303,10929742,479352,11.49,117767813,113
"3,409",15000000,77475359,78103190,77475359,627831,78103190,,,,8030897,8.94,201090400,92
"3,410",15000000,73000000,73226628,73000000,226628,73226628,,,,,,,212
"3,411",15000000,72082999,108286422,72082999,36203423,108286422,3623284,4675213,8298497,24727437,2.92,89832909,103
"3,412",15000000,71628180,148095566,71628180,76467386,148095566,8153032,4307269,12460301,28402310,2.52,94975616,109
"3,413",15000000,69847348,69847348,69847348,,,,,,4739769,14.74,279908694,109
"3,414",15000000,67182787,67182787,67182787,,,,,,3366443,19.96,269230640,124
"3,415",15000000,65192350,120192350,65192350,55000000,120192350,,,,6829949,9.18,179737473,112
"3,416",15000000,64003625,76954311,64003625,12950686,76954311,43153194,4261240,47414434,22126166,2.89,87447285,92
"3,417",15000000,61778069,84543632,61778069,22765563,84543632,2225668,2372617,4598285,14883928,4.15,63244783,101
"3,418",15000000,61400000,61400000,61400000,,,,,,8333358,7.37,210124439,98
"3,419",15000000,58269151,77514401,58269151,19245250,77514401,40796489,1071885,41868374,26362367,2.21,91299625,109
"3,420",15000000,57144669,105094084,57144669,47949415,105094084,,,,11419975,5,57144669,125
"3,421",15000000,56441711,128885873,56441711,72444162,128885873,29203528,,29203528,122014,14.06,90662150,103
"3,422",15000000,55204525,55934178,55204525,729653,55934178,32203699,,32203699,21353789,2.59,86497782,118
"3,423",15000000,54333290,128955898,54333290,74622608,128955898,9672832,2497626,12170458,20874072,2.6,73582016,95
"3,424",15000000,52102987,53380981,52102987,1277994,53380981,1825354,1102621,2927975,15882067,3.28,52102987,120
"3,425",15000000,50003303,50003303,50003303,,,,,,5303288,5.55,127282899,118
"3,426",15000000,50000000,50065119,50000000,65119,50065119,,,,,,230341876,183
"3,427",15000000,49275340,93411426,49275340,44136086,93411426,3798325,3098871,6897196,10845330,4.54,58303425,134
"3,428",15000000,47860214,67215435,47860214,19355221,67215435,13938250,,13938250,21607203,2.22,78768404,87
"3,429",15000000,47811275,52461017,47811275,4649742,52461017,,,,11554015,4.14,88710075,88
"3,430",15000000,44906632,63706632,44906632,18800000,63706632,,,,13510482,3.32,105466982,104
"3,431",15000000,43057470,64252038,43057470,21194568,64252038,,,,92079,5.54,99041121,105
"3,432",15000000,42930462,57907734,42930462,14977272,57907734,10994285,4845867,15840152,13167607,3.26,56923779,95
"3,433",15000000,42734455,55534455,42734455,12800000,55534455,,,,17338755,2.46,76397580,94
"3,434",15000000,42725475,61788393,42725475,19062918,61788393,3971114,5917819,9888933,16293325,2.62,54594922,98
"3,435",15000000,41003371,57586606,41003371,16583235,57586606,16805404,9432473,26237877,13152683,3.12,55526519,109
"3,436",15000000,40283321,40283321,40283321,,,,,,11633495,3.46,90091069,104
"3,437",15000000,39100956,39147078,39100956,46122,39147078,,,,1222718,6.8,101813597,
"3,438",15000000,37882551,62401343,37882551,24518792,62401343,,,,12615116,3,72021352,82
"3,439",15000000,37880356,52460543,37880356,14580187,52460543,6837497,2708099,9545596,606810,7.03,49243547,119
"3,440",15000000,37495385,69995047,37495385,32499662,69995047,,12454475,12454475,,235.69,,210
"3,441",15000000,36931420,75717557,36931420,38786137,75717557,,,,11397595,3.24,36931420,110
"3,442",15000000,35893537,123327692,35893537,87434155,123327692,4162610,1898458,6061068,208763,7.16,46907553,123
"3,443",15000000,35060689,81357930,35060689,46297241,81357930,10554190,11833636,22387826,11340461,3.09,47660137,100
"3,444",15000000,35007180,35007180,35007180,,,,,,11034885,3.17,70014354,
"3,445",15000000,34562222,34562222,34562222,,,,,,,,,189
"3,446",15000000,34366783,95829459,34366783,61462676,95829459,1425667,1332704,2758371,422410,13.19,40547375,119
"3,447",15000000,34308901,34499204,34308901,190303,34499204,,,,12618159,2.72,61334977,86
"3,448",15000000,33862903,40127259,33862903,6264356,40127259,8533649,,8533649,11241214,3.01,48672282,99
"3,449",15000000,33771174,40862054,33771174,7090880,40862054,,,,8292939,4.07,67542338,
"3,450",15000000,33392973,38512850,33392973,5119877,38512850,9093302,2388804,11482106,16349565,2.04,47996829,105
"3,451",15000000,32752215,46526243,32752215,13774028,46526243,21210377,2657119,23867496,14118685,2.32,47075850,110
"3,452",15000000,32647042,33508485,32647042,861443,33508485,,,,10208431,3.2,54904071,106
"3,453",15000000,32638038,47201347,32638038,14563309,47201347,854462,1081705,1936167,10622473,3.07,34595683,98
"3,454",15000000,31945385,46044880,31945385,14099495,46044880,,,,10306272,3.1,31945385,106
"3,455",15000000,31726995,47175038,31726995,15448043,47175038,,,,11129580,2.85,53356785,88
"3,456",15000000,30857000,31046220,30857000,189220,31046220,,,,206243,6.89,85073766,98
"3,457",15000000,30259652,37659652,30259652,7400000,37659652,,,,12292121,2.46,56144407,89
"3,458",15000000,30226144,30261293,30226144,35149,30261293,26021187,,26021187,6005180,5.03,46822499,123
"3,459",15000000,30127963,30138912,30127963,10949,30138912,11702417,3412189,15114606,8381509,3.59,39752684,114
"3,460",15000000,30000000,44400000,30000000,14400000,44400000,,,,6580742,4.56,116330925,118
"3,461",15000000,29331068,33118854,29331068,3787786,33118854,,,,9350572,3.14,50916085,89
"3,462",15000000,29145924,29145924,29145924,,,,,,9725855,3,66992116,111
"3,463",15000000,28638916,64232714,28638916,35593798,64232714,25243433,,25243433,9807292,2.92,44873184,100
"3,464",15000000,28084357,31070412,28084357,2986055,31070412,,,,6870397,4.09,65958465,107
"3,465",15000000,27441122,27709625,27441122,268503,27709625,,,,8139180,3.37,54882241,124
"3,466",15000000,27020284,37336874,27020284,10316590,37336874,,,,8567881,3.15,32472529,97
"3,467",15000000,26421314,47721314,26421314,21300000,47721314,,,,13223887,2,52842622,90
"3,468",15000000,26410771,43111725,26410771,16700954,43111725,,,,50168,5.64,61899267,155
"3,469",15000000,26167002,27469621,26167002,1302619,27469621,20172123,801507,20973630,7810481,3.35,35751622,103
"3,470",15000000,25314753,53493064,25314753,28178311,53493064,864772,1097018,1961790,8801391,2.88,26833145,88
"3,471",15000000,25018119,34820335,25018119,9802216,34820335,1048614,659449,1708063,7911597,3.16,33010441,108
"3,472",15000000,24769466,55669466,24769466,30900000,55669466,,,,6710995,3.69,60410592,101
"3,473",15000000,23089926,87950928,23089926,64861002,87950928,8262564,,8262564,398593,7.87,38023011,124
"3,474",15000000,22954968,63954968,22954968,41000000,63954968,,,,,8.4,60187802,134
"3,475",15000000,22189039,52189039,22189039,30000000,52189039,,,,8203255,2.7,57777253,94
"3,476",15000000,21468807,38574362,21468807,17105555,38574362,,,,8505513,2.52,42937613,99
"3,477",15000000,21403519,47011449,21403519,25607930,47011449,4453281,2621028,7074309,279457,4.35,28380064,140
"3,478",15000000,21000147,21896367,21000147,896220,21896367,50921479,,50921479,7703551,2.73,34553263,95
"3,479",15000000,20804166,37466538,20804166,16662372,37466538,31132738,,31132738,9686362,2.15,32597222,89
"3,480",15000000,20591853,20688141,20591853,96288,20688141,2584497,1500360,4084857,9453224,2.18,25662448,98
"3,481",15000000,20578185,20704381,20578185,126196,20704381,,,,12181865,1.69,24164793,106
"3,482",15000000,20218921,20601987,20218921,383066,20601987,9879507,1405115,11284622,30452,2.76,27486305,120
"3,483",15000000,19161999,19344615,19161999,182616,19344615,,,,5268764,3.64,35536863,96
"3,484",15000000,18906338,47597102,18906338,28690764,47597102,,,,5533844,3.42,41567712,127
"3,485",15000000,18844784,22165608,18844784,3320824,22165608,27314517,,27314517,7138774,2.64,31009888,91
"3,486",15000000,17507368,19014238,17507368,1506870,19014238,,,,7007714,2.5,40240813,84
"3,487",15000000,17237855,36068890,17237855,18831035,36068890,1610442,722437,2332879,2686526,5.32,22744679,121
"3,488",15000000,17173321,20022491,17173321,2849170,20022491,1013775,2301726,3315501,6745121,2.55,18203378,125
"3,489",15000000,17017811,49876984,17017811,32859173,49876984,35345685,15276092,50621777,145352,8.91,24151437,130
"3,490",15000000,16500786,18260865,16500786,1760079,18260865,,,,5959447,2.77,33001569,110
"3,491",15000000,15634090,22018988,15634090,6384898,22018988,7041458,4787907,11829365,7910980,1.98,21172793,95
"3,492",15000000,15136870,15136870,15136870,,,,539719,539719,4726660,3.2,48564116,
"3,493",15000000,14998027,15364632,14998027,366605,15364632,958460,833387,1791847,6864744,2.18,17650514,104
"3,494",15000000,14945541,39238443,14945541,24292902,39238443,4406561,1592054,5998615,6812900,2.19,20239159,97
"3,495",15000000,14249005,14249005,14249005,,,,,,7098459,2.01,27138564,87
"3,496",15000000,13843771,59168692,13843771,45324921,59168692,,,,5079566,2.73,18819142,107
"3,497",15000000,13337299,18524496,13337299,5187197,18524496,,,,,8.18,23152346,125
"3,498",15000000,13077184,18889972,13077184,5812788,18889972,8351791,1250152,9601943,4650812,2.81,18796278,111
"3,499",15000000,12981269,13248444,12981269,267175,13248444,5565224,,5565224,4251320,3.05,19489981,85
"3,500",15000000,12898847,26170402,12898847,13271555,26170402,,,,964315,12.57,18964974,85
"3,501",15000000,12801190,12801190,12801190,,,,,,6223330,2.06,25602371,88
"3,502",15000000,12786053,24235774,12786053,11449721,24235774,1623034,1084921,2707955,3404102,3.76,15366071,115
"3,503",15000000,12669914,12669914,12669914,,,3924418,,3924418,5745780,2.21,20852164,121
"3,504",15000000,12212417,12970401,12212417,757984,12970401,,,,4563588,2.68,21832475,97
"3,505",15000000,11901145,19529914,11901145,7628769,19529914,599761,551394,1151155,4333305,2.75,14005937,114
"3,506",15000000,11660180,12419700,11660180,759520,12419700,,,,5016852,2.32,21634544,92
"3,507",15000000,11614954,11614954,11614954,,,,,,3926825,2.96,24647478,97
"3,508",15000000,11156471,11156471,11156471,,,,,,2203865,5.06,25643227,
"3,509",15000000,11114018,67514963,11114018,56400945,67514963,741509,692597,1434106,187318,7.2,14047537,120
"3,510",15000000,10763469,10763469,10763469,,,,,,,4.47,29080247,124
"3,511",15000000,10513979,10513979,10513979,,,,,,3784023,2.78,24105115,91
"3,512",15000000,10494147,10845127,10494147,350980,10845127,,,,4510705,2.33,20988293,96
"3,513",15000000,10411980,14811980,10411980,4400000,14811980,,,,4022693,2.59,18074255,107
"3,514",15000000,9929135,9934484,9929135,5349,9934484,,,,30099,13.91,29542170,132
"3,515",15000000,9579068,9579068,9579068,,,,,,3250883,2.95,24942592,121
"3,516",15000000,9396870,10951153,9396870,1554283,10951153,13165882,,13165882,4143199,2.27,14723583,118
"3,517",15000000,9237470,12262065,9237470,3024595,12262065,,,,3880688,2.38,16514076,118
"3,518",15000000,9176787,19153568,9176787,9976781,19153568,5662082,,5662082,3948863,2.32,14378741,108
"3,519",15000000,8921050,8921050,8921050,,,,,,1196965,7.31,30529812,106
"3,520",15000000,8874389,10055481,8874389,1181092,10055481,2667146,269363,2936509,304933,3.56,11058868,90
"3,521",15000000,8735529,8735529,8735529,,,,,,4104298,2.13,17471049,
"3,522",15000000,8586376,14933713,8586376,6347337,14933713,,,,3815075,2.25,15350095,94
"3,523",15000000,8378141,8667209,8378141,289068,8667209,,,,398662,10.83,15544976,97
"3,524",15000000,8322608,9740481,8322608,1417873,9740481,,,,2692819,3.09,17660960,
"3,525",15000000,8117637,8224998,8117637,107361,8224998,11297598,,11297598,3368197,2.41,13360010,91
"3,526",15000000,7857741,13300181,7857741,5442440,13300181,557809,163026,720835,74177,4.87,10020808,124
"3,527",15000000,7800825,34509748,7800825,26708923,34509748,4917133,,4917133,457227,8.04,11712103,107
"3,528",15000000,7597898,12394562,7597898,4796664,12394562,3308055,1250149,4558204,173915,1.88,10198915,106
"3,529",15000000,7219578,20780568,7219578,13560990,20780568,,,,587591,7.52,13679572,87
"3,530",15000000,6708137,13316627,6708137,6608490,13316627,649838,668741,1318579,3232790,2.08,7937831,97
"3,531",15000000,6409528,8767338,6409528,2357810,8767338,9489331,,9489331,2636048,2.43,9623220,102
"3,532",15000000,6382178,6563402,6382178,181224,6563402,1812312,,1812312,2651996,2.41,9173316,88
"3,533",15000000,5306706,35106706,5306706,29800000,35106706,,,,266162,5.53,7627497,92
"3,534",15000000,5217498,5217498,5217498,,,,,,1505551,3.47,10434986,105
"3,535",15000000,5027684,13454474,5027684,8426790,13454474,6817582,,6817582,23859,4.78,8275698,121
"3,536",15000000,4956401,4956401,4956401,,,,,,2056647,2.41,10517712,120
"3,537",15000000,4604982,65167430,4604982,60562448,65167430,,,,63918,7.55,7212618,158
"3,538",15000000,4444612,4569967,4444612,125355,4569967,3342600,546470,3889070,647797,6.68,6041974,115
"3,539",15000000,4235837,16829464,4235837,12593627,16829464,6954123,,6954123,180660,5.39,7122680,102
"3,540",15000000,4023741,4024147,4023741,406,4024147,,,,1807181,2.23,8538569,92
"3,541",15000000,3703046,15554855,3703046,11851809,15554855,1542761,1070317,2613078,1841007,2.01,4735320,93
"3,542",15000000,3526588,6551310,3526588,3024722,6551310,8691242,,8691242,2074300,1.7,5525666,98
"3,543",15000000,3247816,38535748,3247816,35287932,38535748,,,,160103,7.52,4437307,98
"3,544",15000000,3020665,3386153,3020665,365488,3386153,71800,81858,153658,1470592,2.05,3862722,106
"3,545",15000000,2653031,2733397,2653031,80366,2733397,169488,83605,253093,1198453,2.21,3390914,127
"3,546",15000000,2434652,11173718,2434652,8739066,11173718,3020571,808289,3828860,111734,7.04,3326428,120
"3,547",15000000,2423467,3503761,2423467,1080294,3503761,,,,1402822,1.73,3020222,91
"3,548",15000000,2281585,3393606,2281585,1112021,3393606,,,,93776,12.73,3976990,112
"3,549",15000000,2203641,6379575,2203641,4175934,6379575,,,,34615,6.57,3308522,105
"3,550",15000000,1954202,1954202,1954202,,,,,,1010596,1.93,4146904,111
"3,551",15000000,1953732,1953732,1953732,,,,,,25428,6.84,5676877,98
"3,552",15000000,1872625,99478272,1872625,97605647,99478272,,,,70275,2.36,1904201,114
"3,553",15000000,1658706,1658706,1658706,,,88192,26668,114860,1100000,1.51,1993405,120
"3,554",15000000,1294640,8200127,1294640,6905487,8200127,,,,510958,2.53,1943753,111
"3,555",15000000,1200216,11599903,1200216,10399687,11599903,,,,411544,2.92,1975316,84
"3,556",15000000,824295,1970268,824295,1145973,1970268,,,,43131,6.09,1741574,
"3,557",15000000,673414,1405032,673414,731618,1405032,,,,84660,7.95,1249467,107
"3,558",15000000,632542,11279884,632542,10647342,11279884,66981,146454,213435,47892,8.82,808867,104
"3,559",15000000,529766,529766,529766,,,,,,44108,4.24,1299734,115
"3,560",15000000,528731,528731,528731,,,,,,30920,6.13,701067,128
"3,561",15000000,501752,5953886,501752,5452134,5953886,,,,19795,14.48,870992,110
"3,562",15000000,353743,1768976,353743,1415233,1768976,,,,30977,5.8,632387,98
"3,563",15000000,220944,240025,220944,19081,240025,,,,123087,1.8,394979,83
"3,564",15000000,123570,7885048,123570,7761478,7885048,4978575,878964,5857539,42826,2.89,168826,97
"3,565",15000000,102458,7583050,102458,7480592,7583050,1544461,931719,2476180,26564,3.86,147266,
"3,566",15000000,76382,76382,76382,,,,,,,,186278,93
"3,567",15000000,73548,1590246,73548,1516698,1590246,,,,34394,2.14,110420,100
"3,568",15000000,61847,61847,61847,,,,,,61847,1,82003,103
"3,569",15000000,30680,1148578,30680,1117898,1148578,1519288,746997,2266285,18015,1.7,41697,93
"3,570",15000000,22723,22723,22723,,,,,,15026,1.51,42161,
"3,571",15000000,22441,22441,22441,,,,,,12377,1.81,35154,
"3,572",15000000,4912,513303,4912,508391,513303,170345,67736,238081,1726,2.33,6274,96
"3,573",15000000,0,20898221,,20898221,20898221,822442,205240,1027682,,,,85
"3,574",15000000,0,17224539,,17224539,17224539,89944,,89944,,,,97
"3,575",15000000,0,6775458,,6775458,6775458,140857,190132,330989,,,,110
"3,576",15000000,0,3925769,,3925769,3925769,,,,,,,98
"3,577",15000000,0,3436763,,3436763,3436763,,,,,,,141
"3,578",15000000,0,2013340,,2013340,2013340,,,,,,,119
"3,579",15000000,0,1903062,,1903062,1903062,,,,,,,135
"3,580",15000000,0,909822,,909822,909822,,,,,,,105
"3,581",15000000,0,214182,,214182,214182,615808,616483,1232291,,,,110
"3,582",15000000,0,97518,,97518,97518,436238,213777,650015,,,,99
"3,583",15000000,0,3471,,3471,3471,144453,,144453,,,,101
"3,584",15000000,0,1438,,1438,1438,,,,,,,
"3,585",14600000,71097843,71112677,71097843,14834,71112677,,,,14652108,4.85,184818853,102
"3,586",14500000,184178046,250729678,184178046,66551632,250729678,,,,19680879,6.75,184178046,135
"3,587",14500000,66013057,123580421,66013057,57567364,123580421,13751822,6177304,19929126,12857184,5.13,84415269,115
"3,588",14500000,46338728,147542381,46338728,101203653,147542381,,,,11133231,4.16,112877035,120
"3,589",14500000,7691700,25480031,7691700,17788331,25480031,,,,115708,9.99,10456050,106
"3,590",14500000,0,79226860,,79226860,79226860,50456,62791,113247,,,,101
"3,591",14500000,0,872757,,872757,872757,110340,,110340,,,,95
"3,592",14400000,101157447,159157447,101157447,58000000,159157447,,,,15018007,6.74,262946967,130
"3,593",14200000,74205,543306,74205,469101,543306,,,,15117,4.91,122127,
"3,594",14000000,178406268,432566361,178406268,254160093,432566361,,,,11280591,14.3,455739225,119
"3,595",14000000,156645693,320099997,156645693,163454304,320099997,,,,7602740,14.84,429315548,120
"3,596",14000000,141330703,383825427,141330703,242494724,383825427,34883985,1722788,36606773,360018,11.75,204976332,116
"3,597",14000000,116000000,139700000,116000000,23700000,139700000,,,,2323621,49.92,,165
"3,598",14000000,109306210,239606210,109306210,130300000,239606210,,,,24462976,4.47,286696084,108
"3,599",14000000,70001698,70001698,70001698,,,,,,172021,6.35,179523480,144
"3,600",14000000,68856263,155008909,68856263,86152646,155008909,,,,7046648,8.08,179529495,97
"3,601",14000000,61356221,75525718,61356221,14169497,75525718,33572634,,33572634,21833312,2.81,96136633,116
"3,602",14000000,51545952,102836002,51545952,51290050,102836002,22179250,,22179250,21241456,2.43,74088709,101
"3,603",14000000,49130588,82925064,49130588,33794476,82925064,8041498,1839028,9880526,17732480,2.77,66536144,93
"3,604",14000000,47212904,125212904,47212904,78000000,125212904,,,,6642005,7.11,172130017,
"3,605",14000000,46800000,185400000,46800000,138600000,185400000,,,,1347927,34.72,226234977,125
"3,606",14000000,40713082,49231674,40713082,8518592,49231674,5959194,2564327,8523521,11282333,3.61,47913424,116
"3,607",14000000,38116707,72571864,38116707,34455157,72571864,,,,10515444,3.62,87577766,100
"3,608",14000000,35856053,35856053,35856053,,,,,,93005,7.92,134609019,132
"3,609",14000000,35025791,35579177,35025791,553386,35579177,12536387,1274808,13811195,15583924,2.25,47434426,111
"3,610",14000000,34729091,34729091,34729091,,,,,,5640712,6.16,88926268,104
"3,611",14000000,34700000,34700000,34700000,,,,,,,11.1,93590246,119
"3,612",14000000,33370906,86878073,33370906,53507167,86878073,530916,2990522,3521438,349555,8.44,39242509,108
"3,613",14000000,30628981,30628981,30628981,,,,,,8912743,3.44,64937771,
"3,614",14000000,29959436,115592104,29959436,85632668,115592104,9292790,1970490,11263280,220409,5.53,40573203,105
"3,615",14000000,27450453,27450453,27450453,,,,,,11728455,2.34,71477264,109
"3,616",14000000,27028394,27028394,27028394,,,,,,11807731,2.29,27028394,97
"3,617",14000000,25571351,25608779,25571351,37428,25608779,,,,6201345,4.12,47434576,83
"3,618",14000000,25482931,25873145,25482931,390214,25873145,,,,10007291,2.55,47281576,98
"3,619",14000000,25011000,25011000,25011000,,,,,,,,120905192,102
"3,620",14000000,20255281,21410546,20255281,1155265,21410546,6233528,1127675,7361203,7629862,2.65,27674513,103
"3,621",14000000,19637147,19637147,19637147,,,,,,7045379,2.79,48643489,100
"3,622",14000000,16298046,30443277,16298046,14145231,30443277,10343380,,10343380,5783508,2.82,26823346,83
"3,623",14000000,15549702,15565357,15549702,15655,15565357,,,,4855798,3.2,27798634,86
"3,624",14000000,15515460,22815460,15515460,7300000,22815460,6606445,,6606445,5948555,2.61,22300888,97
"3,625",14000000,15171475,15171475,15171475,,,,,,5679046,2.67,36969018,92
"3,626",14000000,15064948,15064948,15064948,,,,,,4704688,3.2,34626891,
"3,627",14000000,14395874,14395874,14395874,,,,,,1633183,8.81,30548720,
"3,628",14000000,13800000,13800302,13800000,302,13800302,,,,,,66710305,155
"3,629",14000000,13121555,16951798,13121555,3830243,16951798,,,,6649006,1.97,24346016,
"3,630",14000000,13024170,13024170,13024170,,,,,,4209475,3.09,34411894,114
"3,631",14000000,12559771,13205411,12559771,645640,13205411,13845734,,13845734,5674802,2.21,19679407,94
"3,632",14000000,12314651,12826644,12314651,511993,12826644,1434018,819061,2253079,5963324,2.07,15747553,93
"3,633",14000000,12138565,57926850,12138565,45788285,57926850,610564,808898,1419462,6002349,2.02,14285333,120
"3,634",14000000,11242801,20597806,11242801,9355005,20597806,13050025,,13050025,69039,2.31,18489921,116
"3,635",14000000,10397365,10397365,10397365,,,,,,4804595,2.16,19802752,
"3,636",14000000,9409538,11166615,9409538,1757077,11166615,815512,72583,888095,4101017,2.29,12743060,86
"3,637",14000000,6552255,6552255,6552255,,,,,,3024709,2.17,13904184,
"3,638",14000000,5990075,22754472,5990075,16764397,22754472,2610480,,2610480,75721,13.57,9088963,112
"3,639",14000000,5463019,14121177,5463019,8658158,14121177,3702337,,3702337,97953,14.18,8755160,
"3,640",14000000,5108820,12591270,5108820,7482450,12591270,,,,2321729,2.2,10217640,90
"3,641",14000000,4741987,4741987,4741987,,,,,,78709,7.83,10062720,107
"3,642",14000000,4702420,37888043,4702420,33185623,37888043,758771,175401,934172,76224,4.59,6012189,106
"3,643",14000000,4299773,5782198,4299773,1482425,5782198,,,,2026997,2.12,7076563,101
"3,644",14000000,3958546,25187026,3958546,21228480,25187026,445416,377016,822432,108638,15.71,5101225,149
"3,645",14000000,3100650,4288246,3100650,1187596,4288246,,,,1140698,2.72,5905478,84
"3,646",14000000,2656784,20537741,2656784,17880957,20537741,,,,110443,6.19,3818675,96
"3,647",14000000,2461628,2461628,2461628,,,,,,61349,3.77,6100305,139
"3,648",14000000,1755212,4294635,1755212,2539423,4294635,,,,224233,3.65,2398119,90
"3,649",14000000,1000000,1000000,1000000,,,,,,,,4606833,127
"3,650",14000000,403952,1903952,403952,1500000,1903952,,,,39162,9.93,551904,
"3,651",14000000,274299,274299,274299,,,,,,16284,13.54,490371,
"3,652",14000000,266967,266967,266967,,,,,,183088,1.46,400822,
"3,653",14000000,47185,610152,47185,562967,610152,,,,7525,3.59,64141,149
"3,654",14000000,43318,2947737,43318,2904419,2947737,,,,4651,9.31,55388,100
"3,655",14000000,0,11354230,,11354230,11354230,47050,,47050,,,,117
"3,656",14000000,0,150,,150,150,,,,,,,145
"3,657",13900000,83043761,176980863,83043761,93937102,176980863,32569039,,32569039,547425,11.18,137172277,134
"3,658",13800000,0,0,,,,,,,,,,
"3,659",13700000,56598476,57956789,56598476,1358313,57956789,,,,,5.33,140254732,97
"3,660",13700000,0,11738256,,11738256,11738256,,,,,,,100
"3,661",13500000,135265915,202000000,135265915,66734085,202000000,,,,25398367,5.33,345537097,93
"3,662",13500000,85400591,85431454,85400591,30863,85431454,,,,,,,220
"3,663",13500000,53267000,53292989,53267000,25989,53292989,,,,1800000,29.59,,150
"3,664",13500000,30617396,31966740,30617396,1349344,31966740,3435506,4045081,7480587,15181624,2.02,36230028,99
"3,665",13500000,15901849,29027914,15901849,13126065,29027914,,,,211279,9.7,29188370,107
"3,666",13500000,15024049,33035736,15024049,18011687,33035736,6011127,3182452,9193579,4174915,3.6,20346636,109
"3,667",13500000,7060876,11732088,7060876,4671212,11732088,,,,249383,11.47,13767785,
"3,668",13500000,6118683,6118683,6118683,,,,,,520837,2.44,22435164,108
"3,669",13500000,5501940,93631744,5501940,88129804,93631744,,,,18195,9.32,9252862,155
"3,670",13500000,687081,892506,687081,205425,892506,,,,112041,3.62,1308606,105
"3,671",13400000,164247,164247,164247,,,,,,101779,1.61,223275,103
"3,672",13300000,2614251,7229933,2614251,4615682,7229933,1583637,1089660,2673297,133154,6.19,3449395,108
"3,673",13300000,2086345,39686345,2086345,37600000,39686345,,,,55681,9.74,3516414,
"3,674",13200000,52543632,54323210,52543632,1779578,54323210,7286384,1714937,9001321,24250283,2.17,69329295,84
"3,675",13200000,1831718,30360375,1831718,28528657,30360375,33376,36769,70145,272109,6.24,2031027,125
"3,676",13000000,123922370,123922582,123922370,212,123922582,,,,,10.54,325337123,120
"3,677",13000000,106954678,331266710,106954678,224312032,331266710,20362865,9811256,30174121,1443809,12.04,145723102,108
"3,678",13000000,91038276,122244329,91038276,31206053,122244329,,,,27526443,3.31,173390921,112
"3,679",13000000,73013910,99034125,73013910,26020215,99034125,25387782,3260938,28648720,29514054,2.47,99254726,105
"3,680",13000000,69488745,137054597,69488745,67565852,137054597,1658563,1858926,3517489,17374280,4,82227080,97
"3,681",13000000,61705123,73773317,61705123,12068194,73773317,17374563,3917408,21291971,14812393,4.17,76899561,109
"3,682",13000000,60008303,62452927,60008303,2444624,62452927,,,,14331819,3.93,120016597,89
"3,683",13000000,57924679,95638592,57924679,37713913,95638592,,,,17065227,3.39,100552013,114
"3,684",13000000,57300000,57386952,57300000,86952,57386952,,,,,,,202
"3,685",13000000,55121623,118763442,55121623,63641819,118763442,5017578,2753156,7770734,16800868,3.28,68694914,87
"3,686",13000000,53607898,125319714,53607898,71711816,125319714,,,,18309301,2.93,53607898,118
"3,687",13000000,53424681,54125172,53424681,700491,54125172,,,,8008721,6.67,147293619,102
"3,688",13000000,49369899,49369899,49369899,,,,,,12833403,3.85,129490869,93
"3,689",13000000,49121934,49733545,49121934,611611,49733545,23157619,,23157619,17958183,2.74,76967206,118
"3,690",13000000,48637684,50445860,48637684,1808176,50445860,5036896,1566008,6602904,25649011,1.9,64175539,100
"3,691",13000000,46729374,73180297,46729374,26450923,73180297,,,,13845914,3.37,92399962,82
"3,692",13000000,44726644,44726644,44726644,,,,,,7011393,6.38,117312218,100
"3,693",13000000,44137712,54837234,44137712,10699522,54837234,6366428,1772392,8138820,109878,5.7,58211159,102
"3,694",13000000,38934842,42174545,38934842,3239703,42174545,6555202,3475885,10031087,8364199,4.65,51373017,89
"3,695",13000000,38177966,60413950,38177966,22235984,60413950,,,,8330681,4.58,81015441,99
"3,696",13000000,28972187,28972187,28972187,,,,,,9007833,3.22,53755623,88
"3,697",13000000,28009161,43673616,28009161,15664455,43673616,,,,9912713,2.83,28009161,104
"3,698",13000000,27979399,27979399,27979399,,,,,,9202722,3.04,72854560,83
"3,699",13000000,27151490,27151490,27151490,,,,,,5613587,4.84,57616739,95
"3,700",13000000,27066941,27073371,27066941,6430,27073371,,,,10809424,2.5,62213558,91
"3,701",13000000,26904572,34166572,26904572,7262000,34166572,,,,10718520,2.51,68727955,84
"3,702",13000000,26570048,26570048,26570048,,,,,,6601651,4.02,64802062,102
"3,703",13000000,25682380,42195766,25682380,16513386,42195766,6052518,2828140,8880658,8754168,2.93,34053632,93
"3,704",13000000,25593755,57189408,25593755,31595653,57189408,31062270,909666,31971936,8931973,2.87,40084945,126
"3,705",13000000,25440971,38261299,25440971,12820328,38261299,5268190,6045891,11314081,237264,4.76,32533048,110
"3,706",13000000,22858926,32382381,22858926,9523455,32382381,,,,637721,9.78,47944470,
"3,707",13000000,22235901,22391450,22235901,155549,22391450,,,,7720942,2.88,42350351,90
"3,708",13000000,18704596,35402802,18704596,16698206,35402802,2608616,1840374,4448990,113803,4.72,23310467,102
"3,709",13000000,18007317,18733666,18007317,726349,18733666,2758458,1130038,3888496,6154984,2.93,23876859,117
"3,710",13000000,17742948,33069303,17742948,15326355,33069303,15459517,3210713,18670230,228359,8.24,24021279,103
"3,711",13000000,16929123,19929123,16929123,3000000,19929123,,,,4715060,3.59,32243099,99
"3,712",13000000,16757163,16757163,16757163,,,,,,6611532,2.53,38516455,92
"3,713",13000000,14677674,36316727,14677674,21639053,36316727,1519944,1135507,2655451,118298,10.99,18453808,113
"3,714",13000000,14394097,14403891,14394097,9794,14403891,9328706,1705715,11034421,4002226,3.6,18406236,123
"3,715",13000000,13756082,67867998,13756082,54111916,67867998,13677380,,13677380,89097,7.37,21578822,101
"3,716",13000000,12749992,109421911,12749992,96671919,109421911,5151679,1978702,7130381,,16.72,17575475,152
"3,717",13000000,11003643,11141213,11003643,137570,11141213,14425215,,14425215,4454319,2.47,17241165,104
"3,718",13000000,10433915,31259184,10433915,20825269,31259184,489622,283549,773171,1953070,5.34,10681633,115
"3,719",13000000,10020081,10020081,10020081,,,,,,3634236,2.76,23031222,82
"3,720",13000000,8178001,122825618,8178001,114647617,122825618,,,,2822564,2.9,10457743,159
"3,721",13000000,8064972,8064972,8064972,,,,,,2517263,3.2,18537396,
"3,722",13000000,8005586,42446455,8005586,34440869,42446455,293122,135780,428902,3342697,2.39,9976901,91
"3,723",13000000,7881335,7884087,7881335,2752,7884087,,,,2040450,3.86,20823715,93
"3,724",13000000,6276869,6276869,6276869,,,,,,2210267,2.84,13319811,100
"3,725",13000000,5871603,5871603,5871603,,,,,,2408613,2.44,12453703,99
"3,726",13000000,5002310,5002310,5002310,,,,,,2038349,2.45,9527364,84
"3,727",13000000,4919896,8130727,4919896,3210831,8130727,,,,2370809,2.08,9128472,93
"3,728",13000000,4857374,5175088,4857374,317714,5175088,,,,39242,9.96,7610820,120
"3,729",13000000,3703182,12616995,3703182,8913813,12616995,1311390,615285,1926675,80733,6.87,4374330,103
"3,730",13000000,3172382,3260555,3172382,88173,3260555,2815363,,2815363,1659756,1.91,4970680,111
"3,731",13000000,3075255,13176612,3075255,10101357,13176612,,,,900688,3.41,4201677,96
"3,732",13000000,3058380,3058380,3058380,,,,,,31702,13.84,5824962,120
"3,733",13000000,2703296,24001573,2703296,21298277,24001573,,,,78085,7.66,3411148,123
"3,734",13000000,2104439,2104439,2104439,,,,,,967956,2.17,5132541,
"3,735",13000000,2087720,19910624,2087720,17822904,19910624,,,,163773,9.2,2852420,149
"3,736",13000000,2037459,23014027,2037459,20976568,23014027,,,,112712,9.38,2777467,100
"3,737",13000000,1784763,14929184,1784763,13144421,14929184,227550,94608,322158,832271,2.14,2282288,91
"3,738",13000000,1173673,2898225,1173673,1724552,2898225,,,,608804,1.93,1931625,124
"3,739",13000000,1152117,1152117,1152117,,,,,,,,2999955,
"3,740",13000000,1151330,2613717,1151330,1462387,2613717,,,,452966,2.54,1894855,118
"3,741",13000000,1024175,6459183,1024175,5435008,6459183,,,,139506,7.34,1392248,87
"3,742",13000000,656688,17856688,656688,17200000,17856688,,,,357404,1.84,839751,155
"3,743",13000000,622023,1375635,622023,753612,1375635,,,,5009,6.61,1185380,
"3,744",13000000,464495,2394619,464495,1930124,2394619,,,,,5.38,549640,105
"3,745",13000000,303877,509193,303877,205316,509193,,,,18854,6.89,411764,
"3,746",13000000,217277,5453369,217277,5236092,5453369,,,,11083,5,296860,109
"3,747",13000000,197785,3347219,197785,3149434,3347219,,,,21400,9.24,267851,94
"3,748",13000000,0,399198,,399198,399198,,,,,,,110
"3,749",13000000,0,8573,,8573,8573,,,,,,,
"3,750",13000000,0,0,,,,,,,,,,
"3,751",12800000,51872378,69821476,51872378,17949098,69821476,11013905,3852265,14866170,17118745,3.03,68780345,96
"3,752",12700000,1022720,49196532,1022720,48173812,49196532,90015,,90015,31662,3.39,1274552,115
"3,753",12600000,10724389,19054534,10724389,8330145,19054534,2270095,1725966,3996061,4104552,2.61,14150410,107
"3,754",12500000,28436931,33436931,28436931,5000000,33436931,,,,9537123,2.98,52762494,90
"3,755",12500000,26593646,46370970,26593646,19777324,46370970,15467825,5220064,20687889,11416164,2.33,36334540,105
"3,756",12500000,21078145,23367586,21078145,2289441,23367586,,,,210013,5.57,38096164,117
"3,757",12500000,20959585,20959585,20959585,,,,,,,9.65,76851806,100
"3,758",12500000,14060950,16193713,14060950,2132763,16193713,,,,3846780,3.66,26073317,109
"3,759",12500000,12281000,12643293,12281000,362293,12643293,,,,4023420,3.05,31978061,117
"3,760",12500000,11965282,26735797,11965282,14770515,26735797,1689593,487742,2177335,5059802,2.36,17198089,101
"3,761",12500000,10725228,10725650,10725228,422,10725650,,,,2104402,5.1,27860878,100
"3,762",12500000,9046156,44083403,9046156,35037247,44083403,12837748,,12837748,253085,5.33,13569519,91
"3,763",12500000,7000000,21000000,7000000,14000000,21000000,,475472,475472,1617636,4.33,25666663,118
"3,764",12500000,7000000,7000000,7000000,,,,,,2425315,2.89,30063738,
"3,765",12500000,6797696,11826980,6797696,5029284,11826980,6766754,591111,7357865,102351,3.71,9287595,96
"3,766",12500000,5956480,11277119,5956480,5320639,11277119,3924883,,3924883,90418,6.43,9320140,106
"3,767",12500000,4360548,4360548,4360548,,,,,,94936,8.75,5957750,90
"3,768",12500000,4157491,45556774,4157491,41399283,45556774,,,,91612,7.35,8314981,140
"3,769",12500000,2039869,2272186,2039869,232317,2272186,,,,34528,13.04,2781456,108
"3,770",12500000,1612957,1612957,1612957,,,,,,83461,7.47,3719477,132
"3,771",12500000,1212799,1412799,1212799,200000,1412799,,,,41768,6.28,2957903,
"3,772",12500000,1110186,69720496,1110186,68610310,69720496,,,,260135,4.27,1927173,148
"3,773",12500000,1089445,3931367,1089445,2841922,3931367,,,,510000,2.14,1488492,118
"3,774",12500000,677200,4027663,677200,3350463,4027663,3618950,612678,4231628,102706,6.59,917109,107
"3,775",12500000,292562,9376444,292562,9083882,9376444,357585,313041,670626,,7.4,386905,
"3,776",12500000,10011,1100287,10011,1090276,1100287,,,,10011,1,13550,108
"3,777",12500000,0,8912003,,8912003,8912003,,,,,,,
"3,778",12500000,0,3350943,,3350943,3350943,,,,,,,91
"3,779",12300000,48578636,82458636,48578636,33880000,82458636,,,,7526025,5.99,127424343,69
"3,780",12000000,273661595,484351938,273661595,210690343,484351938,,19142643,19142643,7790627,35.13,,124
"3,781",12000000,231020723,428887855,231020723,197867132,428887855,,,,,28.26,,121
"3,782",12000000,124872350,307166834,124872350,182294484,307166834,27019764,17969910,44989674,48002523,2.6,164764247,125
"3,783",12000000,101800948,234723148,101800948,132922200,234723148,,,,18709680,5.44,216026414,95
"3,784",12000000,95159005,181796517,95159005,86637512,181796517,1953945,1707880,3661825,30429860,3.13,95159005,102
"3,785",12000000,91547205,113373764,91547205,21826559,113373764,17159284,2695784,19855068,33636303,2.72,123979756,122
"3,786",12000000,91386097,100913556,91386097,9527459,100913556,33865504,11436161,45301665,22522221,4.06,120580423,100
"3,787",12000000,79817937,79817937,79817937,,,,,,11549711,6.91,228160975,93
"3,788",12000000,78912963,95800000,78912963,16887037,95800000,,266374,266374,14347221,5.5,289347522,113
"3,789",12000000,75781642,77063461,75781642,1281819,77063461,,,,20627433,3.67,140569486,102
"3,790",12000000,74433837,74433837,74433837,,,,,,6227804,11.95,254729125,114
"3,791",12000000,72217396,107217396,72217396,35000000,107217396,,,,12115105,5.96,190809687,86
"3,792",12000000,70012847,82497035,70012847,12484188,82497035,28073396,16074093,44147489,24476632,2.86,94816385,101
"3,793",12000000,65532576,65532576,65532576,,,,310311,310311,4539990,10.09,198997506,112
"3,794",12000000,65328121,110989157,65328121,45661036,110989157,51895652,,51895652,20659573,3.16,107517111,103
"3,795",12000000,64575175,123681790,64575175,59106615,123681790,8378884,7818225,16197109,22004098,2.93,87452308,106
"3,796",12000000,63118386,63118386,63118386,,,,,,20114233,3.14,153134428,81
"3,797",12000000,62500000,62500000,62500000,,,,,,,,,172
"3,798",12000000,54731865,103028188,54731865,48296323,103028188,17344657,5976129,23320786,21051363,2.6,74121792,87
"3,799",12000000,54513740,161158351,54513740,106644611,161158351,2458084,3529911,5987995,322168,12.38,64953219,115
"3,800",12000000,51739495,149117900,51739495,97378405,149117900,2737360,1350685,4088045,123360,12.31,62415489,120
"3,801",12000000,50316123,91244913,50316123,40928790,91244913,3637858,2184388,5822246,14711101,3.42,59539827,112
"3,802",12000000,39673162,74727492,39673162,35054330,74727492,,,,9292248,4.27,92550655,155
"3,803",12000000,39012241,39012241,39012241,,,,,,341768,8.71,129159470,137
"3,804",12000000,38108728,43353117,38108728,5244389,43353117,25227907,,25227907,14908404,2.56,57216165,102
"3,805",12000000,37709979,98963392,37709979,61253413,98963392,6789606,1513641,8303247,128435,10.26,49884008,97
"3,806",12000000,37400000,37400000,37400000,,,,1502042,1502042,6507356,5.75,144223216,110
"3,807",12000000,37188667,57000000,37188667,19811333,57000000,,,,14527187,2.56,69000656,94
"3,808",12000000,32000304,85450484,32000304,53450180,85450484,4493768,4119267,8613035,12650140,2.53,40920912,109
"3,809",12000000,31691811,41924774,31691811,10232963,41924774,15224827,,15224827,14211321,2.23,47581853,89
"3,810",12000000,31597131,52223306,31597131,20626175,52223306,,,,321515,3.95,58625995,96
"3,811",12000000,31418697,57577765,31418697,26159068,57577765,12711042,,12711042,12425776,2.53,47171803,97
"3,812",12000000,31203964,31286759,31203964,82795,31286759,,,,9375307,3.33,54167258,97
"3,813",12000000,31155435,31222395,31155435,66960,31222395,,,,7102260,4.39,58991416,94
"3,814",12000000,30000000,60000000,30000000,30000000,60000000,,,,,107.18,,197
"3,815",12000000,27838408,43924923,27838408,16086515,43924923,29557731,67775,29625506,10457367,2.66,45816488,88
"3,816",12000000,27379507,31724550,27379507,4345043,31724550,,,,5010109,5.46,70987270,85
"3,817",12000000,27007844,37566117,27007844,10558273,37566117,5111936,4099196,9211132,621329,6.08,33658329,102
"3,818",12000000,25885000,56131239,25885000,30246239,56131239,,,,205996,8.88,47716463,123
"3,819",12000000,25326071,32700439,25326071,7374368,32700439,4401682,1506991,5908673,7138266,3.55,34298370,95
"3,820",12000000,25317379,26001741,25317379,684362,26001741,1055508,558106,1613614,6896593,3.67,33341117,101
"3,821",12000000,22921898,22921898,22921898,,,,,,8459126,2.71,52686150,121
"3,822",12000000,22750363,22750363,22750363,,,,,,,4.52,59238860,112
"3,823",12000000,22744718,41744718,22744718,19000000,41744718,,,,,,,131
"3,824",12000000,22673340,22673340,22673340,,,,,,,,97377928,102
"3,825",12000000,22348241,32909437,22348241,10561196,32909437,1598893,1101797,2700690,8310252,2.69,28578168,106
"3,826",12000000,22260900,47582563,22260900,25321663,47582563,323648,1038579,1362227,8427265,2.64,26197869,89
"3,827",12000000,22012729,22730144,22012729,717415,22730144,1505208,1274621,2779829,8376846,2.63,25905806,108
"3,828",12000000,21540363,21867665,21540363,327302,21867665,12067587,768972,12836559,8284989,2.6,29430306,100
"3,829",12000000,21133087,23059379,21133087,1926292,23059379,,,,5811664,3.64,44845404,99
"3,830",12000000,21089146,21089146,21089146,,,,,,10019555,2.1,52262292,92
"3,831",12000000,19000000,19000000,19000000,,,,,,,,87529913,125
"3,832",12000000,18761993,28915761,18761993,10153768,28915761,,,,211559,4.66,31552920,117
"3,833",12000000,18597342,22978953,18597342,4381611,22978953,31718998,,31718998,7482669,2.49,30607525,104
"3,834",12000000,17654912,24761360,17654912,7106448,24761360,4892420,2630564,7522984,140401,11.37,23340436,114
"3,835",12000000,17321573,17322212,17321573,639,17322212,,,,7548819,2.29,30068686,86
"3,836",12000000,17292381,17292381,17292381,,,,,,5377958,3.22,32927887,86
"3,837",12000000,16311571,22750356,16311571,6438785,22750356,3296261,849063,4145324,310263,4.79,22155196,94
"3,838",12000000,15472775,18460739,15472775,2987964,18460739,,,,6950045,2.23,18169550,94
"3,839",12000000,15323921,84429086,15323921,69105165,84429086,12089816,3565083,15654899,1076250,3.22,20318802,123
"3,840",12000000,14915773,21398371,14915773,6482598,21398371,878949,688484,1567433,224476,6.2,17582180,119
"3,841",12000000,14301505,23477345,14301505,9175840,23477345,640350,243940,884290,5467084,2.62,17187309,89
"3,842",12000000,14010363,14010363,14010363,,,,,,4206656,3.33,32904505,
"3,843",12000000,12905901,12905901,12905901,,,,,,169747,2.99,29619937,100
"3,844",12000000,12796861,17475475,12796861,4678614,17475475,7172233,,7172233,293369,8.5,19053628,113
"3,845",12000000,12200000,44200000,12200000,32000000,44200000,,,,,,47307911,
"3,846",12000000,11634362,43153588,11634362,31519226,43153588,,,,89472,8.59,20241035,100
"3,847",12000000,11487676,84970337,11487676,73482661,84970337,,,,26994,121.06,27098300,149
"3,848",12000000,11368012,16221211,11368012,4853199,16221211,1225353,388399,1613752,4785431,2.38,13661893,114
"3,849",12000000,11050094,92863945,11050094,81813851,92863945,,,,397472,6.36,18808621,119
"3,850",12000000,10950663,42913181,10950663,31962518,42913181,37424,186884,224308,232266,6.59,10950663,105
"3,851",12000000,10410004,16703751,10410004,6293747,16703751,5126851,3296993,8423844,9103614,1.14,12224380,115
"3,852",12000000,10198766,12516222,10198766,2317456,12516222,,,,4127903,2.47,18923007,93
"3,853",12000000,10051659,10116816,10051659,65157,10116816,1460868,548185,2009053,3000805,3.35,12069148,118
"3,854",12000000,9739250,15030244,9739250,5290994,15030244,506721,29276,535997,3827715,2.54,9970476,
"3,855",12000000,8195551,8942516,8195551,746965,8942516,13194909,,13194909,3445559,2.38,12304486,110
"3,856",12000000,7919574,35830713,7919574,27911139,35830713,,,,2002165,3.96,10725141,100
"3,857",12000000,7900000,7900000,7900000,,,,,,,,,167
"3,858",12000000,6982680,6982680,6982680,,,,,,3342085,2.09,13965350,81
"3,859",12000000,6860000,8706701,6860000,1846701,8706701,1889933,,1889933,226108,2.71,11290196,116
"3,860",12000000,6730578,46730578,6730578,40000000,46730578,,,,4040711,1.67,17525510,95
"3,861",12000000,6726179,9026137,6726179,2299958,9026137,,,,3665664,1.83,6726179,84
"3,862",12000000,5669081,10026255,5669081,4357174,10026255,2298884,653858,2952742,1885608,3.01,7677473,143
"3,863",12000000,5549923,5549923,5549923,,,,,,372012,2.88,9123373,86
"3,864",12000000,5078660,6200000,5078660,1121340,6200000,,,,1588013,3.2,11673328,113
"3,865",12000000,4922166,4922166,4922166,,,,,,2715848,1.81,8799488,81
"3,866",12000000,4884663,4984663,4884663,100000,4984663,,56329,56329,2046576,2.39,14193164,100
"3,867",12000000,4880941,4880941,4880941,,,,,,2485764,1.96,11904192,108
"3,868",12000000,4717455,23693646,4717455,18976191,23693646,,,,97625,2.29,8433517,118
"3,869",12000000,3950294,5295909,3950294,1345615,5295909,,,,1836256,2.15,5930940,97
"3,870",12000000,3149034,16349034,3149034,13200000,16349034,,,,94986,7.81,4526209,109
"3,871",12000000,2883879,29484256,2883879,26600377,29484256,,406043,406043,23442,18.54,3811312,142
"3,872",12000000,2326407,2326407,2326407,,,,,,77400,10.55,4316463,
"3,873",12000000,2201923,92618117,2201923,90416194,92618117,,,,314488,7,3450096,119
"3,874",12000000,2104164,2104164,2104164,,,,,,1124671,1.87,8159307,
"3,875",12000000,2062406,2062406,2062406,,,,,,1040727,1.98,4376518,
"3,876",12000000,1779284,1779284,1779284,,,,,,55000,7.91,3301321,104
"3,877",12000000,1703125,12034913,1703125,10331788,12034913,,,,160547,4.82,2258259,100
"3,878",12000000,1506998,2975188,1506998,1468190,2975188,,,,55851,5,2262593,90
"3,879",12000000,1442338,19278598,1442338,17836260,19278598,,,,113074,10.66,2425640,129
"3,880",12000000,1188194,1188194,1188194,,,3417921,,3417921,145430,7.74,1615221,106
"3,881",12000000,870067,994790,870067,124723,994790,,,,105422,8.25,1463223,
"3,882",12000000,793352,1200346,793352,406994,1200346,,,,39962,8.69,1074410,103
"3,883",12000000,550472,557545,550472,7073,557545,,,,27497,8.65,752099,111
"3,884",12000000,450594,477693,450594,27099,477693,,,,60029,4.08,858196,114
"3,885",12000000,378650,4606284,378650,4227634,4606284,,,,75180,5.04,702554,86
"3,886",12000000,340536,1080362,340536,739826,1080362,101139,121023,222162,27435,6.91,435458,85
"3,887",12000000,303439,7203439,303439,6900000,7203439,,,,20220,4.33,455574,
"3,888",12000000,220175,220175,220175,,,,,,43380,4.78,517095,
"3,889",12000000,214202,1513388,214202,1299186,1513388,,,,118086,1.81,335625,
"3,890",12000000,196857,196857,196857,,,,,,12680,9.14,323982,140
"3,891",12000000,190946,310946,190946,120000,310946,,,,27330,6.7,260887,95
"3,892",12000000,178287,178287,178287,,,,,,42326,4.21,378324,
"3,893",12000000,146028,622273,146028,476245,622273,,,,74743,1.95,278124,86
"3,894",12000000,122558,20122558,122558,20000000,20122558,,,,5610,9.22,166594,135
"3,895",12000000,57528,627538,57528,570010,627538,266338,92842,359180,6863,8.1,68065,101
"3,896",12000000,17484,6553186,17484,6535702,6553186,,,,10230,1.71,22358,113
"3,897",12000000,17479,87793,17479,70314,87793,,,,6254,2.79,23759,113
"3,898",12000000,14616,14616,14616,,,,,,,5.96,18682,111
"3,899",12000000,1411,256003,1411,254592,256003,,,,411,3.43,1800,108
"3,900",12000000,0,5400624,,5400624,5400624,,,,,,,
"3,901",12000000,0,1950194,,1950194,1950194,,,,,,,
"3,902",12000000,0,1828400,,1828400,1828400,,,,,,,89
"3,903",12000000,0,1594955,,1594955,1594955,,,,,,,
"3,904",12000000,0,0,,,,,,,,,,
"3,905",12000000,0,0,,,,,888625,888625,,,,
"3,906",12000000,0,0,,,,36976,22649,59625,,,,92
"3,907",12000000,0,0,,,,,,,,,,
"3,908",12000000,0,0,,,,,,,,,,120
"3,909",11900000,2022115,24374909,2022115,22352794,24374909,480253,70318,550571,185165,5.53,2520041,118
"3,910",11900000,208588,5685597,208588,5477009,5685597,1104873,349389,1454262,99601,2.09,266730,103
"3,911",11900000,81897,81897,81897,,,,,,7837,3.07,165354,91
"3,912",11900000,48856,49452,48856,596,49452,,,,,7.26,99478,134
"3,913",11800000,53369745,253267858,53369745,199898113,253267858,1327558,5955829,7283387,393216,9.39,62732798,132
"3,914",11800000,12711491,41925420,12711491,29213929,41925420,1286628,863817,2150445,253510,8.55,16003632,118
"3,915",11500000,57469179,57469850,57469179,671,57469850,,,,12046179,4.77,155267606,
"3,916",11500000,35593113,105078449,35593113,69485336,105078449,5758500,3805525,9564025,11111875,3.2,44357652,97
"3,917",11500000,0,0,,,,,,,,,,
"3,918",11400000,15000,29830239,15000,29815239,29830239,,,,15000,1,21560,101
"3,919",11400000,0,27042499,,27042499,27042499,,,,,,,99
"3,920",11300000,12036071,12973482,12036071,937411,12973482,,,,461052,3.95,12036071,
"3,921",11250000,0,3241142,,3241142,3241142,,,,,,,100
"3,922",11000000,460998007,775398007,460998007,314400000,775398007,,7156131,7156131,1554475,12.84,1771490282,119
"3,923",11000000,151937605,164029770,151937605,12092165,164029770,,,,12511634,10.89,486248986,111
"3,924",11000000,111897830,112052801,111897830,154971,112052801,,,,,1,,197
"3,925",11000000,93617009,129262388,93617009,35645379,129262388,22677745,8108092,30785837,300010,7.71,127582162,115
"3,926",11000000,90559416,274392880,90559416,183833464,274392880,65557390,,65557390,42030184,2.15,135943777,112
"3,927",11000000,81204830,81204830,81204830,,,,701895,701895,,11.5,210850591,136
"3,928",11000000,72778712,85278712,72778712,12500000,85278712,49306153,,49306153,29002002,2.51,119779307,92
"3,929",11000000,52929168,52929168,52929168,,,,,,7416751,7.14,137488292,119
"3,930",11000000,50474843,78356170,50474843,27881327,78356170,10740828,3681594,14422422,15679190,3.22,66599605,106
"3,931",11000000,49793054,49793054,49793054,,,,,,8836265,5.64,134528600,107
"3,932",11000000,46566212,97837138,46566212,51270926,97837138,,,,15021088,3.1,83247720,80
"3,933",11000000,41227069,46060861,41227069,4833792,46060861,,,,12177488,3.39,76493597,101
"3,934",11000000,39387284,83088295,39387284,43701011,83088295,,,,118266,11.03,96067123,122
"3,935",11000000,38665260,76238901,38665260,37573641,76238901,,,,13020565,2.97,81611532,97
"3,936",11000000,38322743,62076141,38322743,23753398,62076141,3652319,1323940,4976259,187281,9.71,48395732,113
"3,937",11000000,37780486,39994347,37780486,2213861,39994347,18671250,,18671250,10527799,3.59,56706993,110
"3,938",11000000,33800859,44984979,33800859,11184120,44984979,4549984,2907450,7457434,161558,5.42,40621325,107
"3,939",11000000,33307793,58586407,33307793,25278614,58586407,3196411,1021795,4218206,2091551,6.07,42592880,107
"3,940",11000000,31672000,31672000,31672000,,,,,,4892731,6.47,122814438,92
"3,941",11000000,30014534,53797409,30014534,23782875,53797409,1198248,1452544,2650792,264155,8.93,35560061,120
"3,942",11000000,27693292,69752402,27693292,42059110,69752402,11377217,2035112,13412329,14118444,1.96,39804492,92
"3,943",11000000,23978402,25116103,23978402,1137701,25116103,,,,9023173,2.66,45659380,86
"3,944",11000000,22958583,41503088,22958583,18544505,41503088,860765,1619606,2480371,138780,2.94,27018938,107
"3,945",11000000,21171695,21171695,21171695,,,,,,6203835,3.41,54995388,88
"3,946",11000000,20388920,20388920,20388920,,,,,,,,93928436,145
"3,947",11000000,20000000,20221274,20000000,221274,20221274,,,,,,,185
"3,948",11000000,18388357,56178935,18388357,37790578,56178935,2478704,429787,2908491,47122,10.32,24382096,99
"3,949",11000000,13906394,14786394,13906394,880000,14786394,,,,4531665,3.07,26471346,89
"3,950",11000000,13592872,13719474,13592872,126602,13719474,,,,5426390,2.5,27185737,87
"3,951",11000000,13558739,13558739,13558739,,,,,,6406076,2.12,25823878,95
"3,952",11000000,13248209,32943247,13248209,19695038,32943247,2172806,2984625,5157431,405411,7.04,17530846,104
"3,953",11000000,13110448,19947280,13110448,6836832,19947280,,,,4208655,3.12,24325404,99
"3,954",11000000,11502976,21502976,11502976,10000000,21502976,,,,4424535,2.6,29952187,89
"3,955",11000000,10214647,17443529,10214647,7228882,17443529,,,,169038,7.9,17543189,118
"3,956",11000000,9177065,9307166,9177065,130101,9307166,2887465,543648,3431113,4611534,1.99,12168356,95
"3,957",11000000,9170214,9170214,9170214,,,,,,,,23877991,117
"3,958",11000000,6788692,11862650,6788692,5073958,11862650,,,,207057,5.13,8033062,114
"3,959",11000000,5599781,75379113,5599781,69779332,75379113,,,,2371100,2.36,6978681,170
"3,960",11000000,4814244,5942218,4814244,1127974,5942218,,,,2785283,1.73,8932448,87
"3,961",11000000,4068087,4234355,4068087,166268,4234355,,,,98363,11.06,7222255,180
"3,962",11000000,3753806,13353855,3753806,9600049,13353855,,,,13207,12.62,6427909,125
"3,963",11000000,3493000,9814566,3493000,6321566,9814566,724939,346307,1071246,133898,4.09,4608870,97
"3,964",11000000,3185193,38156027,3185193,34970834,38156027,,,,223119,9.7,4329194,117
"3,965",11000000,3051221,24150550,3051221,21099329,24150550,,,,613485,4.97,5454745,94
"3,966",11000000,2844379,2844379,2844379,,,,,,29097,6.17,6971588,123
"3,967",11000000,2794056,2794056,2794056,,,,,,1127645,2.48,6924113,114
"3,968",11000000,2200000,2200000,2200000,,,,,,,,,124
"3,969",11000000,2000000,2000000,2000000,,,,,,,,5121136,98
"3,970",11000000,920057,6712903,920057,5792846,6712903,282361,278482,560843,21010,7.88,1105705,80
"3,971",11000000,727119,1444119,727119,717000,1444119,34453,87027,121480,155714,2.98,860406,112
"3,972",11000000,551002,3231251,551002,2680249,3231251,,,,18445,9.15,860891,
"3,973",11000000,355968,6586324,355968,6230356,6586324,,,,70460,5.05,585850,
"3,974",11000000,229653,229653,229653,,,,,,32774,7.01,312189,111
"3,975",11000000,61611,25307405,61611,25245794,25307405,,,,61611,1,83437,109
"3,976",11000000,46000,10477506,46000,10431506,10477506,4647145,295205,4942350,46000,1,62287,97
"3,977",11000000,0,82438670,,82438670,82438670,,,,,,,105
"3,978",11000000,0,2990000,,2990000,2990000,,,,,,,120
"3,979",11000000,0,2352511,,2352511,2352511,671067,829595,1500662,,,,106
"3,980",11000000,0,0,,,,,,,,,,
"3,981",10800000,56746769,118209778,56746769,61463009,118209778,28159455,662995,28822450,30053954,1.89,85199191,92
"3,982",10800000,13182281,484630908,13182281,471448627,484630908,5805599,,5805599,101053,23.28,17851777,110
"3,983",10800000,4567338,39837366,4567338,35270028,39837366,,,,152636,10.75,5373550,113
"3,984",10800000,399879,2862544,399879,2462665,2862544,,,,28298,9.63,626544,
"3,985",10800000,0,89569657,,89569657,89569657,,,,,,,109
"3,986",10750000,3275443,32575443,3275443,29300000,32575443,,,,1351786,2.42,5390722,192
"3,987",10700000,74788932,121788932,74788932,47000000,121788932,,,,6896612,10.84,274004973,114
"3,988",10700000,65403354,188034787,65403354,122631433,188034787,,,,3522581,12.31,265312886,117
"3,989",10700000,18542974,31341183,18542974,12798209,31341183,,,,192802,5.1,39349059,97
"3,990",10600000,22163442,34409206,22163442,12245764,34409206,,,,6163306,3.6,38173845,88
"3,991",10600000,24084,261364,24084,237280,261364,403785,304473,708258,4608,2.84,31920,98
"3,992",10500000,439454989,797307407,439454989,357852418,797307407,,,,11911430,25.47,1453084096,114
"3,993",10500000,59936321,71777922,59936321,11841601,71777922,,,,,295.6,,141
"3,994",10500000,11052958,14140402,11052958,3087444,14140402,10603988,,10603988,4712341,2.35,17318437,97
"3,995",10500000,177331,4942337,177331,4765006,4942337,30111,19175,49286,7479,12.71,209833,135
"3,996",10500000,125169,125169,125169,,,,,,,,330709,99
"3,997",10400000,1610194,1610194,1610194,,,,,,228509,7.05,2795146,
"3,998",10350000,33381742,174375841,33381742,140994099,174375841,,,,136470,18.43,62653285,123
"3,999",10300000,0,12478635,,12478635,12478635,,,,,,,119
"4,000",10100000,10143618,10143618,10143618,,,,,,3093281,3.28,34713713,95
"4,001",10100000,1183658,18726300,1183658,17542642,18726300,,,,642156,1.84,1617216,135
"4,002",10100000,1066555,1066555,1066555,,,,,,901857,1.18,1671137,110
"4,003",10000000,159366015,255416089,159366015,96050074,255416089,10608820,13304463,23913283,76221545,2.09,188577817,105
"4,004",10000000,138433435,225925989,138433435,87492554,225925989,,,,272912,11.77,318571088,126
"4,005",10000000,110359362,187281115,110359362,76921753,187281115,,,,39128715,2.82,191573892,92
"4,006",10000000,89217875,158906350,89217875,69688475,158906350,8172101,3087096,11259197,26411706,3.38,111187130,88
"4,007",10000000,85300000,85300000,85300000,,,,,,6152166,13.66,330767623,106
"4,008",10000000,80238724,163876815,80238724,83638091,163876815,47482259,,47482259,33610391,2.39,132057005,107
"4,009",10000000,79042440,118514727,79042440,39472287,118514727,3274202,4282157,7556359,31515110,2.51,98506066,105
"4,010",10000000,68566296,105953632,68566296,37387336,105953632,5877973,3263118,9141091,13582231,5.05,81135530,104
"4,011",10000000,68353550,90453550,68353550,22100000,90453550,,311139,311139,17362105,3.94,136707098,99
"4,012",10000000,67745330,172811971,67745330,105066641,172811971,1910210,1909419,3819629,29581355,2.29,80164069,103
"4,013",10000000,63465522,63465522,63465522,,,,,,16065430,3.95,134676825,95
"4,014",10000000,63300095,135759694,63300095,72459599,135759694,32733097,,32733097,31756764,1.99,99182414,95
"4,015",10000000,63257940,63320521,63257940,62581,63320521,29217365,,29217365,30030661,2.11,104110006,
"4,016",10000000,57743451,74789292,57743451,17045841,74789292,550809,823681,1374490,23154388,2.49,59114383,96
"4,017",10000000,56094360,92094360,56094360,36000000,92094360,,,,24113565,2.33,94336535,101
"4,018",10000000,52293000,52293000,52293000,,,,,,6357877,8.22,150839851,119
"4,019",10000000,52218558,120453155,52218558,68234597,120453155,3083782,1721549,4805331,22692741,2.3,66775330,97
"4,020",10000000,50752337,50752337,50752337,,,,,,6035133,7.2,131843292,104
"4,021",10000000,48958273,80120944,48958273,31162671,80120944,1143254,1583775,2727029,364437,11.41,58513571,93
"4,022",10000000,47566524,68722848,47566524,21156324,68722848,22547339,1959266,24506605,1872458,4.37,68098510,119
"4,023",10000000,46383639,134639780,46383639,88256141,134639780,20045935,3443468,23489403,737051,7.27,62816030,122
"4,024",10000000,44069456,80942650,44069456,36873194,80942650,2333371,2947125,5280496,13575173,3.25,52148045,126
"4,025",10000000,40826341,65520633,40826341,24694292,65520633,3470195,3072203,6542398,11756244,3.47,48310419,107
"4,026",10000000,40485039,40510111,40485039,25072,40510111,,,,6167651,6.56,109380628,90
"4,027",10000000,39100000,50100000,39100000,11000000,50100000,,,,,,,178
"4,028",10000000,38623460,41004412,38623460,2380952,41004412,,,,10112005,3.82,94199294,92
"4,029",10000000,38052832,104223315,38052832,66170483,104223315,3895920,3848059,7743979,16640452,2.29,45731272,91
"4,030",10000000,37904175,58939035,37904175,21034860,58939035,,,,13106108,2.89,72192043,91
"4,031",10000000,37800000,37800489,37800000,489,37800489,,,,6128157,6.17,114784222,108
"4,032",10000000,37402877,37402877,37402877,,,,,,,,,153
"4,033",10000000,36696761,44451470,36696761,7754709,44451470,,,,13455016,2.73,69892410,82
"4,034",10000000,36230219,36230294,36230219,75,36230294,,,,7283714,4.97,110017392,107
"4,035",10000000,36000000,36000000,36000000,,,,,,,,174026898,128
"4,036",10000000,35819556,68220952,35819556,32401396,68220952,2618135,1422645,4040780,10778392,3.32,44639861,97
"4,037",10000000,35073978,35078913,35073978,4935,35078913,,,,7700015,4.56,106506325,90
"4,038",10000000,34121140,61603136,34121140,27481996,61603136,1365899,1063819,2429718,11727390,2.91,41006236,96
"4,039",10000000,33679655,63354114,33679655,29674459,63354114,8358964,,8358964,12289375,2.74,46016058,80
"4,040",10000000,33253609,33526835,33253609,273226,33526835,,,,13010767,2.56,61654421,82
"4,041",10000000,33078266,89400862,33078266,56322596,89400862,3912031,751866,4663897,8540370,3.87,42299373,122
"4,042",10000000,33000000,33000750,33000000,750,33000750,,456945,456945,5254359,6.28,100208444,107
"4,043",10000000,32149404,62556228,32149404,30406824,62556228,917430,703482,1620912,12252439,2.62,38636630,115
"4,044",10000000,32100816,32100816,32100816,,,,,,7751971,4.14,83384766,108
"4,045",10000000,31487293,33886017,31487293,2398724,33886017,11443677,,11443677,11311751,2.78,47274784,86
"4,046",10000000,31011616,93074616,31011616,62063000,93074616,,,,151393,6.99,54193669,108
"4,047",10000000,30651422,43948865,30651422,13297443,43948865,,,,8669945,3.54,64840169,125
"4,048",10000000,30564825,51945949,30564825,21381124,51945949,1111021,626726,1737747,11371866,2.69,36167816,93
"4,049",10000000,30306281,38067218,30306281,7760937,38067218,,,,10037846,3.02,56230927,98
"4,050",10000000,30093107,83593107,30093107,53500000,83593107,,,,27932,3.76,57320861,103
"4,051",10000000,30050028,30050028,30050028,,,,,,5957656,5.04,81187791,112
"4,052",10000000,29790236,51620593,29790236,21830357,51620593,585744,3037612,3623356,10411189,2.86,35251236,92
"4,053",10000000,29747603,30768449,29747603,1020846,30768449,3021718,995509,4017227,14202323,2.09,37072733,107
"4,054",10000000,29500000,29500000,29500000,,,,,,6614366,4.46,100955552,101
"4,055",10000000,29317886,29317886,29317886,,,,,,7970574,3.68,77137638,
"4,056",10000000,28873374,68154468,28873374,39281094,68154468,14907348,7833976,22741324,15815497,1.83,38284739,92
"4,057",10000000,28564995,34084228,28564995,5519233,34084228,,,,11326601,2.52,53000107,85
"4,058",10000000,28444855,38364855,28444855,9920000,38364855,22342669,,22342669,11407751,2.49,46814576,108
"4,059",10000000,27740955,54104225,27740955,26363270,54104225,1644451,1174979,2819430,10542116,2.63,35474188,97
"4,060",10000000,26594261,40749230,26594261,14154969,40749230,2135302,961323,3096625,12741176,2.09,33142905,93
"4,061",10000000,26218170,49486874,26218170,23268704,49486874,9621104,974737,10595841,12231160,2.14,37684250,105
"4,062",10000000,25750528,25776955,25750528,26427,25776955,,,,5068165,5.08,87995933,91
"4,063",10000000,25358996,25358996,25358996,,,,,,8025910,3.16,58287837,101
"4,064",10000000,24397469,24660323,24397469,262854,24660323,11174431,1192491,12366922,11643342,2.1,33040786,112
"4,065",10000000,23591043,23591043,23591043,,,1198488,556451,1754939,11767210,2,29400165,96
"4,066",10000000,21590086,31556959,21590086,9966873,31556959,6948742,2478637,9427379,2215460,8.5,28627443,130
"4,067",10000000,21416355,68264973,21416355,46848618,68264973,9260444,2097030,11357474,11692415,1.83,29260876,94
"4,068",10000000,21216148,49503117,21216148,28286969,49503117,640351,426355,1066706,11404113,1.86,24943184,94
"4,069",10000000,21120616,28717667,21120616,7597051,28717667,512929,958461,1471390,1211345,3.32,25322220,98
"4,070",10000000,21098470,23026243,21098470,1927773,23026243,,,,224469,8.12,21098470,117
"4,071",10000000,20777061,38985577,20777061,18208516,38985577,1370521,1192335,2562856,9576057,2.17,25893258,89
"4,072",10000000,20766000,20766000,20766000,,,,,,4556083,4.56,71065856,103
"4,073",10000000,20603715,20603715,20603715,,,,,,3240695,6.36,59867388,108
"4,074",10000000,20384136,20384136,20384136,,,,,,10024648,2.03,38823491,96
"4,075",10000000,20342852,26716191,20342852,6373339,26716191,8707076,,8707076,4566293,4.46,33480287,105
"4,076",10000000,20342161,21851362,20342161,1509201,21851362,17120347,,17120347,10273477,1.98,31873323,80
"4,077",10000000,19843795,30143795,19843795,10300000,30143795,,,,6577961,3.02,45611107,84
"4,078",10000000,18297124,77959374,18297124,59662250,77959374,871739,600576,1472315,8070493,2.27,23397742,88
"4,079",10000000,18272447,18423914,18272447,151467,18423914,,,,5712485,3.2,48278661,123
"4,080",10000000,17657973,17657973,17657973,,,9013667,,9013667,220297,5.36,26511545,100
"4,081",10000000,17536256,17536256,17536256,,,,68296,68296,6891609,2.54,53250936,107
"4,082",10000000,17380866,17433072,17380866,52206,17433072,,,,7570366,2.3,29230089,107
"4,083",10000000,17156058,33856058,17156058,16700000,33856058,1428898,776339,2205237,5605051,3.06,20189733,110
"4,084",10000000,17105219,19080435,17105219,1975216,19080435,,,,43666,4.57,36307396,
"4,085",10000000,16667084,16668089,16667084,1005,16668089,,,,3731520,4.47,42576095,96
"4,086",10000000,16535005,19535005,16535005,3000000,19535005,,,,5300980,3.12,27807689,100
"4,087",10000000,16153000,16153000,16153000,,,,,,4387360,3.68,41262876,129
"4,088",10000000,16033556,17033556,16033556,1000000,17033556,,,,7017474,2.28,29749005,81
"4,089",10000000,15861566,16891011,15861566,1029445,16891011,1346515,1026465,2372980,7004254,2.26,19767361,118
"4,090",10000000,15532137,30792024,15532137,15259887,30792024,1144007,1313767,2457774,3153456,4.93,16463755,99
"4,091",10000000,15417771,28649556,15417771,13231785,28649556,,,,5161498,2.99,27562778,84
"4,092",10000000,15198912,15198912,15198912,,,,,,2351112,6.46,60908649,99
"4,093",10000000,15164492,15164492,15164492,,,,,,5765300,2.63,32179766,110
"4,094",10000000,15122676,15297318,15122676,174642,15297318,,,,5642137,2.68,21736328,89
"4,095",10000000,14597405,34240572,14597405,19643167,34240572,6517418,1537595,8055013,1750507,8.34,19814610,99
"4,096",10000000,14482031,27317872,14482031,12835841,27317872,2430307,988377,3418684,3001738,4.82,18922975,106
"4,097",10000000,13744960,40744960,13744960,27000000,40744960,,,,780408,5.85,23115543,106
"4,098",10000000,13684949,13684949,13684949,,,,,,5706332,2.4,25391341,75
"4,099",10000000,13631124,17901314,13631124,4270190,17901314,691985,417709,1109694,5361937,2.54,16041858,91
"4,100",10000000,12611536,18968326,12611536,6356790,18968326,41513,43859,85372,5823006,2.17,14809618,86
"4,101",10000000,12589255,17300838,12589255,4711583,17300838,5561437,,5561437,69100,3.48,20721898,96
"4,102",10000000,12554569,12554569,12554569,,,,,,3908725,3.21,29485456,108
"4,103",10000000,12008642,44567606,12008642,32558964,44567606,,,,11827,3.47,22875721,112
"4,104",10000000,11748661,11924041,11748661,175380,11924041,,,,4281388,2.74,19335957,111
"4,105",10000000,11560259,19860259,11560259,8300000,19860259,,,,4134977,2.8,22017589,87
"4,106",10000000,11546543,11546543,11546543,,,,419804,419804,3845278,3,23093078,102
"4,107",10000000,10827813,12179708,10827813,1351895,12179708,,,,4231727,2.56,22977128,89
"4,108",10000000,10576669,28039038,10576669,17462369,28039038,865541,666930,1532471,229292,3.34,12710860,94
"4,109",10000000,10571408,10571408,10571408,,,,,,3986269,2.65,22433018,98
"4,110",10000000,10205616,10268749,10205616,63133,10268749,,,,4446190,2.3,12010537,133
"4,111",10000000,10162034,13835130,10162034,3673096,13835130,,,,124011,10.39,23357500,110
"4,112",10000000,10055355,27365788,10055355,17310433,27365788,896637,816880,1713517,234482,2.09,11807916,119
"4,113",10000000,10019109,10019109,10019109,,,,,,87133,11.32,21261017,126
"4,114",10000000,9949470,21094974,9949470,11145504,21094974,,,,3245853,3.07,22868929,111
"4,115",10000000,9408183,9424052,9408183,15869,9424052,,,,4171226,2.26,16331754,89
"4,116",10000000,8840453,31164747,8840453,22324294,31164747,2400830,1142503,3543333,4805878,1.84,11722021,97
"4,117",10000000,8803865,12517379,8803865,3713514,12517379,641673,97235,738908,161510,6.1,10409610,106
"4,118",10000000,8801940,8802428,8801940,488,8802428,,,,2837978,3.1,28239558,114
"4,119",10000000,8525600,8629895,8525600,104295,8629895,5606597,1435016,7041613,4043495,2.11,11648415,90
"4,120",10000000,8112414,14156753,8112414,6044339,14156753,,,,100512,7.53,14500889,97
"4,121",10000000,7779614,7843145,7779614,63531,7843145,2300749,1912066,4212815,113301,3.04,10264899,89
"4,122",10000000,7582065,17503828,7582065,9921763,17503828,,,,227688,5.27,9695683,94
"4,123",10000000,7570127,21596074,7570127,14025947,21596074,8707037,,8707037,4025115,1.88,11365731,95
"4,124",10000000,7316658,8378853,7316658,1062195,8378853,,,,2823548,2.59,13935252,92
"4,125",10000000,7078738,11766959,7078738,4688221,11766959,2023475,956674,2980149,3822803,1.85,9586525,101
"4,126",10000000,7027762,14321070,7027762,7293308,14321070,3815731,,3815731,3582554,1.96,11559944,93
"4,127",10000000,6900335,11360665,6900335,4460330,11360665,1124253,830347,1954600,3613567,1.91,8599368,91
"4,128",10000000,6861102,7862131,6861102,1001029,7862131,1857610,768680,2626290,302968,7.45,9326942,87
"4,129",10000000,6810754,8890094,6810754,2079340,8890094,2837498,1041511,3879009,3104269,2.19,9223605,82
"4,130",10000000,6809080,10290831,6809080,3481751,10290831,,,,2554766,2.67,8057285,113
"4,131",10000000,6719864,6719864,6719864,,,,,,156076,5.01,15340112,119
"4,132",10000000,6713826,17968934,6713826,11255108,17968934,,,,2500295,2.69,6713827,103
"4,133",10000000,6501381,8259753,6501381,1758372,8259753,144609,62599,207208,2798229,2.32,7693179,98
"4,134",10000000,6491969,6491969,6491969,,,,,,2461252,2.64,11269466,74
"4,135",10000000,6197866,6230266,6197866,32400,6230266,,,,92312,10.59,12929791,112
"4,136",10000000,6044618,6244618,6044618,200000,6244618,,,,2704682,2.23,11215307,98
"4,137",10000000,6003262,33512260,6003262,27508998,33512260,5815207,,5815207,2340743,2.56,9013255,100
"4,138",10000000,6000000,6000000,6000000,,,,,,407464,14.73,23266183,79
"4,139",10000000,5637066,9271825,5637066,3634759,9271825,,,,72459,3.81,7208489,106
"4,140",10000000,5490423,7037886,5490423,1547463,7037886,25362415,,25362415,110326,3.33,8602720,126
"4,141",10000000,5470235,29062674,5470235,23592439,29062674,872067,683119,1555186,78104,4.43,6439185,98
"4,142",10000000,5241315,5241315,5241315,,,,,,2212535,2.37,10482623,99
"4,143",10000000,5005465,15121528,5005465,10116063,15121528,,,,121504,9.46,6838897,119
"4,144",10000000,4711220,4711220,4711220,,,,,,1172942,4.02,13174206,105
"4,145",10000000,4589490,4730228,4589490,140738,4730228,607885,2110280,2718165,93520,17.93,5397740,95
"4,146",10000000,4376820,4376820,4376820,,,,,,2156272,2.03,5150878,99
"4,147",10000000,4365455,16222303,4365455,11856848,16222303,,,,2307063,1.89,8314409,85
"4,148",10000000,4288104,4797845,4288104,509741,4797845,,,,1424540,3.01,5153368,105
"4,149",10000000,4286367,6601992,4286367,2315625,6601992,1036864,450997,1487861,1719902,2.49,5072119,110
"4,150",10000000,4269426,4708127,4269426,438701,4708127,,,,855709,4.99,5781961,83
"4,151",10000000,4095431,7960474,4095431,3865043,7960474,,,,2123463,1.93,4846181,117
"4,152",10000000,4073448,9263940,4073448,5190492,9263940,,,,93728,4.27,5076496,110
"4,153",10000000,3877922,12382122,3877922,8504200,12382122,401743,114738,516481,80325,7.61,4832825,108
"4,154",10000000,3818664,4563080,3818664,744416,4563080,1263242,916157,2179399,2182216,1.75,4758982,91
"4,155",10000000,3400278,5437126,3400278,2036848,5437126,459910,615266,1075176,312355,5.21,4237564,116
"4,156",10000000,3357324,3412380,3357324,55056,3412380,,,,738339,4.55,7968684,100
"4,157",10000000,3336053,3336053,3336053,,,,,,1751572,1.9,4517920,112
"4,158",10000000,3275585,3275585,3275585,,,,,,1225737,2.67,8654604,109
"4,159",10000000,3193102,6030047,3193102,2836945,6030047,,,,187122,8.43,6754877,89
"4,160",10000000,3128941,3185717,3128941,56776,3185717,436067,244097,680164,1154303,2.71,4128514,102
"4,161",10000000,3041803,5149131,3041803,2107328,5149131,,,,45039,14.48,5809514,140
"4,162",10000000,3000000,3000000,3000000,,,,77267,77267,1377691,2.18,8271095,92
"4,163",10000000,2893666,3260179,2893666,366513,3260179,,,,80602,23.98,4618174,120
"4,164",10000000,2529395,2529395,2529395,,,,,,1415023,1.79,3438443,96
"4,165",10000000,2394725,2678525,2394725,283800,2678525,,,,1357243,1.76,2984400,103
"4,166",10000000,2185266,2373937,2185266,188671,2373937,,,,190720,3.84,4370525,135
"4,167",10000000,2000000,11400000,2000000,9400000,11400000,,,,439564,4.55,7755391,
"4,168",10000000,1930282,3623609,1930282,1693327,3623609,2407366,697483,3104849,87946,4.16,2559463,105
"4,169",10000000,1822250,6646669,1822250,4824419,6646669,613917,277265,891182,53008,9.35,2330226,129
"4,170",10000000,1799322,3793739,1799322,1994417,3793739,339613,309783,649396,994430,1.81,2162393,90
"4,171",10000000,1759252,1884251,1759252,124999,1884251,,,,62087,5.2,2391511,98
"4,172",10000000,1641788,1641788,1641788,,,,,,189350,8.67,2935060,
"4,173",10000000,1638202,1638202,1638202,,,,,,703109,2.33,3276398,101
"4,174",10000000,1562800,3311924,1562800,1749124,3311924,,,,42864,6.6,2809311,
"4,175",10000000,1475746,3541565,1475746,2065819,3541565,,,,507082,2.91,2016291,96
"4,176",10000000,1430721,32430721,1430721,31000000,32430721,,,,643000,2.23,2354675,
"4,177",10000000,1291645,4659110,1291645,3367465,4659110,,,,37864,6.62,1749227,102
"4,178",10000000,1279681,7582196,1279681,6302515,7582196,73505,59507,133012,408891,3.13,1537896,110
"4,179",10000000,1276984,1953882,1276984,676898,1953882,,,,127141,5.85,2553965,
"4,180",10000000,1069454,1069454,1069454,,,634455,,634455,78480,5.19,1411102,110
"4,181",10000000,1011054,1147871,1011054,136817,1147871,,,,33287,14.8,1807483,104
"4,182",10000000,952820,1051907,952820,99087,1051907,,,,478910,1.99,1492933,
"4,183",10000000,900926,900926,900926,,,,,,508601,1.77,1411619,
"4,184",10000000,866778,22198996,866778,21332218,22198996,,,,74146,8.4,1301372,
"4,185",10000000,836641,836641,836641,,,,,,53264,7.17,1775391,
"4,186",10000000,749641,2536707,749641,1787066,2536707,2633047,641263,3274310,61136,12.26,1015217,122
"4,187",10000000,657511,714255,657511,56744,714255,,,,250160,2.63,696949,124
"4,188",10000000,641439,1616353,641439,974914,1616353,1637143,645990,2283133,310246,2.07,850510,94
"4,189",10000000,598645,611032,598645,12387,611032,,,,354052,1.69,1110739,90
"4,190",10000000,580862,1299855,580862,718993,1299855,1202521,,1202521,35336,7.16,872102,
"4,191",10000000,488872,42776032,488872,42287160,42776032,,,,39167,12.26,848634,113
"4,192",10000000,366301,630427,366301,264126,630427,,,,50601,4.45,635837,
"4,193",10000000,268461,1165102,268461,896641,1165102,,,,35814,6.33,420636,
"4,194",10000000,245359,5045359,245359,4800000,5045359,,,,25696,7.46,534419,
"4,195",10000000,244465,244465,244465,,,,,,,6.35,561897,
"4,196",10000000,228524,290875,228524,62351,290875,,,,4696,6.38,384566,
"4,197",10000000,226792,2151098,226792,1924306,2151098,,,,113512,2,431944,86
"4,198",10000000,221805,295750,221805,73945,295750,,,,4675,4.07,318808,
"4,199",10000000,173472,173472,173472,,,,,,83586,2.08,230013,125
"4,200",10000000,152857,355919,152857,203062,355919,,,,42145,3.63,208841,110
"4,201",10000000,150191,150191,150191,,,,,,32111,2.34,187173,84
"4,202",10000000,141108,721108,141108,580000,721108,,,,97764,1.44,202815,
"4,203",10000000,139034,248133,139034,109099,248133,,,,82832,1.68,188283,100
"4,204",10000000,137221,5950002,137221,5812781,5950002,,,,8316,3.51,214996,
"4,205",10000000,131719,241719,131719,110000,241719,,,,19253,6.84,216775,
"4,206",10000000,128486,42226657,128486,42098171,42226657,,,,4775,7.57,175542,
"4,207",10000000,126247,126247,126247,,,,,,,,333555,
"4,208",10000000,109383,109383,109383,,,,,,82739,1.32,149443,128
"4,209",10000000,100688,106460,100688,5772,106460,,,,34712,2.9,137564,90
"4,210",10000000,93388,723388,93388,630000,723388,,,,50081,1.86,134222,
"4,211",10000000,76289,385651,76289,309362,385651,539719,557160,1096879,5936,12.85,89776,96
"4,212",10000000,70527,91201,70527,20674,91201,,,,41788,1.69,122428,
"4,213",10000000,67657,197901,67657,130244,197901,406486,62959,469445,,15.45,88170,105
"4,214",10000000,47305,47305,47305,,,,,,,3.14,64303,98
"4,215",10000000,45779,45779,45779,,,,,,20000,2.29,105213,86
"4,216",10000000,19716,19716,19716,,,,,,13323,1.48,28330,
"4,217",10000000,17472,161097,17472,143625,161097,826245,167430,993675,17472,1,22336,111
"4,218",10000000,11894,11894,11894,,,,,,,242.73,15200,81
"4,219",10000000,9069,9069,9069,,,,,,5702,1.59,13033,85
"4,220",10000000,6422,1537479,6422,1531057,1537479,,,,1322,3.08,10058,93
"4,221",10000000,4803,17704131,4803,17699328,17704131,,,,1191,3.17,6554,108
"4,222",10000000,388,247565,388,247177,247565,,,,,,507,98
"4,223",10000000,0,39526616,,39526616,39526616,,,,,,,75
"4,224",10000000,0,15037867,,15037867,15037867,,,,,,,
"4,225",10000000,0,8243567,,8243567,8243567,,,,,,,
"4,226",10000000,0,6998359,,6998359,6998359,102791,53595,156386,,,,90
"4,227",10000000,0,2341218,,2341218,2341218,1227050,658821,1885871,,,251,94
"4,228",10000000,0,2237618,,2237618,2237618,,,,,,,111
"4,229",10000000,0,1642939,,1642939,1642939,,,,,,,99
"4,230",10000000,0,1230542,,1230542,1230542,,,,,,,
"4,231",10000000,0,997921,,997921,997921,,,,,,,
"4,232",10000000,0,575371,,575371,575371,21046,,21046,,,,102
"4,233",10000000,0,391845,,391845,391845,,,,,,,
"4,234",10000000,0,379584,,379584,379584,295022,,295022,,,,84
"4,235",10000000,0,360898,,360898,360898,42738,,42738,,,,
"4,236",10000000,0,200447,,200447,200447,,,,,,,94
"4,237",10000000,0,90909,,90909,90909,,,,,,,106
"4,238",10000000,0,53559,,53559,53559,,,,,,,134
"4,239",10000000,0,0,,,,5474020,,5474020,,,,
"4,240",10000000,0,0,,,,,,,,,,
"4,241",10000000,0,0,,,,,,,,,,
"4,242",10000000,0,0,,,,,,,,,,89
"4,243",10000000,0,0,,,,,,,,,,89
"4,244",10000000,0,0,,,,,,,,,,108
"4,245",10000000,0,0,,,,,,,,,,
"4,246",10000000,0,0,,,,,,,,,,98
"4,247",10000000,0,0,,,,,,,,,,97
"4,248",9900000,3759078,11310835,3759078,7551757,11310835,401306,230355,631661,2002863,1.88,4517596,92
"4,249",9900000,458054,458054,458054,,,,,,,5.73,625833,
"4,250",9800000,16044025,17553055,16044025,1509030,17553055,10803654,2137942,12941596,5722039,2.8,23060608,106
"4,251",9700000,6738954,36787044,6738954,30048090,36787044,,,,68266,9.41,8944338,127
"4,252",9600000,2541854,6842580,2541854,4300726,6842580,181026,205123,386149,66232,2.9,3249620,125
"4,253",9600000,2484186,5256839,2484186,2772653,5256839,,,,191560,11.84,4088477,
"4,254",9500000,57176582,59675307,57176582,2498725,59675307,,,,16918226,3.38,114353162,
"4,255",9500000,43100000,111600000,43100000,68500000,111600000,,,,,,,117
"4,256",9500000,14114000,14114000,14114000,,,,,,4344308,3.25,37019199,98
"4,257",9500000,12391761,305149461,12391761,292757700,305149461,,,,3248481,3.81,15302372,201
"4,258",9500000,3573673,5278632,3573673,1704959,5278632,5789656,1050247,6839903,805115,4.44,4882661,107
"4,259",9500000,115155,119955,115155,4800,119955,,,,11502,3.77,165516,89
"4,260",9500000,0,48314840,,48314840,48314840,99050,,99050,,,,120
"4,261",9500000,0,0,,,,,,,,,,88
"4,262",9500000,0,0,,,,,,,,,,97
"4,263",9400000,46300000,60000000,46300000,13700000,60000000,,3772865,3772865,,,,205
"4,264",9400000,12899867,87226613,12899867,74326746,87226613,,,,197703,11.31,20587493,121
"4,265",9400000,3030848,21788107,3030848,18757259,21788107,3178558,1376498,4555056,257174,8.98,4117486,135
"4,266",9400000,0,4920099,,4920099,4920099,858832,1499193,2358025,,,,107
"4,267",9300000,19571091,19571091,19571091,,,,,,3261186,6,75890769,90
"4,268",9300000,2542518,3184180,2542518,641662,3184180,,,,432968,5.66,2985650,111
"4,269",9200000,3047539,5806666,3047539,2759127,5806666,,,,1283585,2.37,4127188,176
"4,270",9200000,2684904,4199334,2684904,1514430,4199334,,,,91915,6.59,6564945,104
"4,271",9200000,1685269,17155193,1685269,15469924,17155193,,,,959329,1.76,2302554,131
"4,272",9100000,2339735,16517708,2339735,14177973,16517708,326525,212155,538680,50934,18.5,2852582,130
"4,273",9100000,0,20927794,,20927794,20927794,,,,,,,
"4,274",9100000,0,18872126,,18872126,18872126,,,,,,,110
"4,275",9100000,0,14709816,,14709816,14709816,38200,16140,54340,,,,78
"4,276",9000000,138141585,278754594,138141585,140613009,278754594,8239012,8005238,16244250,40010975,3.45,166016301,116
"4,277",9000000,80571655,107967319,80571655,27395664,107967319,,,,28094014,2.87,144034911,98
"4,278",9000000,80500000,80501127,80500000,1127,80501127,,,,,46.61,,181
"4,279",9000000,71562550,111534881,71562550,39972331,111534881,7273836,4766470,12040306,29816675,2.4,94424025,103
"4,280",9000000,63600000,141200000,63600000,77600000,141200000,,,,,,,130
"4,281",9000000,57000756,155615727,57000756,98614971,155615727,1223754,1565197,2788951,18238172,3.13,67199469,109
"4,282",9000000,54733739,123233739,54733739,68500000,123233739,3861968,1739941,5601909,26347631,2.08,64413723,93
"4,283",9000000,52597610,83051676,52597610,30454066,83051676,17455151,,17455151,20997985,2.5,78969666,85
"4,284",9000000,36049108,36049108,36049108,,,,,,8812105,4.09,87793290,123
"4,285",9000000,35144505,81831866,35144505,46687361,81831866,1491720,821367,2313087,14065500,2.5,43798579,99
"4,286",9000000,34102780,34572780,34102780,470000,34572780,,,,9031660,3.78,72268937,120
"4,287",9000000,33244684,44196684,33244684,10952000,44196684,,,,6583963,5.05,87551991,87
"4,288",9000000,28148130,64686515,28148130,36538385,64686515,1060406,1334539,2394945,9497665,2.96,33126293,100
"4,289",9000000,27426363,46713431,27426363,19287068,46713431,570719,2460073,3030792,6560030,4.18,32276872,147
"4,290",9000000,24538513,36535837,24538513,11997324,36535837,18423479,,18423479,68969,5.45,38448422,113
"4,291",9000000,21571189,21971021,21571189,399832,21971021,4480408,1009141,5489549,6213362,3.47,27584500,121
"4,292",9000000,20035310,20035310,20035310,,,,,,7602507,2.64,40070618,
"4,293",9000000,18225165,19474552,18225165,1249387,19474552,,,,5480378,3.33,31637241,88
"4,294",9000000,17804273,17804273,17804273,,,,,,5363900,3.32,35608539,126
"4,295",9000000,16963963,28773637,16963963,11809674,28773637,,,,6722884,2.52,33927916,120
"4,296",9000000,16235738,16235738,16235738,,,30135245,,30135245,3723364,4.36,26300990,91
"4,297",9000000,14431633,19096003,14431633,4664370,19096003,1687535,1332049,3019584,4754215,3.04,17984209,99
"4,298",9000000,13960394,36588512,13960394,22628118,36588512,829996,626422,1456418,278715,8.98,17065010,99
"4,299",9000000,13075390,13075390,13075390,,,,,,4358022,3,41950208,91
"4,300",9000000,12232382,12512317,12232382,279935,12512317,,,,5088577,2.4,21234304,85
"4,301",9000000,11862398,17462398,11862398,5600000,17462398,,,,5961231,1.99,16125683,100
"4,302",9000000,10475990,12624174,10475990,2148184,12624174,485498,254456,739954,3119875,3.36,12190930,96
"4,303",9000000,10161099,10176701,10161099,15602,10176701,,,,,23.73,26623388,137
"4,304",9000000,7710234,12898064,7710234,5187830,12898064,1734446,631590,2366036,159615,4.55,9598695,123
"4,305",9000000,6623082,10642023,6623082,4018941,10642023,,,,151859,12.66,10072735,114
"4,306",9000000,6126237,12657377,6126237,6531140,12657377,,,,2404557,2.55,10952038,80
"4,307",9000000,6047856,13061935,6047856,7014079,13061935,,,,2150979,2.81,12095710,119
"4,308",9000000,4950029,6750029,4950029,1800000,6750029,,,,2511530,1.97,5825469,120
"4,309",9000000,4886216,4934104,4886216,47888,4934104,,,,439925,2.88,7336124,92
"4,310",9000000,4777465,5512151,4777465,734686,5512151,,,,306705,6.3,8857710,98
"4,311",9000000,4333569,4333569,4333569,,,,,,2129483,2.04,11449966,79
"4,312",9000000,3548238,3548238,3548238,,,,,,,,9306568,122
"4,313",9000000,3438735,3438735,3438735,,,,,,1241079,2.77,5388016,118
"4,314",9000000,3134509,3134509,3134509,,,,,,1409433,2.22,6269012,112
"4,315",9000000,2956339,3922043,2956339,965704,3922043,,,,1355904,2.18,4632166,95
"4,316",9000000,2450867,20395040,2450867,17944173,20395040,,,,38372,8.39,3249728,99
"4,317",9000000,2000093,2000093,2000093,,,2300447,215652,2516099,627974,3.18,2492595,131
"4,318",9000000,1533324,5865489,1533324,4332165,5865489,,,,55347,6.07,1806092,123
"4,319",9000000,1530535,2548378,1530535,1017843,2548378,,,,180271,4.22,2518952,
"4,320",9000000,1069318,1069318,1069318,,,,,,676048,1.58,1798320,
"4,321",9000000,1053788,4313644,1053788,3259856,4313644,,,,301787,3.49,2422137,
"4,322",9000000,883887,883887,883887,,,,,,186995,4.73,1207640,
"4,323",9000000,475488,475488,475488,,,,,,301028,1.58,503997,116
"4,324",9000000,454255,461581,454255,7326,461581,,,,45904,8.74,812079,185
"4,325",9000000,349618,349618,349618,,,,,,,,895214,120
"4,326",9000000,248795,7704357,248795,7455562,7704357,87566,55885,143451,20249,9.4,310054,115
"4,327",9000000,208163,208163,208163,,,,,,19154,10.07,284409,105
"4,328",9000000,184255,186240,184255,1985,186240,,8622,8622,25890,4.55,339742,128
"4,329",9000000,148826,148826,148826,,,,,,14526,10.25,203332,102
"4,330",9000000,148089,1635241,148089,1487152,1635241,,,,15254,7.83,212851,
"4,331",9000000,70066,85527,70066,15461,85527,,,,,3.34,95726,105
"4,332",9000000,14443,14443,14443,,,,,,2716,5.32,23296,86
"4,333",9000000,3190,580897,3190,577707,580897,,,,1691,1.89,3751,85
"4,334",9000000,1242,1242,1242,,,981157,280286,1261443,162,2.44,1585,95
"4,335",9000000,0,15660664,,15660664,15660664,,,,,,,95
"4,336",9000000,0,3440939,,3440939,3440939,274638,68478,343116,,,,122
"4,337",9000000,0,2243,,2243,2243,,,,,,,103
"4,338",9000000,0,0,,,,,,,,,,98
"4,339",9000000,0,0,,,,1688590,477977,2166567,,,,100
"4,340",8900000,176988,22744132,176988,22567144,22744132,,,,16568,6.1,239683,127
"4,341",8900000,50136,3324131,50136,3273995,3324131,1019231,571325,1590556,28688,1.75,64109,90
"4,342",8900000,0,0,,,,284528,87339,371867,,,,76
"4,343",8800000,174803506,328203506,174803506,153400000,328203506,,,,8038855,16.55,501199531,97
"4,344",8800000,0,624747,,624747,624747,,,,,,,100
"4,345",8800000,0,0,,,,,,,,,,
"4,346",8700000,127910,19499856,127910,19371946,19499856,87658,75283,162941,10422,6.46,157086,116
"4,347",8600000,14373825,32968648,14373825,18594823,32968648,13664432,,13664432,5856872,2.45,22506398,84
"4,348",8600000,540268,54500169,540268,53959901,54500169,46414,44837,91251,165685,3.26,673297,140
"4,349",8500000,51048435,51048857,51048435,422,51048857,,224092,224092,,,,138
"4,350",8500000,47695371,77733867,47695371,30038496,77733867,2334893,1609979,3944872,256498,11.23,58585290,137
"4,351",8500000,39471742,47417251,39471742,7945509,47417251,16378477,3535412,19913889,82664,9.25,53979589,112
"4,352",8500000,35202562,47445905,35202562,12243343,47445905,,,,11825058,2.98,35202562,91
"4,353",8500000,35161554,68695443,35161554,33533889,68695443,27396110,,27396110,14611273,2.41,52791299,98
"4,354",8500000,34030343,43528634,34030343,9498291,43528634,6371486,1591071,7962557,10809149,3.15,43516855,100
"4,355",8500000,33112052,33283628,33112052,171576,33283628,,,,5236318,6.32,90824615,97
"4,356",8500000,32381218,50334418,32381218,17953200,50334418,3041351,2845926,5887277,10441000,3.1,42709562,117
"4,357",8500000,30376755,122740616,30376755,92363861,122740616,2425874,10681100,13106974,9816197,3.09,35749056,100
"4,358",8500000,29200000,29200000,29200000,,,,277598,277598,793063,36.82,125408763,134
"4,359",8500000,21569509,22885836,21569509,1316327,22885836,4239821,800534,5040355,9031102,2.39,28600159,96
"4,360",8500000,20007149,23311293,20007149,3304144,23311293,2520459,870257,3390716,6878437,2.91,24933763,92
"4,361",8500000,15024232,15024232,15024232,,,,,,3871766,3.88,38470597,92
"4,362",8500000,14943582,17202854,14943582,2259272,17202854,,128083,128083,119080,4.73,31710987,
"4,363",8500000,13610521,20288774,13610521,6678253,20288774,10099013,,10099013,248552,7.94,21325783,122
"4,364",8500000,11647099,11663715,11647099,16616,11663715,,,,3078758,3.78,11647099,129
"4,365",8500000,6263670,10386814,6263670,4123144,10386814,3856871,1187030,5043901,93583,5.21,8303909,107
"4,366",8500000,5001655,7573551,5001655,2571896,7573551,,,,3035688,1.65,8682417,104
"4,367",8500000,4444637,17220091,4444637,12775454,17220091,,,,189703,6.21,6388422,119
"4,368",8500000,4273372,4273372,4273372,,,,,,2414596,1.77,8139029,104
"4,369",8500000,1109199,3180252,1109199,2071053,3180252,168826,380663,549489,69302,2.31,1463536,102
"4,370",8500000,298347,30298347,298347,30000000,30298347,,,,,4.07,517893,
"4,371",8500000,140244,198883,140244,58639,198883,,,,53684,2.61,210555,
"4,372",8500000,0,30723013,,30723013,30723013,,,,,,,114
"4,373",8500000,0,1353287,,1353287,1353287,,,,,,,83
"4,374",8470000,4046336,42355526,4046336,38309190,42355526,,,,1944027,2.08,5528458,161
"4,375",8400000,1207007,6831069,1207007,5624062,6831069,,,,578224,2.09,1891211,136
"4,376",8300000,3827466,50827466,3827466,47000000,50827466,,,,1568677,2.44,5075041,159
"4,377",8300000,2160710,2598224,2160710,437514,2598224,,,,139634,7.74,4585122,126
"4,378",8300000,2005481,3299430,2005481,1293949,3299430,,,,134447,4.34,2125040,108
"4,379",8300000,1829142,25170688,1829142,23341546,25170688,,,,76190,12.57,2866003,128
"4,380",8300000,493296,1353296,493296,860000,1353296,,,,24401,7.24,673976,118
"4,381",8300000,0,24906717,,24906717,24906717,,,,,,,
"4,382",8250000,30000000,30029100,30000000,29100,30029100,,,,,,,171
"4,383",8200000,163214286,286213233,163214286,122998947,286213233,,,,,,,174
"4,384",8200000,80000000,80009427,80000000,9427,80009427,,,,8556935,9.35,256666658,110
"4,385",8200000,0,19637575,,19637575,19637575,,,,,,,
"4,386",8000000,107928762,212891598,107928762,104962836,212891598,,,,9311882,11.59,277904843,155
"4,387",8000000,90815558,90858381,90815558,42823,90858381,,,,5031753,17.15,291366572,126
"4,388",8000000,76657000,76657000,76657000,,,,3792391,3792391,,,329228067,95
"4,389",8000000,62599495,62599495,62599495,,,,,,6174059,9.39,200840046,109
"4,390",8000000,59891098,100642353,59891098,40751255,100642353,55547128,,55547128,370998,7.86,98537113,102
"4,391",8000000,58401464,76200721,58401464,17799257,76200721,23601115,4071258,27672373,17734040,3.29,79793129,92
"4,392",8000000,52287414,52289686,52287414,2272,52289686,,,,251628,10.38,151252768,89
"4,393",8000000,45064915,82784517,45064915,37719602,82784517,,,,10061858,4.48,80563802,112
"4,394",8000000,43000000,43000459,43000000,459,43000459,,431167,431167,5306354,8.1,184677290,107
"4,395",8000000,40066497,50811858,40066497,10745361,50811858,,,,16123105,2.49,69551816,95
"4,396",8000000,35388976,40597401,35388976,5208425,40597401,3215504,843514,4059018,10855054,3.26,41647722,102
"4,397",8000000,35016118,41334735,35016118,6318617,41334735,6562319,3228252,9790571,8644095,4.05,47600718,100
"4,398",8000000,34873513,34873513,34873513,,,,,,9310414,3.75,85053499,
"4,399",8000000,29499394,37119358,29499394,7619964,37119358,3486270,1243316,4729586,8246267,3.58,37722821,104
"4,400",8000000,27362712,28315272,27362712,952560,28315272,,,,10738882,2.55,50765640,
"4,401",8000000,26124872,26354917,26124872,230045,26354917,,192703,192703,52568,31.19,67707692,140
"4,402",8000000,26068955,53068955,26068955,27000000,53068955,3488986,1328848,4817834,8742109,2.98,34396975,94
"4,403",8000000,25928550,47782426,25928550,21853876,47782426,7903992,,7903992,10447559,2.48,38928941,85
"4,404",8000000,24474312,24474312,24474312,,,,,,4758371,4.51,93157677,89
"4,405",8000000,22800000,82000000,22800000,59200000,82000000,,,,,,,142
"4,406",8000000,22549338,22549338,22549338,,,,,,,17.17,58715426,
"4,407",8000000,21706101,28876702,21706101,7170601,28876702,,,,,9.97,56385232,
"4,408",8000000,20036244,20036244,20036244,,,,612748,612748,5870889,3.41,73466217,120
"4,409",8000000,18848430,18959424,18848430,110994,18959424,26906737,,26906737,6011585,3.14,31020765,112
"4,410",8000000,18771004,49104745,18771004,30333741,49104745,,,,6503012,2.89,18771004,92
"4,411",8000000,18090181,18090181,18090181,,,,,,6667118,2.71,47654553,
"4,412",8000000,17843379,22591451,17843379,4748072,22591451,,,,6846112,2.61,37860837,91
"4,413",8000000,17550872,25621449,17550872,8070577,25621449,2961908,759765,3721673,232800,8,23271271,93
"4,414",8000000,17394881,17394881,17394881,,,,,,6752970,2.58,39982255,84
"4,415",8000000,16734283,29937909,16734283,13203626,29937909,19406566,,19406566,6741530,2.48,24052735,96
"4,416",8000000,16170632,67731796,16170632,51561164,67731796,5297171,1590344,6887515,134064,5.73,21336520,101
"4,417",8000000,15070285,34270285,15070285,19200000,34270285,,,,4961015,3.04,30140567,101
"4,418",8000000,15032800,18828036,15032800,3795236,18828036,46000577,,46000577,4581233,3.28,24740995,
"4,419",8000000,14018296,16585503,14018296,2567207,16585503,,,,151642,4.8,26009844,93
"4,420",8000000,12671300,12740705,12671300,69405,12740705,,,,,9.33,20854438,
"4,421",8000000,10273187,10629320,10273187,356133,10629320,26609025,5213613,31822638,546687,7.9,14743590,90
"4,422",8000000,10130219,10763183,10130219,632964,10763183,1581036,630552,2211588,4712638,2.15,13770965,103
"4,423",8000000,8864699,8864699,8864699,,,,,,2358988,3.76,23421922,110
"4,424",8000000,8279017,8279017,8279017,,,,,,108189,4.38,15782481,92
"4,425",8000000,6758416,9266180,6758416,2507764,9266180,664709,455360,1120069,196496,5.42,8642434,105
"4,426",8000000,6363628,6632950,6363628,269322,6632950,,,,2013406,3.16,8694534,100
"4,427",8000000,5696391,5696391,5696391,,,,,,1837768,3.1,19494315,128
"4,428",8000000,5656388,5656388,5656388,,,,,,2319236,2.44,13795436,
"4,429",8000000,5018450,10192613,5018450,5174163,10192613,,,,2008191,2.5,10036891,
"4,430",8000000,4714090,4714090,4714090,,,,,,1911007,2.47,9428177,89
"4,431",8000000,3915251,7298786,3915251,3383535,7298786,266826,632298,899124,2012709,1.95,4879351,120
"4,432",8000000,3759286,5706168,3759286,1946882,5706168,,,,135222,4.94,4691833,96
"4,433",8000000,3647381,19891331,3647381,16243950,19891331,,,,57010,9.64,6010184,118
"4,434",8000000,3205706,20005613,3205706,16799907,20005613,,,,111869,7.23,4358947,129
"4,435",8000000,3076425,42376425,3076425,39300000,42376425,,,,139571,8.82,5708064,111
"4,436",8000000,2275557,2275557,2275557,,,,84337,84337,,,5826719,78
"4,437",8000000,1793359,2256606,1793359,463247,2256606,,,,167364,3.39,4122046,104
"4,438",8000000,1453012,1472028,1453012,19016,1472028,,,,201951,3.62,1453012,86
"4,439",8000000,1400603,1400603,1400603,,,,9745,9745,703663,1.99,1648305,107
"4,440",8000000,1335672,15752575,1335672,14416903,15752575,,109696,109696,,11.05,1763403,130
"4,441",8000000,1163056,2985001,1163056,1821945,2985001,,,,46975,4.78,1376261,121
"4,442",8000000,1095369,15644196,1095369,14548827,15644196,,,,37563,11.48,1492426,113
"4,443",8000000,1071240,2476491,1071240,1405251,2476491,,,,39210,10.25,1608344,92
"4,444",8000000,855894,864907,855894,9013,864907,1170559,206248,1376807,,3.52,1005063,132
"4,445",8000000,690290,3582797,690290,2892507,3582797,,,,39826,12.22,943131,75
"4,446",8000000,685780,685780,685780,,,454967,245287,700254,338551,2.03,854638,104
"4,447",8000000,590817,590817,590817,,,,,,311253,1.9,1387580,106
"4,448",8000000,589308,589308,589308,,,,64895,64895,360772,1.63,2016733,98
"4,449",8000000,568932,973443,568932,404511,973443,,,,22806,7.49,936340,
"4,450",8000000,458232,458232,458232,,,,,,41811,7.78,717980,
"4,451",8000000,448009,1265119,448009,817110,1265119,,,,47180,2.15,526086,103
"4,452",8000000,336456,524747,336456,188291,524747,,,,28324,5.92,601007,108
"4,453",8000000,309768,10245743,309768,9935975,10245743,,,,28472,5.65,372266,66
"4,454",8000000,298110,456814,298110,158704,456814,,,,10203,28.82,467087,
"4,455",8000000,252676,433732,252676,181056,433732,,,,168575,1.5,298994,118
"4,456",8000000,163753,2772511,163753,2608758,2772511,,,,15467,4.89,222596,95
"4,457",8000000,146083,146083,146083,,,,,,20921,4.19,335765,
"4,458",8000000,127188,127188,127188,,,,,,48120,2.64,199279,
"4,459",8000000,109338,5314194,109338,5204856,5314194,,,,23174,4.72,149378,96
"4,460",8000000,109045,3270974,109045,3161929,3270974,,,,54244,2.01,163716,
"4,461",8000000,100915,2721534,100915,2620619,2721534,,,,8956,6.07,136658,128
"4,462",8000000,82703,17025444,82703,16942741,17025444,,,,35070,1.71,103068,103
"4,463",8000000,54702,143782,54702,89080,143782,,,,20774,2.63,90024,107
"4,464",8000000,53086,531139,53086,478053,531139,115144,58188,173332,2116,25.09,67882,97
"4,465",8000000,36884,3587191,36884,3550307,3587191,,,,36884,1,50138,98
"4,466",8000000,23106,446438,23106,423332,446438,,,,8222,2.81,38722,
"4,467",8000000,19585,2196117,19585,2176532,2196117,,,,19585,1,37299,124
"4,468",8000000,0,48000000,,48000000,48000000,,,,,,,133
"4,469",8000000,0,21970000,,21970000,21970000,,,,,,,114
"4,470",8000000,0,4604656,,4604656,4604656,20903,,20903,,,,89
"4,471",8000000,0,414617,,414617,414617,1465852,,1465852,,,,
"4,472",8000000,0,343773,,343773,343773,29707,34934,64641,,,,90
"4,473",8000000,0,242788,,242788,242788,,,,,,,118
"4,474",8000000,0,44197,,44197,44197,71874,35485,107359,,,,
"4,475",8000000,0,0,,,,,,,,,,
"4,476",8000000,0,0,,,,12521454,,12521454,,,,
"4,477",8000000,0,0,,,,46126,,46126,,,,
"4,478",8000000,0,0,,,,,,,,,,110
"4,479",8000000,0,0,,,,286729,40954,327683,,,,106
"4,480",8000000,0,0,,,,,,,,,,102
"4,481",8000000,0,0,,,,,,,,,,87
"4,482",7900000,672243,3129471,672243,2457228,3129471,,,,51907,5.53,1106373,
"4,483",7800000,10130108,24021282,10130108,13891174,24021282,,,,286950,10.04,18109872,102
"4,484",7800000,0,61925449,,61925449,61925449,,,,,,,133
"4,485",7793000,0,12196,,12196,12196,,,,,,,
"4,486",7700000,882290,882290,882290,,,,,,,,2253807,
"4,487",7700000,5336,1136918,5336,1131582,1136918,,,,,,6813,110
"4,488",7600000,103770,3396089,103770,3292319,3396089,24404,,24404,11653,5.2,122784,127
"4,489",7500000,106593296,106593296,106593296,,,,,,,10.84,272968066,99
"4,490",7500000,43492389,43492389,43492389,,,,,,11197897,3.88,102130927,114
"4,491",7500000,32425665,34515303,32425665,2089638,34515303,16232392,4113749,20346141,834501,8.67,46606489,95
"4,492",7500000,32281907,36238752,32281907,3956845,36238752,,,,9858380,3.27,78732786,106
"4,493",7500000,24793509,40016662,24793509,15223153,40016662,16741162,,16741162,262923,5.52,40805189,92
"4,494",7500000,17544812,33606409,17544812,16061597,33606409,16826693,,16826693,8203391,2.14,27490272,94
"4,495",7500000,12574914,29652736,12574914,17077822,29652736,3203448,,3203448,159017,13.8,17741023,95
"4,496",7500000,10823158,10849158,10823158,26000,10849158,,,,4340108,2.49,15556478,92
"4,497",7500000,10465659,11843260,10465659,1377601,11843260,,,,63303,3.7,18731069,105
"4,498",7500000,10284523,11758418,10284523,1473895,11758418,11087324,,11087324,229685,4.08,17288436,104
"4,499",7500000,5142858,5142858,5142858,,,,,,1075800,4.78,16499997,110
"4,500",7500000,4239767,4239767,4239767,,,,,,,6.43,7866554,102
"4,501",7500000,4151836,4151836,4151836,,,15102182,,15102182,2116692,1.96,6233535,97
"4,502",7500000,3347647,3347647,3347647,,,,,,251145,10.25,5692724,118
"4,503",7500000,3014696,8539003,3014696,5524307,8539003,,,,,4.33,4082709,113
"4,504",7500000,1333124,3559803,1333124,2226679,3559803,,,,589014,2.26,1661392,117
"4,505",7500000,533344,555335,533344,21991,555335,,,,30783,8.98,953469,112
"4,506",7500000,231346,8824873,231346,8593527,8824873,28750,51319,80069,52625,4.4,273747,107
"4,507",7500000,206400,206400,206400,,,,,,23929,8.63,381558,
"4,508",7500000,197148,1788324,197148,1591176,1788324,,,,20170,3.63,342222,
"4,509",7500000,5782,38354,5782,32572,38354,97988,,97988,,,5782,96
"4,510",7500000,0,10834406,,10834406,10834406,,,,,,,102
"4,511",7500000,0,13524,,13524,13524,6571,,6571,,,,101
"4,512",7500000,0,17,,17,17,,,,,,,88
"4,513",7500000,0,0,,,,90058,54247,144305,,,,104
"4,514",7500000,0,0,,,,,,,,,,95
"4,515",7400000,22395806,31187727,22395806,8791921,31187727,1243564,784283,2027847,13501349,1.66,26914911,96
"4,516",7400000,872643,9443864,872643,8571221,9443864,,,,425102,2.05,1367303,
"4,517",7303082,55334418,101173038,55334418,45838620,101173038,,,,9107071,6.08,93058501,112
"4,518",7300000,4443403,25397187,4443403,20953784,25397187,,,,88826,10.81,6691814,95
"4,519",7300000,1818681,12023606,1818681,10204925,12023606,,,,173353,10.49,2484833,103
"4,520",7300000,0,3364513,,3364513,3364513,,,,,,,96
"4,521",7250000,0,35122948,,35122948,35122948,,,,,,,107
"4,522",7200000,43800000,115999985,43800000,72199985,115999985,,,,,,,120
"4,523",7200000,12610552,12678312,12610552,67760,12678312,,,,2354362,5.36,26719362,100
"4,524",7200000,59774,295492,59774,235718,295492,,,,9821,6.09,81249,119
"4,525",7100000,130541,448641,130541,318100,448641,71959,19948,91907,12434,2.86,166928,108
"4,526",7000000,143495265,231450102,143495265,87954837,231450102,59547757,,59547757,413869,9.05,217503026,96
"4,527",7000000,136479994,270007394,136479994,133527400,270007394,,,,302393,25.93,,175
"4,528",7000000,113721571,170549753,113721571,56828182,170549753,37918129,8873371,46791500,39127170,2.91,154009861,109
"4,529",7000000,90463574,201463574,90463574,111000000,201463574,,,,4076124,19.39,309586443,95
"4,530",7000000,83482352,85783567,83482352,2301215,85783567,18951715,9998163,28949878,17108914,4.88,98785915,110
"4,531",7000000,79700000,79700000,79700000,,,,,,,,,121
"4,532",7000000,64914050,139011965,64914050,74097915,139011965,6795135,6746894,13542029,28205665,2.3,76228043,124
"4,533",7000000,45729221,92554209,45729221,46824988,92554209,2452143,1340187,3792330,13190286,3.47,53816703,116
"4,534",7000000,40940662,40940662,40940662,,,,,,99184,9.01,124321212,86
"4,535",7000000,40157856,40212480,40157856,54624,40212480,,,,,16.41,105382941,121
"4,536",7000000,37295394,38158601,37295394,863207,38158601,7850008,1587531,9437539,15215487,2.45,50699159,107
"4,537",7000000,35400000,161800000,35400000,126400000,161800000,,,,,,,121
"4,538",7000000,34099640,35795319,34099640,1695679,35795319,,,,56943,5.66,68199271,95
"4,539",7000000,32539681,47289758,32539681,14750077,47289758,,,,12024917,2.71,58172092,86
"4,540",7000000,32241649,55617866,32241649,23376217,55617866,13992148,,13992148,9764270,3.3,48407374,111
"4,541",7000000,31501218,56586901,31501218,25085683,56586901,22076138,,22076138,421446,10.27,52692241,100
"4,542",7000000,28750530,49924079,28750530,21173549,49924079,17057479,,17057479,324857,12.55,47746259,114
"4,543",7000000,26533200,26533200,26533200,,,,4938161,4938161,,,,144
"4,544",7000000,26441782,48518957,26441782,22077175,48518957,1018563,826710,1845273,12310420,2.15,31050367,110
"4,545",7000000,26024456,57051053,26024456,31026597,57051053,23402505,,23402505,8911330,2.92,42831085,100
"4,546",7000000,25532388,25532388,25532388,,,,,,7910446,3.23,63273361,105
"4,547",7000000,25000000,25000076,25000000,76,25000076,,,,,,,119
"4,548",7000000,24801212,36964656,24801212,12163444,36964656,2079857,1491528,3571385,446380,5.44,29805697,101
"4,549",7000000,24567751,51203507,24567751,26635756,51203507,,,,730265,8.73,59870578,95
"4,550",7000000,23247539,23393939,23247539,146400,23393939,,,,7562284,3.07,44277114,94
"4,551",7000000,21000000,97600000,21000000,76600000,97600000,,,,,,,125
"4,552",7000000,20257000,20274718,20257000,17718,20274718,,,,5424783,3.73,52907572,96
"4,553",7000000,19910002,19910002,19910002,,,,,,4384369,4.54,68136445,97
"4,554",7000000,18642318,19276267,18642318,633949,19276267,,,,578141,26.56,36874963,46
"4,555",7000000,17506470,18190831,17506470,684361,18190831,1293292,1089451,2382743,6100010,2.87,17506470,103
"4,556",7000000,17259427,33183640,17259427,15924213,33183640,1517434,3168205,4685639,7845658,2.2,20311848,90
"4,557",7000000,17044981,20940428,17044981,3895447,20940428,,,,7067335,2.41,28665346,
"4,558",7000000,15821461,36146087,15821461,20324626,36146087,2583034,1422894,4005928,8308220,1.9,20875804,89
"4,559",7000000,14853474,16149180,14853474,1295706,16149180,,,,164458,4.92,36226341,
"4,560",7000000,14618727,14618727,14618727,,,2223102,540666,2763768,6200284,2.36,19286638,116
"4,561",7000000,14231669,14231669,14231669,,,,383889,383889,4515541,3.15,36968037,86
"4,562",7000000,14026509,15471229,14026509,1444720,15471229,,,,4220297,3.32,29764906,104
"4,563",7000000,12634962,17005466,12634962,4370504,17005466,,,,3460666,3.65,22587873,89
"4,564",7000000,10803211,10803211,10803211,,,,,,4013563,2.69,32805243,95
"4,565",7000000,10199354,13860078,10199354,3660724,13860078,,,,5683280,1.79,18233669,90
"4,566",7000000,9228788,30360570,9228788,21131782,30360570,5334052,1279469,6613521,251337,8.44,13262117,105
"4,567",7000000,9176933,10828305,9176933,1651372,10828305,3646108,1272563,4918671,88182,5.6,12537851,100
"4,568",7000000,9176000,28142379,9176000,18966379,28142379,4165413,1114431,5279844,217332,10.88,12660064,100
"4,569",7000000,8824553,8824553,8824553,,,,,,,12.29,22595883,103
"4,570",7000000,8373585,8373585,8373585,,,,,,401211,20.87,21962827,163
"4,571",7000000,7468936,10062896,7468936,2593960,10062896,,,,181716,5.83,10204704,92
"4,572",7000000,7309628,7824358,7309628,514730,7824358,,,,3370662,2.17,15511374,96
"4,573",7000000,6601079,25269040,6601079,18667961,25269040,,,,385848,7.71,11101341,
"4,574",7000000,6199600,16866928,6199600,10667328,16866928,,,,88352,14.27,11197111,93
"4,575",7000000,5694308,5694308,5694308,,,,,,2756661,2.07,8922186,93
"4,576",7000000,5664763,9353729,5664763,3688966,9353729,346622,,346622,111200,4.09,6815752,118
"4,577",7000000,5430822,5430822,5430822,,,,103629,103629,2224485,2.44,14107042,90
"4,578",7000000,5017971,5017971,5017971,,,,,,,14.06,12848865,117
"4,579",7000000,4720371,4720371,4720371,,,,,,55765,6.85,8790702,113
"4,580",7000000,4372561,4372561,4372561,,,,,,1912421,2.29,11169708,91
"4,581",7000000,3571624,3571624,3571624,,,,,,1867969,1.91,10377917,102
"4,582",7000000,2938532,7017859,2938532,4079327,7017859,,,,843010,3.49,5097549,192
"4,583",7000000,2344847,2667084,2344847,322237,2667084,,,,63361,2.32,3520532,99
"4,584",7000000,2165637,2165637,2165637,,,,,,807873,2.68,4595579,
"4,585",7000000,2062066,2703821,2062066,641755,2703821,,,,123761,3.29,3822329,
"4,586",7000000,2005142,2852759,2005142,847617,2852759,41106,45094,86200,1050021,1.91,2372710,110
"4,587",7000000,1891936,1891936,1891936,,,,,,963221,1.96,2571882,98
"4,588",7000000,1785645,17023121,1785645,15237476,17023121,,,,119086,7.11,2430362,98
"4,589",7000000,1738692,10765283,1738692,9026591,10765283,,,,24587,11.09,2354654,112
"4,590",7000000,1661464,1661464,1661464,,,,,,87477,3.22,2603273,90
"4,591",7000000,1632000,1933829,1632000,301829,1933829,1613224,30622,1643846,68655,1.96,2163956,100
"4,592",7000000,1508593,1593173,1508593,84580,1593173,1128264,987995,2116259,514286,2.93,1775391,99
"4,593",7000000,1429299,1429453,1429299,154,1429453,1695494,,1695494,366909,3.9,2054377,105
"4,594",7000000,1418682,17570654,1418682,16151972,17570654,70206,,70206,60132,5.01,1678737,111
"4,595",7000000,1246141,1246141,1246141,,,,115278,115278,,,4264568,100
"4,596",7000000,1110509,6537179,1110509,5426670,6537179,,,,43040,8.97,1517263,125
"4,597",7000000,1000000,1000000,1000000,,,,,,,,4834075,
"4,598",7000000,659000,98754000,659000,98095000,98754000,,,,24792,20.11,1607244,107
"4,599",7000000,546201,1732228,546201,1186027,1732228,,,,37983,4.08,698458,103
"4,600",7000000,523511,1857458,523511,1333947,1857458,,90963,90963,29276,3.62,690750,93
"4,601",7000000,453377,492108,453377,38731,492108,,,,18861,6.29,619440,108
"4,602",7000000,382946,382946,382946,,,,,,126046,3.04,520566,109
"4,603",7000000,306715,306715,306715,,,,,,181233,1.69,704980,
"4,604",7000000,254683,719699,254683,465016,719699,,,,26285,7.03,455293,103
"4,605",7000000,234750,463039,234750,228289,463039,,,,55304,4.24,386344,
"4,606",7000000,196067,531222,196067,335155,531222,,,,21956,8.93,350512,96
"4,607",7000000,46488,46488,46488,,,,,,16469,2.82,63516,108
"4,608",7000000,31443,41038,31443,9595,41038,151413,82358,233771,,,40199,170
"4,609",7000000,30471,411874,30471,381403,411874,,,,19930,1.53,60939,130
"4,610",7000000,1996,1270342,1996,1268346,1270342,,,,1589,1.26,2037,89
"4,611",7000000,310,582849,310,582539,582849,,,,24,12.92,377,101
"4,612",7000000,0,15193977,,15193977,15193977,,,,,,,
"4,613",7000000,0,10338919,,10338919,10338919,,,,,,,95
"4,614",7000000,0,6739989,,6739989,6739989,,,,,,,145
"4,615",7000000,0,2053330,,2053330,2053330,12065,16284,28349,,,,92
"4,616",7000000,0,1545121,,1545121,1545121,,,,,,,86
"4,617",7000000,0,386744,,386744,386744,1110479,359004,1469483,,,,94
"4,618",7000000,0,0,,,,93624798,,93624798,,,,
"4,619",7000000,0,0,,,,,,,,,,
"4,620",7000000,0,0,,,,9777379,,9777379,,,,
"4,621",7000000,0,0,,,,140494,,140494,,,,
"4,622",6900000,41410568,41410568,41410568,,,,,,9119111,4.54,125748139,115
"4,623",6900000,31611916,44103982,31611916,12492066,44103982,8605452,2055138,10660590,12287234,2.57,42811110,101
"4,624",6900000,8264399,8272370,8264399,7971,8272370,,,,,,8795111,102
"4,625",6840000,0,22273,,22273,22273,,,,,,,
"4,626",6800000,6857096,16017448,6857096,9160352,16017448,,,,,34.45,9321498,130
"4,627",6800000,927107,927107,927107,,,,,,42919,8.09,1849837,
"4,628",6800000,49526,49526,49526,,,,,,28548,1.73,83286,
"4,629",6800000,25032,9533964,25032,9508932,9533964,,,,10696,2.34,43443,101
"4,630",6750000,113568,6812530,113568,6698962,6812530,,,,23527,3.83,155157,82
"4,631",6713933,0,0,,,,,,,,,,110
"4,632",6700000,223878,223878,223878,,,,,,15378,9.66,388630,
"4,633",6600000,828,828,828,,,,,,828,1,1121,
"4,634",6537890,8744,14319195,8744,14310451,14319195,,,,3604,2.43,13119,
"4,635",6500000,84273813,256857527,84273813,172583714,256857527,6561803,4407502,10969305,37134255,2.27,111196045,98
"4,636",6500000,65281781,70712099,65281781,5430318,70712099,18404667,,18404667,31117834,2.1,98013593,75
"4,637",6500000,56190094,56215095,56190094,25001,56215095,,,,10023462,5.61,143878666,112
"4,638",6500000,54215416,54215416,54215416,,,,,,5651990,9.59,149473701,108
"4,639",6500000,42488161,42488161,42488161,,,,,,4128525,9.76,164756249,107
"4,640",6500000,31899000,31899000,31899000,,,,1120423,1120423,,,127833164,104
"4,641",6500000,25621766,42176201,25621766,16554435,42176201,,,,8865082,2.89,30153105,90
"4,642",6500000,24103594,24103594,24103594,,,,,,5033029,4.79,62762497,
"4,643",6500000,21885107,61294644,21885107,39409537,61294644,5965063,3961687,9926750,8885899,2.46,26301163,99
"4,644",6500000,16875273,28383441,16875273,11508168,28383441,,,,4706795,3.59,35810125,
"4,645",6500000,13368437,18110152,13368437,4741715,18110152,8178180,,8178180,589332,4.21,22001786,88
"4,646",6500000,12376563,12376647,12376563,84,12376647,,292967,292967,,,,131
"4,647",6500000,10155691,10155691,10155691,,,,,,4717902,2.15,21550848,91
"4,648",6500000,6423605,6468664,6423605,45059,6468664,,,,2591985,2.48,7719235,120
"4,649",6500000,6173485,6568446,6173485,394961,6568446,,,,22070,17.5,11036510,141
"4,650",6500000,4002293,20412841,4002293,16410548,20412841,,1419726,1419726,349519,11.45,5430253,99
"4,651",6500000,2339957,11745931,2339957,9405974,11745931,,,,81706,6.77,3935207,
"4,652",6500000,2274649,3027956,2274649,753307,3027956,324969,84864,409833,77031,6.23,3016072,117
"4,653",6500000,2025032,2025032,2025032,,,,,,524698,3.86,3401715,
"4,654",6500000,1109660,1744952,1109660,635292,1744952,,506124,506124,44523,7.91,1562593,113
"4,655",6500000,1029017,1038228,1029017,9211,1038228,,,,64728,8.24,1786278,
"4,656",6500000,64148,64148,64148,,,,,,5065,9.49,121286,
"4,657",6500000,0,3149,,3149,3149,,,,,,,103
"4,658",6400000,38019031,78019031,38019031,40000000,78019031,,,,4020663,9.01,121645088,107
"4,659",6400000,4063859,79384533,4063859,75320674,79384533,,,,57968,13.5,7054486,121
"4,660",6400000,1305195,3804977,1305195,2499782,3804977,47400,136315,183715,79175,6.08,1568555,106
"4,661",6400000,871577,8902141,871577,8030564,8902141,,,,27674,8.16,1363961,
"4,662",6400000,449865,4199874,449865,3750009,4199874,,,,32065,6.89,645808,
"4,663",6400000,77115,1280591,77115,1203476,1280591,,,,15441,4.99,81734,115
"4,664",6400000,0,9394401,,9394401,9394401,,,,,,,97
"4,665",6300000,0,15607881,,15607881,15607881,,,,,,,128
"4,666",6250000,5488570,20199663,5488570,14711093,20199663,,,,87514,11.05,8240501,98
"4,667",6250000,0,13201162,,13201162,13201162,,,,,,,138
"4,668",6200000,52302978,52302978,52302978,,,,,,170335,307.06,209600779,124
"4,669",6200000,20457158,23191551,20457158,2734393,23191551,2553590,1267651,3821241,204793,6.78,24075125,93
"4,670",6200000,9205924,9205924,9205924,,,,,,3647254,2.52,24145950,89
"4,671",6200000,1579146,37339594,1579146,35760448,37339594,,,,5532,10.3,2269751,137
"4,672",6200000,1065665,9249142,1065665,8183477,9249142,168727,106267,274994,30896,6.18,1328074,115
"4,673",6100000,2108367,2108367,2108367,,,,,,1153838,1.83,5224872,95
"4,674",6100000,0,34631405,,34631405,34631405,,,,,,,98
"4,675",6000000,188620000,394278547,188620000,205658547,394278547,,,,8941717,14.85,786603028,110
"4,676",6000000,137963328,137978395,137963328,15067,137978395,,,,241080,10.72,381680723,119
"4,677",6000000,129795554,129795554,129795554,,,,,,3304679,16.83,471544376,122
"4,678",6000000,119114517,221148959,119114517,102034442,221148959,,,,23920637,4.98,206772053,121
"4,679",6000000,102308900,102311313,102308900,2413,102311313,,,,,,,112
"4,680",6000000,102272145,102299101,102272145,26956,102299101,,,,,,,139
"4,681",6000000,46840590,51485382,46840590,4644792,51485382,2728842,1658594,4387436,17630285,2.66,55427170,88
"4,682",6000000,43700000,47596274,43700000,3896274,47596274,,,,,,,152
"4,683",6000000,42000000,42000000,42000000,,,,,,,,,182
"4,684",6000000,39846344,39849764,39846344,3420,39849764,,,,3142689,12.68,159681628,98
"4,685",6000000,28714231,56702995,28714231,27988764,56702995,3637039,652409,4289448,8015590,3.58,33792508,95
"4,686",6000000,27457409,27958191,27457409,500782,27958191,,,,10302846,2.67,52295203,106
"4,687",6000000,26238243,46634275,26238243,20396032,46634275,13045860,1388871,14434731,202714,7.01,37797925,109
"4,688",6000000,26004026,26051502,26004026,47476,26051502,,,,3563535,7.3,70256483,120
"4,689",6000000,25244700,25276350,25244700,31650,25276350,,,,4162385,6.06,97891315,98
"4,690",6000000,25059640,25059640,25059640,,,,,,8515223,2.94,53177740,106
"4,691",6000000,23341568,34449356,23341568,11107788,34449356,,,,645363,6.26,57829159,
"4,692",6000000,23169837,23170994,23169837,1157,23170994,,,,,,,131
"4,693",6000000,22680962,24948141,22680962,2267179,24948141,805561,1017774,1823335,6933620,3.27,26692218,102
"4,694",6000000,22168359,22168359,22168359,,,,,,8115176,2.73,59893454,90
"4,695",6000000,21305259,39241323,21305259,17936064,39241323,,,,7302913,2.92,39530238,
"4,696",6000000,20400000,20400000,20400000,,,,93429,93429,,,,145
"4,697",6000000,20335239,21220422,20335239,885183,21220422,,,,7731539,2.63,20335239,112
"4,698",6000000,19005109,21413603,19005109,2408494,21413603,1833974,1420217,3254191,6382298,2.98,22366269,110
"4,699",6000000,18621249,20695413,18621249,2074164,20695413,,,,413436,8.61,37104943,90
"4,700",6000000,17606684,49155371,17606684,31548687,49155371,17607704,,17607704,142899,10.51,27872940,121
"4,701",6000000,17583468,18504539,17583468,921071,18504539,,,,2112140,5.85,31434458,92
"4,702",6000000,14856291,22413145,14856291,7556854,22413145,409763,374745,784508,5853061,2.54,17483705,100
"4,703",6000000,14836174,42873730,14836174,28037556,42873730,931384,543068,1474452,6401744,2.32,17554863,85
"4,704",6000000,14545844,14545844,14545844,,,,,,1802656,8.07,38151865,120
"4,705",6000000,13235267,18209872,13235267,4974605,18209872,5771825,,5771825,3402678,3.89,20737809,93
"4,706",6000000,12793213,12793213,12793213,,,,,,1163939,9.09,33786008,104
"4,707",6000000,12716953,31716953,12716953,19000000,31716953,,,,5250704,2.42,29230002,101
"4,708",6000000,12500000,12526254,12500000,26254,12526254,,,,,,,208
"4,709",6000000,11911200,58809149,11911200,46897949,58809149,,,,834817,7.26,27377977,99
"4,710",6000000,11784569,11784569,11784569,,,,,,3898983,3.02,29204055,98
"4,711",6000000,11642254,11642254,11642254,,,,585315,585315,5093428,2.29,31454509,96
"4,712",6000000,11494838,16369708,11494838,4874870,16369708,,,,4750894,2.42,15567129,97
"4,713",6000000,10278575,10278575,10278575,,,,,,35000,5.99,35175560,114
"4,714",6000000,10021175,42320503,10021175,32299328,42320503,1907457,69246,1976703,61566,6.66,12488813,103
"4,715",6000000,9204489,10106975,9204489,902486,10106975,2623427,701222,3324649,85805,10.25,12465367,104
"4,716",6000000,9030855,18073433,9030855,9042578,18073433,1592186,1605795,3197981,3600355,2.51,10567267,101
"4,717",6000000,8596914,10557291,8596914,1960377,10557291,,,,44244,10.65,16377838,122
"4,718",6000000,7714996,17252287,7714996,9537291,17252287,,,,41695,53.7,11392347,42
"4,719",6000000,6852450,6852450,6852450,,,,,,3244277,2.11,14541217,
"4,720",6000000,6820796,7905395,6820796,1084599,7905395,,,,2400446,2.84,6820797,98
"4,721",6000000,6671283,8173486,6671283,1502203,8173486,2563527,376555,2940082,32001,9.1,9114878,104
"4,722",6000000,6333703,7111769,6333703,778066,7111769,,,,159403,7.24,6484073,89
"4,723",6000000,6216897,6216897,6216897,,,830304,1919285,2749589,2238723,2.78,7356542,98
"4,724",6000000,5909483,8446952,5909483,2537469,8446952,3655717,748412,4404129,2287239,2.58,8003040,84
"4,725",6000000,5359774,21197454,5359774,15837680,21197454,,,,76834,9.23,7285911,96
"4,726",6000000,4859475,10619770,4859475,5760295,10619770,,,,235122,8.05,9718946,97
"4,727",6000000,4694491,6176114,4694491,1481623,6176114,,,,2153109,2.18,7048277,94
"4,728",6000000,4670644,15137932,4670644,10467288,15137932,,,,347925,4.19,7686949,105
"4,729",6000000,4595000,21787233,4595000,17192233,21787233,,,,93722,8.61,9906098,96
"4,730",6000000,4543320,4713059,4543320,169739,4713059,7304797,1316159,8620956,2409156,1.89,6530265,90
"4,731",6000000,4398989,4398989,4398989,,,,,,2232686,1.97,9334855,96
"4,732",6000000,3591299,6591365,3591299,3000066,6591365,214487,246403,460890,484401,3.11,4738575,113
"4,733",6000000,3444895,5767158,3444895,2322263,5767158,,,,60886,4.2,4076392,98
"4,734",6000000,3347411,7818479,3347411,4471068,7818479,,,,35604,7.12,5253870,95
"4,735",6000000,3322127,3485383,3322127,163256,3485383,3811883,1511367,5323250,1988351,1.67,4383418,107
"4,736",6000000,3273588,3273588,3273588,,,,,,,,8523972,
"4,737",6000000,3067312,3735131,3067312,667819,3735131,,,,156724,10.72,5841973,95
"4,738",6000000,2207975,3456602,2207975,1248627,3456602,,,,77540,5.7,3941912,94
"4,739",6000000,2120992,36427155,2120992,34306163,36427155,417844,194840,612684,433611,4.89,2248201,97
"4,740",6000000,2077046,3330012,2077046,1252966,3330012,,,,138401,8.92,3118460,95
"4,741",6000000,2025238,2522928,2025238,497690,2522928,,,,418098,4.84,3857246,95
"4,742",6000000,1418304,1418304,1418304,,,,,,,17.3,2038573,77
"4,743",6000000,1348205,11348205,1348205,10000000,11348205,,,,134005,6.73,1832740,102
"4,744",6000000,1233694,1480281,1233694,246587,1480281,2159219,2166654,4325873,225723,5.47,1459666,121
"4,745",6000000,1030920,1290920,1030920,260000,1290920,,,,71821,7.27,1951277,
"4,746",6000000,802778,18727440,802778,17924662,18727440,2144212,2085601,4229813,45854,9.74,1091292,125
"4,747",6000000,773490,773490,773490,,,,,,,,1980566,107
"4,748",6000000,509424,509424,509424,,,,,,,5.99,,135
"4,749",6000000,434640,4959039,434640,4524399,4959039,,,,13754,7.13,522334,101
"4,750",6000000,408159,408159,408159,,,,,,202342,2.02,554847,98
"4,751",6000000,391942,391942,391942,,,,290486,290486,391942,1,1683319,110
"4,752",6000000,267194,755861,267194,488667,755861,,,,13836,18.31,481467,97
"4,753",6000000,181798,181798,181798,,,,,,12419,10.13,324898,
"4,754",6000000,129210,13168809,129210,13039599,13168809,,,,13567,7.45,175639,143
"4,755",6000000,119452,119452,119452,,,,,,50160,2.38,196584,
"4,756",6000000,115862,117796,115862,1934,117796,,,,33616,3.12,158294,98
"4,757",6000000,90777,90777,90777,,,,,,51003,1.78,116079,137
"4,758",6000000,66351,1673635,66351,1607284,1673635,1619242,681117,2300359,19391,3.42,89765,94
"4,759",6000000,65108,1365108,65108,1300000,1365108,,,,12524,5.2,93581,
"4,760",6000000,54606,4316497,54606,4261891,4316497,,,,7495,6.84,101310,107
"4,761",6000000,36497,36497,36497,,,,,,5971,1.23,54795,
"4,762",6000000,32251,437089,32251,404838,437089,149804,18139,167943,20200,1.6,41234,88
"4,763",6000000,25317,26007,25317,690,26007,,,,2559,7.65,39660,
"4,764",6000000,13722,13722,13722,,,,,,8919,1.54,18746,
"4,765",6000000,0,22367263,,22367263,22367263,,,,,,,92
"4,766",6000000,0,19594567,,19594567,19594567,25918,34629,60547,,,,130
"4,767",6000000,0,585333,,585333,585333,,,,,,,87
"4,768",6000000,0,0,,,,,,,,,,86
"4,769",6000000,0,0,,,,,,,,,,88
"4,770",6000000,0,0,,,,,,,,,,102
"4,771",6000000,0,0,,,,,,,,,,101
"4,772",6000000,0,0,,,,,,,,,,
"4,773",6000000,0,0,,,,,,,,,,
"4,774",6000000,0,0,,,,,,,,,,
"4,775",5952000,2120439,2121939,2120439,1500,2121939,,,,1194175,1.78,7256611,
"4,776",5900000,22231658,37831658,22231658,15600000,37831658,,,,240649,7.28,54221093,120
"4,777",5900000,3895664,3910861,3895664,15197,3910861,,,,57692,14.54,6964387,122
"4,778",5900000,0,0,,,,,,,,,,
"4,779",5800000,32589624,32593134,32589624,3510,32593134,,,,,,,112
"4,780",5800000,6800000,6800000,6800000,,,,,,,,,133
"4,781",5800000,542860,9662214,542860,9119354,9662214,,,,14037,14.15,737956,103
"4,782",5800000,230312,421021,230312,190709,421021,,,,230312,1,411731,93
"4,783",5800000,15091,15091,15091,,,,,,588,1.95,20428,91
"4,784",5800000,0,66980,,66980,66980,,,,,,,97
"4,785",5700000,12044087,43044087,12044087,31000000,43044087,13316491,,13316491,5034180,2.39,19822167,81
"4,786",5700000,69582,69582,69582,,,,,,15935,4.25,147654,94
"4,787",5700000,44205,21698895,44205,21654690,21698895,,,,938,16.26,46958,110
"4,788",5700000,35955,86051320,35955,86015365,86051320,,,,35955,1,48682,96
"4,789",5700000,30638,731613,30638,700975,731613,,,,7905,3.88,41859,
"4,790",5600000,32543449,74566042,32543449,42022593,74566042,,,,161528,16.66,58178830,112
"4,791",5600000,7009668,7009668,7009668,,,2424063,,2424063,3767567,1.86,11536519,111
"4,792",5600000,3064356,3281898,3064356,217542,3281898,,,,93072,11.87,5685663,141
"4,793",5600000,531806,531806,531806,,,,,,343125,1.55,726594,105
"4,794",5600000,385422,14683763,385422,14298341,14683763,,,,,6.26,521957,141
"4,795",5600000,27766,18527766,27766,18500000,18527766,,,,8191,3.39,37935,
"4,796",5500000,159616327,159616327,159616327,,,,,,,,,129
"4,797",5500000,61558162,61924076,61558162,365914,61924076,,,,68907,17.92,226297856,125
"4,798",5500000,50406346,50458356,50406346,52010,50458356,,,,21905089,2.3,84770729,116
"4,799",5500000,35811509,36675932,35811509,864423,36675932,,,,162179,10.19,84711029,105
"4,800",5500000,24477704,41268579,24477704,16790875,41268579,4333119,2842794,7175913,8677009,2.82,32456262,90
"4,801",5500000,17744685,40014998,17744685,22270313,40014998,912836,446752,1359588,6023972,2.95,20997543,92
"4,802",5500000,15700000,15700000,15700000,,,,,,,,,105
"4,803",5500000,11107431,18294883,11107431,7187452,18294883,1225110,1449305,2674415,5130963,2.16,13143590,89
"4,804",5500000,9282750,12399772,9282750,3117022,12399772,,,,,12.64,16595023,88
"4,805",5500000,6735118,44058550,6735118,37323432,44058550,1072263,539575,1611838,23180,6.9,8085539,95
"4,806",5500000,6217849,8761608,6217849,2543759,8761608,,,,98791,13.59,11838628,112
"4,807",5500000,5580479,5692941,5580479,112462,5692941,,,,23144,9.61,10357952,91
"4,808",5500000,4865000,4865000,4865000,,,,,,,,18865000,
"4,809",5500000,3629758,83525626,3629758,79895868,83525626,,,,40027,28.48,6203006,96
"4,810",5500000,1060512,1128468,1060512,67956,1128468,,,,91798,6.47,1895900,104
"4,811",5500000,1023424,8589831,1023424,7566407,8589831,,,,65365,9.68,1721135,
"4,812",5500000,1008098,15867314,1008098,14859216,15867314,,,,33058,13.63,1370397,113
"4,813",5500000,611709,13480196,611709,12868487,13480196,,,,26363,15.61,830254,93
"4,814",5500000,201227,22125102,201227,21923875,22125102,,,,12519,3.83,250775,108
"4,815",5500000,56653,56653,56653,,,,,,8425,4.26,105105,
"4,816",5500000,28660,788191,28660,759531,788191,50289,,50289,,1,34442,116
"4,817",5500000,28468,28468,28468,,,,,,7208,3.95,38064,96
"4,818",5500000,24956,24956,24956,,,32913,38474,71387,7263,3.44,31909,99
"4,819",5500000,0,863895,,863895,863895,165951,,165951,,,,129
"4,820",5500000,0,0,,,,,,,,,,
"4,821",5400000,3759854,11802771,3759854,8042917,11802771,,,,67344,5.02,4415165,119
"4,822",5400000,792200,8133256,792200,7341056,8133256,,,,60086,7.11,1416233,97
"4,823",5400000,8808,735324,8808,726516,735324,,,,5295,1.66,11254,112
"4,824",5400000,0,4728896,,4728896,4728896,,,,,,,118
"4,825",5400000,0,516819,,516819,516819,,,,,,,130
"4,826",5300000,44307193,62633705,44307193,18326512,62633705,1944439,1456156,3400595,11205562,3.95,53247659,89
"4,827",5300000,2197694,29197694,2197694,27000000,29197694,,,,701666,3.13,3616960,
"4,828",5300000,0,440821,,440821,440821,,,,,,,94
"4,829",5250000,2450504,22887231,2450504,20436727,22887231,2876085,1468131,4344216,,9.27,3249092,179
"4,830",5250000,1200010,20184208,1200010,18984198,20184208,,,,43013,9.62,1625139,100
"4,831",5250000,769726,786677,769726,16951,786677,,,,121374,6.34,1206045,
"4,832",5250000,20097,148544,20097,128447,148544,,,,6713,2.99,40188,
"4,833",5250000,0,4801837,,4801837,4801837,320199,603972,924171,,,,111
"4,834",5200000,2000000,2000000,2000000,,,,,,,,,154
"4,835",5200000,795126,1695126,795126,900000,1695126,,,,140881,5.64,1337194,
"4,836",5200000,564489,11633427,564489,11068938,11633427,,,,327523,1.72,767353,130
"4,837",5200000,0,7260661,,7260661,7260661,,,,,,,87
"4,838",5100000,9709597,9709597,9709597,,,,,,1203011,8.07,38910572,103
"4,839",5000000,241438208,374890034,241438208,133451826,374890034,,,,597362,21.75,447053133,95
"4,840",5000000,175837935,252297405,175837935,76459470,252297405,8367405,6225809,14593214,33377060,5.27,211312622,104
"4,841",5000000,104028807,207039844,104028807,103011037,207039844,,3573717,3573717,52568183,1.98,141416093,81
"4,842",5000000,87025093,152925093,87025093,65900000,152925093,44972434,,44972434,31725652,2.74,146353808,
"4,843",5000000,83586447,161921515,83586447,78335068,161921515,7180655,2473500,9654155,40272103,2.08,110831713,105
"4,844",5000000,67268835,148806510,67268835,81537675,148806510,3644396,1761155,5405551,21688103,3.1,83833300,80
"4,845",5000000,65206105,98677816,65206105,33471711,98677816,3614653,1804777,5419430,25427560,2.56,83383375,94
"4,846",5000000,55683845,125010260,55683845,69326415,125010260,2205202,2575267,4780469,26039025,2.14,66919933,96
"4,847",5000000,53900335,142817992,53900335,88917657,142817992,7268380,2511007,9779387,29003866,1.86,72995670,87
"4,848",5000000,50856010,103300632,50856010,52444622,103300632,6208911,1890943,8099854,19875995,2.56,67102535,89
"4,849",5000000,45896028,61220784,45896028,15324756,61220784,1961791,1335902,3297693,18099805,2.54,54013007,99
"4,850",5000000,44793222,44793222,44793222,,,,,,8880555,5.04,123496402,96
"4,851",5000000,44467206,100486616,44467206,56019410,100486616,5593245,1172850,6766095,7846426,5.46,58961436,115
"4,852",5000000,43787265,58978477,43787265,15191212,58978477,1562650,954429,2517079,11854273,3.69,55993670,108
"4,853",5000000,42872467,56868677,42872467,13996210,56868677,389684,695383,1085067,421577,5.67,51523430,119
"4,854",5000000,41833347,41833424,41833347,77,41833424,,,,,,,113
"4,855",5000000,36000000,36010887,36000000,10887,36010887,,,,,,,135
"4,856",5000000,34872033,34872033,34872033,,,,,,12966525,2.69,89292282,89
"4,857",5000000,34700142,38093564,34700142,3393422,38093564,8960015,4661320,13621335,8146533,4.26,40837066,115
"4,858",5000000,34469210,64200321,34469210,29731111,64200321,,,,86831,9.81,59859044,109
"4,859",5000000,32462372,90904854,32462372,58442482,90904854,1537089,1024883,2561972,18343611,1.77,42951918,84
"4,860",5000000,29123632,29705427,29123632,581795,29705427,,,,6659508,4.37,29123632,123
"4,861",5000000,28200000,28200000,28200000,,,,,,,,,127
"4,862",5000000,27695246,44115496,27695246,16420250,44115496,3137155,1365039,4502194,12005402,2.31,36542799,104
"4,863",5000000,27298285,60611845,27298285,33313560,60611845,6036846,3873758,9910604,260865,10.16,36124847,117
"4,864",5000000,27288872,42844516,27288872,15555644,42844516,,,,8111264,3.36,34896089,103
"4,865",5000000,26010864,26025896,26010864,15032,26025896,,621374,621374,,,104236843,124
"4,866",5000000,25801570,38359310,25801570,12557740,38359310,2148284,962533,3110817,10203437,2.53,32994174,83
"4,867",5000000,25544867,39719431,25544867,14174564,39719431,,,,235488,16.32,48652587,113
"4,868",5000000,24814830,25861249,24814830,1046419,25861249,8407762,1121562,9529324,7011631,3.54,33733143,95
"4,869",5000000,24431472,32144262,24431472,7712790,32144262,825981,1085790,1911771,10402271,2.35,28910127,85
"4,870",5000000,24148068,27342246,24148068,3194178,27342246,27491363,,27491363,10061132,2.4,39742917,97
"4,871",5000000,23047939,23047939,23047939,,,,,,5894607,3.91,52975852,104
"4,872",5000000,21995263,109252972,21995263,87257709,109252972,,,,215681,8.45,43523021,110
"4,873",5000000,21502690,26853810,21502690,5351120,26853810,4332615,2001415,6334030,552788,6.24,28511558,103
"4,874",5000000,21222315,41824066,21222315,20601751,41824066,315100,540484,855584,8632820,2.46,28002020,93
"4,875",5000000,20773069,23551286,20773069,2778217,23551286,5204324,2962780,8167104,7623662,2.72,25888278,121
"4,876",5000000,20733485,21277770,20733485,544285,21277770,,,,29396,7.64,47658111,134
"4,877",5000000,20659423,20659721,20659423,298,20659721,,,,694126,16.03,72300404,102
"4,878",5000000,19438638,19438638,19438638,,,,,,6027105,3.23,49773987,94
"4,879",5000000,19421271,19421271,19421271,,,,,,4470489,4.34,41212846,83
"4,880",5000000,19115191,23745772,19115191,4630581,23745772,2423901,1022007,3445908,7353922,2.6,23822161,134
"4,881",5000000,19032000,25032000,19032000,6000000,25032000,,,,905920,4.08,73800344,129
"4,882",5000000,18656400,41598366,18656400,22941966,41598366,2839894,940425,3780319,212000,6.92,23857175,99
"4,883",5000000,17768757,17768757,17768757,,,,692429,692429,,2.6,46605152,88
"4,884",5000000,17686929,26517819,17686929,8830890,26517819,4880353,1510058,6390411,8704271,2.03,24043507,87
"4,885",5000000,17547999,26078500,17547999,8530501,26078500,5807367,2976013,8783380,5172585,3.39,20764803,113
"4,886",5000000,17390770,17499242,17390770,108472,17499242,3774379,,3774379,7485346,2.32,22946448,105
"4,887",5000000,16017403,16017403,16017403,,,,,,5655658,2.83,30506635,
"4,888",5000000,15347654,22052456,15347654,6704802,22052456,1123227,1385365,2508592,6154007,2.49,18022618,87
"4,889",5000000,15126948,15126948,15126948,,,,,,7308529,2.07,37487008,88
"4,890",5000000,15000000,15000000,15000000,,,,,,,,,136
"4,891",5000000,14843425,14843425,14843425,,,,,,3287846,4.51,34793593,109
"4,892",5000000,14600000,19600000,14600000,5000000,19600000,,,,2525360,5.78,56614382,99
"4,893",5000000,14461485,29911269,14461485,15449784,29911269,,,,3330781,4.34,25009050,99
"4,894",5000000,14343976,14343976,14343976,,,,,,6251310,2.29,38753895,100
"4,895",5000000,14124286,31149251,14124286,17024965,31149251,3618055,1498960,5117015,263002,2.91,18728137,94
"4,896",5000000,13985117,19720203,13985117,5735086,19720203,775211,525355,1300566,5988370,2.34,16807076,91
"4,897",5000000,13649881,33649881,13649881,20000000,33649881,,1100663,1100663,408091,11.52,25326284,106
"4,898",5000000,13442412,15318257,13442412,1875845,15318257,10006537,,10006537,5423315,2.48,20182338,86
"4,899",5000000,13099931,13099931,13099931,,,2115447,607662,2723109,74813,3.3,16325685,100
"4,900",5000000,12961389,12973948,12961389,12559,12973948,,,,232184,16.09,31608739,135
"4,901",5000000,12947763,12947763,12947763,,,,,,3373779,3.84,37621801,89
"4,902",5000000,12592907,12592907,12592907,,,,,,,13.97,46173985,110
"4,903",5000000,12241072,18945682,12241072,6704610,18945682,889077,533545,1422622,4690214,2.61,14711121,99
"4,904",5000000,12232628,12232628,12232628,,,,,,4300000,2.84,41862761,107
"4,905",5000000,12062558,17329337,12062558,5266779,17329337,5952746,1308537,7261283,219190,6.67,17337916,91
"4,906",5000000,11686940,22113075,11686940,10426135,22113075,1388302,723915,2112217,5900528,1.98,14564761,93
"4,907",5000000,11000000,11018289,11000000,18289,11018289,,,,,,,152
"4,908",5000000,11000000,11016094,11000000,16094,11016094,,,,,,,141
"4,909",5000000,10751126,10751126,10751126,,,,,,2955641,3.64,39420789,118
"4,910",5000000,10572742,10732909,10572742,160167,10732909,15670947,,15670947,5314278,1.99,15196544,100
"4,911",5000000,10429730,18526087,10429730,8096357,18526087,,,,4240245,2.46,12272847,92
"4,912",5000000,10429707,10537341,10429707,107634,10537341,7715259,1003057,8718316,4311083,2.42,13761586,97
"4,913",5000000,10179275,11869063,10179275,1689788,11869063,,,,150362,7.98,13837650,106
"4,914",5000000,10166820,11792942,10166820,1626122,11792942,467779,548361,1016140,4137230,2.46,12218311,88
"4,915",5000000,9669521,10182050,9669521,512529,10182050,728222,436006,1164228,4294232,2.25,12050563,91
"4,916",5000000,9628751,16628751,9628751,7000000,16628751,,,,4233304,2.27,19257500,88
"4,917",5000000,8886160,10206551,8886160,1320391,10206551,,,,345136,3.51,15425566,92
"4,918",5000000,8460000,25913869,8460000,17453869,25913869,,,,461363,13.99,14942729,99
"4,919",5000000,8000000,8000000,8000000,,,,,,,,,
"4,920",5000000,7100000,7100000,7100000,,,,,,,,32708547,126
"4,921",5000000,6755271,6755271,6755271,,,,,,3020159,2.24,12866038,90
"4,922",5000000,6546159,10601127,6546159,4054968,10601127,309444,2126815,2436259,3106730,2.11,7703884,84
"4,923",5000000,6352306,6653715,6352306,301409,6653715,426094,61238,487332,3008563,2.11,7516775,128
"4,924",5000000,6157157,6157157,6157157,,,,1804217,1804217,,,16635125,97
"4,925",5000000,6096582,16515203,6096582,10418621,16515203,,,,,62.5,8279299,41
"4,926",5000000,6090172,6590172,6090172,500000,6590172,34854857,,34854857,3009341,2.02,10023212,96
"4,927",5000000,5879835,21340234,5879835,15460399,21340234,146068,1163059,1309127,93824,5.54,7327694,119
"4,928",5000000,5502773,5502773,5502773,,,,,,125561,5.18,12648163,91
"4,929",5000000,5321508,5380604,5321508,59096,5380604,,,,,,,165
"4,930",5000000,5308707,5476060,5308707,167353,5476060,,,,118003,8.02,10110929,94
"4,931",5000000,5215062,5288136,5215062,73074,5288136,,,,2338669,2.23,6137377,107
"4,932",5000000,5211842,40311842,5211842,35100000,40311842,,,,147370,13.83,8860276,105
"4,933",5000000,5010163,10676073,5010163,5665910,10676073,3361956,2547323,5909279,136046,7.42,7201266,97
"4,934",5000000,4844399,5170200,4844399,325801,5170200,,,,1200013,4.04,5134967,90
"4,935",5000000,4816142,4816142,4816142,,,1215315,3709,1219024,2035273,2.37,6158711,121
"4,936",5000000,4799774,9371036,4799774,4571262,9371036,745135,365033,1110168,2534884,1.89,5981682,86
"4,937",5000000,4685097,4685097,4685097,,,,,,1444886,3.24,16033439,95
"4,938",5000000,4339241,4414753,4339241,75512,4414753,,,,653723,6.64,7141524,
"4,939",5000000,4306697,7951247,4306697,3644550,7951247,,,,31149,17.85,9968471,112
"4,940",5000000,4078607,4815890,4078607,737283,4815890,,,,277839,6.26,6123590,109
"4,941",5000000,4011530,15220308,4011530,11208778,15220308,982676,145802,1128478,124680,8.29,5292635,107
"4,942",5000000,3954651,46263525,3954651,42308874,46263525,,2458334,2458334,308895,11.89,5375921,122
"4,943",5000000,3707583,3707583,3707583,,,,,,115797,4.52,13594464,87
"4,944",5000000,3700000,38728987,3700000,35028987,38728987,,,,,7.01,3700000,108
"4,945",5000000,3614896,4620399,3614896,1005503,4620399,281490,110429,391919,1597928,2.26,4344318,87
"4,946",5000000,3502600,4267808,3502600,765208,4267808,106362,167165,273527,1763070,1.99,4122046,95
"4,947",5000000,3344040,4389636,3344040,1045596,4389636,,,,1499730,2.23,3423426,105
"4,948",5000000,3220371,3807503,3220371,587132,3807503,835003,955023,1790026,87984,3.48,4013362,94
"4,949",5000000,3072605,3474221,3072605,401616,3474221,,,,1224430,2.51,3635857,90
"4,950",5000000,3046086,5438120,3046086,2392034,5438120,,,,,15.14,7790803,109
"4,951",5000000,3000342,12905107,3000342,9904765,12905107,,,,1211210,2.48,3739151,96
"4,952",5000000,2712131,2821010,2712131,108879,2821010,1795812,496013,2291825,791676,3.43,3686846,96
"4,953",5000000,2450846,6656705,2450846,4205859,6656705,2215488,1124975,3340463,941809,2.6,3233795,112
"4,954",5000000,2229058,6205034,2229058,3975976,6205034,1816226,,1816226,53778,8.07,3033158,92
"4,955",5000000,2184640,2368937,2184640,184297,2368937,162998,286606,449604,1375320,1.59,2793648,118
"4,956",5000000,2141423,10727536,2141423,8586113,10727536,,,,69335,12.21,2578005,118
"4,957",5000000,2080693,2080693,2080693,,,,,,434840,4.62,4782482,
"4,958",5000000,1526697,1526697,1526697,,,,,,,,3965725,108
"4,959",5000000,1082044,8655397,1082044,7573353,8655397,,,,64661,9.2,1874125,
"4,960",5000000,1050861,1050861,1050861,,,,,,,,2729701,103
"4,961",5000000,942441,989319,942441,46878,989319,,,,45589,5.64,1414972,95
"4,962",5000000,851690,851690,851690,,,1049742,438526,1488268,461179,1.85,1123772,99
"4,963",5000000,742898,894030,742898,151132,894030,,,,15163,5.54,1327492,98
"4,964",5000000,540000,540000,540000,,,,,,,,1458944,104
"4,965",5000000,418689,648183,418689,229494,648183,,,,68184,6.14,689068,91
"4,966",5000000,407488,407576,407488,88,407576,,,,124118,3.28,993819,
"4,967",5000000,391611,1075009,391611,683398,1075009,228695,104519,333214,26419,5.93,519251,105
"4,968",5000000,353480,353480,353480,,,,724,724,101176,3.49,830168,97
"4,969",5000000,340911,927074,340911,586163,927074,54896,28212,83108,,3.5,449817,116
"4,970",5000000,249204,249204,249204,,,,,,23439,6.96,462376,84
"4,971",5000000,240425,2015004,240425,1774579,2015004,,,,174425,1.38,376707,
"4,972",5000000,228830,332120,228830,103290,332120,,,,14108,7.25,343559,118
"4,973",5000000,223838,5476378,223838,5252540,5476378,,,,52843,4.24,304276,88
"4,974",5000000,204157,204157,204157,,,,,,66998,3.05,276475,120
"4,975",5000000,143273,143273,143273,,,,,,44003,3.26,329307,
"4,976",5000000,134552,143658,134552,9106,143658,,,,26146,2.65,172060,88
"4,977",5000000,127564,282687,127564,155123,282687,,,,4584,6.04,174280,92
"4,978",5000000,121016,121016,121016,,,,,,13342,9.07,216333,128
"4,979",5000000,99147,99147,99147,,,,,,13092,7.22,210393,
"4,980",5000000,84733,96760,84733,12027,96760,,,,84733,1,147082,90
"4,981",5000000,67505,67505,67505,,,,,,8844,2.99,101343,
"4,982",5000000,65388,861325,65388,795937,861325,,,,25628,2.55,102453,
"4,983",5000000,61030,144894,61030,83864,144894,,,,27474,2.22,64680,119
"4,984",5000000,56001,584499,56001,528498,584499,379078,,379078,37440,1.5,73886,105
"4,985",5000000,16670,83356,16670,66686,83356,,,,9018,1.85,28028,
"4,986",5000000,8297,8297,8297,,,,,,6174,1.34,11923,
"4,987",5000000,7556,7556,7556,,,,,,7556,1,9659,
"4,988",5000000,2500,213164,2500,210664,213164,131735,46471,178206,,,3288,94
"4,989",5000000,0,9109597,,9109597,9109597,,,,,,,108
"4,990",5000000,0,4568257,,4568257,4568257,,,,,,,
"4,991",5000000,0,1818417,,1818417,1818417,,,,,,,90
"4,992",5000000,0,1504960,,1504960,1504960,,,,,,,92
"4,993",5000000,0,152934,,152934,152934,,,,,,,262
"4,994",5000000,0,98616,,98616,98616,96790,181710,278500,,,,105
"4,995",5000000,0,74639,,74639,74639,1789959,604852,2394811,,,,95
"4,996",5000000,0,38767,,38767,38767,123530,235005,358535,,,,88
"4,997",5000000,0,5444,,5444,5444,8360,5235,13595,,,,100
"4,998",5000000,0,671,,671,671,7153,,7153,,,,
"4,999",5000000,0,401,,401,401,,121859,121859,,,,123
"5,000",5000000,0,0,,,,,,,,,,
"5,001",5000000,0,0,,,,1931224,,1931224,,,,
"5,002",5000000,0,0,,,,,,,,,,98
"5,003",5000000,0,0,,,,,,,,,,
"5,004",5000000,0,0,,,,67763,25719,93482,,,,92
"5,005",5000000,0,0,,,,,,,,,,68
"5,006",5000000,0,0,,,,46332,19298,65630,,,,81
"5,007",5000000,0,0,,,,,,,,,,
"5,008",5000000,0,0,,,,,,,,,,
"5,009",5000000,0,0,,,,,,,,,,
"5,010",5000000,0,0,,,,,,,,,,
"5,011",5000000,0,0,,,,34624,,34624,,,,90
"5,012",5000000,0,0,,,,21385,,21385,,,,
"5,013",5000000,0,0,,,,,,,,,,92
"5,014",5000000,0,0,,,,,,,,,,
"5,015",4900000,6112914,12826031,6112914,6713117,12826031,,,,3016149,2.03,7233499,95
"5,016",4900000,3498695,17536004,3498695,14037309,17536004,43504,,43504,26718,112.86,4474013,134
"5,017",4900000,617228,7174984,617228,6557756,7174984,,,,53218,7.65,926692,
"5,018",4900000,276901,23347461,276901,23070560,23347461,,,,20916,6.38,378324,
"5,019",4900000,95933,6924321,95933,6828388,6924321,,,,95933,1,129910,102
"5,020",4900000,15198,15198,15198,,,,,,,10.17,22810,
"5,021",4833610,24475416,34175000,24475416,9699584,34175000,,,,,8.08,57495227,135
"5,022",4800000,47326473,82241110,47326473,34914637,82241110,23882819,,23882819,19556099,2.42,77889974,95
"5,023",4800000,4580048,25030444,4580048,20450396,25030444,,,,54353,8.29,5391811,84
"5,024",4800000,775849,4494560,775849,3718711,4494560,680505,820812,1501317,313958,2.47,1028735,90
"5,025",4750000,1728953,4972016,1728953,3243063,4972016,,,,52041,9.06,2350029,120
"5,026",4750000,1253413,3061763,1253413,1808350,3061763,,,,60886,7.32,2062861,
"5,027",4700000,8025872,8025872,8025872,,,,,,2822439,2.84,23320449,
"5,028",4700000,1705139,1705139,1705139,,,,,,,,4472353,
"5,029",4700000,239962,239962,239962,,,,,,22603,10.62,393384,
"5,030",4700000,0,0,,,,,,,,,,
"5,031",4700000,0,0,,,,,,,,,,86
"5,032",4638783,8000000,11000000,8000000,3000000,11000000,,,,,,,122
"5,033",4600000,3479302,3479302,3479302,,,,,,,16.51,6039754,100
"5,034",4600000,2804874,36751984,2804874,33947110,36751984,,,,1061713,2.64,3798559,120
"5,035",4600000,1340891,3099369,1340891,1758478,3099369,,,,37542,7.5,2255036,
"5,036",4600000,708776,4880143,708776,4171367,4880143,,,,37547,7.47,1194963,
"5,037",4600000,514237,9261711,514237,8747474,9261711,,,,30372,11.82,699051,95
"5,038",4600000,434417,968805,434417,534388,968805,,,,22311,7.78,652222,
"5,039",4600000,728,731767,728,731039,731767,,,,728,1,1132,102
"5,040",4600000,0,35111,,35111,35111,508348,385219,893567,,,,119
"5,041",4500000,193298906,193314004,193298906,15098,193314004,,,,45435,92.84,586844993,97
"5,042",4500000,81198894,81198894,81198894,,,,,,8570007,9.47,260513113,96
"5,043",4500000,52700832,242895809,52700832,190194977,242895809,,,,,12.03,139243859,116
"5,044",4500000,47923795,47923795,47923795,,,,,,,174.24,192051489,105
"5,045",4500000,40842944,45352337,40842944,4509393,45352337,,,,10543948,3.87,41812623,102
"5,046",4500000,27092880,27093116,27092880,236,27093116,,,,2545674,8.33,99340557,90
"5,047",4500000,13417292,16090874,13417292,2673582,16090874,,18764,18764,189050,21.98,32075028,142
"5,048",4500000,13084595,25344490,13084595,12259895,25344490,,,,108865,4.62,23433984,135
"5,049",4500000,10400000,10411891,10400000,11891,10411891,,,,,,,116
"5,050",4500000,9196278,17985061,9196278,8788783,17985061,367109,257195,624304,50003,6.3,11460789,119
"5,051",4500000,3802260,7011317,3802260,3209057,7011317,,301639,301639,900902,4.22,9273376,108
"5,052",4500000,3635482,7389233,3635482,3753751,7389233,,,,64770,13.31,7195542,101
"5,053",4500000,3500000,3500000,3500000,,,,,,,,,118
"5,054",4500000,2122085,12196922,2122085,10074837,12196922,4628039,,4628039,49295,15.64,3145184,110
"5,055",4500000,1687311,5428387,1687311,3741076,5428387,,,,78315,11.17,3580545,
"5,056",4500000,1500000,1500000,1500000,,,,,,,,4358483,
"5,057",4500000,1480006,7510154,1480006,6030148,7510154,,,,110494,13.39,2539887,114
"5,058",4500000,1400726,9330465,1400726,7929739,9330465,,,,664517,2.11,1904136,82
"5,059",4500000,713413,713413,713413,,,,,,37268,10.06,1639778,
"5,060",4500000,707885,2404639,707885,1696754,2404639,,,,34046,17.24,962169,
"5,061",4500000,410241,1022649,410241,612408,1022649,,,,15160,5.67,733396,
"5,062",4500000,281447,281447,281447,,,,,,30507,7.63,384533,
"5,063",4500000,211667,23471871,211667,23260204,23471871,,,,9850,8.34,348356,
"5,064",4500000,200558,1217307,200558,1016749,1217307,,,,15254,6.75,272551,98
"5,065",4500000,187112,1027760,187112,840648,1027760,2370068,960517,3330585,131175,1.43,239262,95
"5,066",4500000,181655,4548505,181655,4366850,4548505,,,,33731,5.39,324748,109
"5,067",4500000,108596,2481925,108596,2373329,2481925,,,,59946,1.81,148365,104
"5,068",4500000,92723,92723,92723,,,,,,16870,3.94,172038,99
"5,069",4500000,51957,51957,51957,,,,,,15502,3.35,81400,
"5,070",4500000,32961,32961,32961,,,,,,2343,5.63,45028,
"5,071",4500000,26345,8000366,26345,7974021,8000366,,,,20321,1.3,34927,112
"5,072",4500000,11774,11774,11774,,,,,,8691,1.35,15534,103
"5,073",4500000,0,1639538,,1639538,1639538,,,,,,,81
"5,074",4500000,0,10926,,10926,10926,,,,,,,96
"5,075",4500000,0,0,,,,,,,,,,100
"5,076",4500000,0,0,,,,,,,,,,
"5,077",4500000,0,0,,,,,,,,,,106
"5,078",4500000,0,0,,,,521072,992378,1513450,,,,
"5,079",4500000,0,0,,,,,,,,,,
"5,080",4400000,108981275,163274115,108981275,54292840,163274115,,,,99761,998.33,,133
"5,081",4400000,36145695,36145695,36145695,,,,,,,,,87
"5,082",4400000,0,25600132,,25600132,25600132,,,,,,,130
"5,083",4400000,0,0,,,,643639,,643639,,,,86
"5,084",4357373,0,1200000,,1200000,1200000,115555,,115555,,,,98
"5,085",4300000,20779666,39374600,20779666,18594934,39374600,,,,137418,15.32,37148387,101
"5,086",4300000,6946056,10158354,6946056,3212298,10158354,,,,170356,9.43,13229410,88
"5,087",4300000,199228,9791282,199228,9592054,9791282,,,,199228,1,286349,133
"5,088",4300000,188870,10212403,188870,10023533,10212403,,,,24684,7.65,255777,119
"5,089",4250000,48299436,92181818,48299436,43882382,92181818,,1649808,1649808,10431720,4.63,48299436,94
"5,090",4200000,5835247,5835247,5835247,,,,,,2884679,2.02,14906142,92
"5,091",4200000,1502188,33913542,1502188,32411354,33913542,7775617,,7775617,86985,4.17,2472296,114
"5,092",4200000,1044039,8078683,1044039,7034644,8078683,,,,61968,8.45,1426259,112
"5,093",4200000,101740,101740,101740,,,2762896,730113,3493009,43757,2.33,138997,
"5,094",4200000,0,313230,,313230,313230,,,,,,,86
"5,095",4200000,0,5940,,5940,5940,131749221,,131749221,,,,
"5,096",4030000,2542264,2542264,2542264,,,,,,78151,6.93,5843407,103
"5,097",4000000,109492484,109492484,109492484,,,,,,7623988,12.73,401472436,98
"5,098",4000000,87400000,87400000,87400000,,,,30120884,30120884,,15.57,,76
"5,099",4000000,62546695,62546695,62546695,,,,,,,12,162829227,111
"5,100",4000000,44585453,117085297,44585453,72499844,117085297,,,,925087,10.71,79033074,102
"5,101",4000000,38251425,38252270,38251425,845,38252270,,,,,,184910472,93
"5,102",4000000,36006065,53401938,36006065,17395873,53401938,5245213,2263029,7508242,14910105,2.41,46043342,90
"5,103",4000000,36000000,36000000,36000000,,,,,,,,,152
"5,104",4000000,31983777,49800000,31983777,17816223,49800000,,,,70864,8.82,78114198,
"5,105",4000000,31273922,43766463,31273922,12492541,43766463,,,,110552,11.48,58045266,111
"5,106",4000000,25379975,57273049,25379975,31893074,57273049,3781044,2511932,6292976,387618,10.58,33443926,164
"5,107",4000000,21750000,21750000,21750000,,,,,,,,,208
"5,108",4000000,21096678,21989422,21096678,892744,21989422,1288397,1003088,2291485,5402642,3.9,21597547,124
"5,109",4000000,20811365,36275469,20811365,15464104,36275469,,,,491971,5.9,28434277,106
"5,110",4000000,20182359,20548593,20182359,366234,20548593,,,,140044,144.11,35315916,94
"5,111",4000000,17329487,21206861,17329487,3877374,21206861,2989164,999912,3989076,8843875,1.96,22865587,87
"5,112",4000000,15500045,22373378,15500045,6873333,22373378,,,,246305,2.95,18241312,102
"5,113",4000000,15179303,25448707,15179303,10269404,25448707,1656693,629090,2285783,7728354,1.96,20127036,88
"5,114",4000000,15000000,15000000,15000000,,,,,,,,,105
"5,115",4000000,14400000,14400000,14400000,,,,,,,,,105
"5,116",4000000,14237880,14238828,14237880,948,14238828,,490933,490933,4403169,3.23,43235023,91
"5,117",4000000,13447978,13449643,13447978,1665,13449643,,,,4827903,2.79,34559785,93
"5,118",4000000,12178602,27786849,12178602,15608247,27786849,,,,287452,4.1,24357194,93
"5,119",4000000,11744471,11973397,11744471,228926,11973397,,1841076,1841076,,,,172
"5,120",4000000,10941801,11704768,10941801,762967,11704768,,,,,28.04,18947941,109
"5,121",4000000,10867104,18237527,10867104,7370423,18237527,727223,2210914,2938137,427797,3.59,12788853,110
"5,122",4000000,10753574,10904495,10753574,150921,10904495,397327,77738,475065,4950859,2.17,13401556,92
"5,123",4000000,10525717,40103262,10525717,29577545,40103262,,,,3046924,3.45,17323234,96
"5,124",4000000,10097096,10097096,10097096,,,,,,2875067,3.51,19227866,93
"5,125",4000000,9821335,9821335,9821335,,,,,,3684704,2.67,19642669,82
"5,126",4000000,9427026,19174817,9427026,9747791,19174817,,,,86488,12.93,14153666,103
"5,127",4000000,9186156,9561231,9186156,375075,9561231,1153076,334408,1487484,3941338,2.33,10870121,96
"5,128",4000000,8291572,11131455,8291572,2839883,11131455,,,,128973,7.41,14491026,101
"5,129",4000000,8200000,8200000,8200000,,,,,,,,,125
"5,130",4000000,7836393,10770993,7836393,2934600,10770993,8964649,,8964649,3554134,2.2,12897138,81
"5,131",4000000,7555256,7555256,7555256,,,,,,4392403,1.72,18723135,81
"5,132",4000000,7159147,79250193,7159147,72091046,79250193,8148158,,8148158,233323,3.55,10808761,105
"5,133",4000000,7006708,8302995,7006708,1296287,8302995,1730100,,1730100,3245556,2.16,10978524,102
"5,134",4000000,6525762,11799060,6525762,5273298,11799060,,,,2532410,2.58,12108031,110
"5,135",4000000,6000000,6000000,6000000,,,,,,,,,143
"5,136",4000000,4630045,4630045,4630045,,,2371799,,2371799,2220050,2.09,7620134,90
"5,137",4000000,4301000,4301000,4301000,,,,,,1275953,3.37,10591943,98
"5,138",4000000,4046737,9412015,4046737,5365278,9412015,,,,182306,9.24,7496746,107
"5,139",4000000,3816594,4188034,3816594,371440,4188034,,,,2108796,1.81,6823029,96
"5,140",4000000,3468572,3468572,3468572,,,,,,,11.07,9334639,110
"5,141",4000000,3237118,12657072,3237118,9419954,12657072,,,,63573,5.22,4034232,100
"5,142",4000000,2922988,2922988,2922988,,,,,,37990,16.63,6864876,84
"5,143",4000000,2793776,2793776,2793776,,,,,,1398046,2,5928515,94
"5,144",4000000,2672413,5966671,2672413,3294258,5966671,,,,76222,11.08,3618242,99
"5,145",4000000,2426851,3858964,2426851,1432113,3858964,,,,233709,4.12,3802526,93
"5,146",4000000,1660708,65233793,1660708,63573085,65233793,,15622,15622,24988,8.75,1955524,126
"5,147",4000000,1430241,1989035,1430241,558794,1989035,,,,679160,2.11,1944259,84
"5,148",4000000,1328679,1919197,1328679,590518,1919197,,,,85327,4.04,2234500,
"5,149",4000000,1236094,1236094,1236094,,,1195787,152006,1347793,18801,5.32,1580671,103
"5,150",4000000,1065429,1983596,1065429,918167,1983596,,,,102566,10.39,1448336,97
"5,151",4000000,864959,973613,864959,108654,973613,,,,126449,6.84,1454642,
"5,152",4000000,800000,800000,800000,,,,,,,,2205620,87
"5,153",4000000,641054,4230426,641054,3589372,4230426,,,,18866,13.2,865871,116
"5,154",4000000,600896,2665322,600896,2064426,2665322,1035391,163259,1198650,155642,3.86,792858,97
"5,155",4000000,563711,563711,563711,,,,,,301856,1.87,1007758,94
"5,156",4000000,399793,399793,399793,,,,,,50354,7.94,848375,106
"5,157",4000000,385069,1158877,385069,773808,1158877,320603,,320603,25800,7.42,508083,82
"5,158",4000000,373375,373375,373375,,,2295629,581448,2877077,,5.01,492646,117
"5,159",4000000,354704,354704,354704,,,,,,,,930336,
"5,160",4000000,302204,302204,302204,,,,,,56240,4.74,694609,
"5,161",4000000,294244,384244,294244,90000,384244,,,,39358,7.48,422921,100
"5,162",4000000,267972,267972,267972,,,,126624,126624,21359,5.69,535658,
"5,163",4000000,185577,185577,185577,,,,,,29010,4.97,371145,86
"5,164",4000000,165203,953314,165203,788111,953314,,,,12588,5.51,198535,112
"5,165",4000000,155271,596335,155271,441064,596335,,,,40763,3.81,198546,94
"5,166",4000000,154356,4854356,154356,4700000,4854356,,,,51105,3.02,197382,119
"5,167",4000000,146402,146402,146402,,,,,,22401,6.54,261717,
"5,168",4000000,132270,797439,132270,665169,797439,,,,11227,5.69,169138,103
"5,169",4000000,129078,38899792,129078,38770714,38899792,,,,10073,4.29,176350,
"5,170",4000000,120016,120016,120016,,,,,,58214,2.06,163145,106
"5,171",4000000,85556,2291545,85556,2205989,2291545,98048,80471,178519,,11.1,101235,110
"5,172",4000000,75078,75078,75078,,,,,,9128,3.6,148009,103
"5,173",4000000,64359,64359,64359,,,,,,13276,4.53,136572,
"5,174",4000000,34145,34145,34145,,,,,,,,72452,
"5,175",4000000,33245,679482,33245,646237,679482,,,,7258,3.94,45190,98
"5,176",4000000,20620,760678,20620,740058,760678,,,,3324,5.14,26368,107
"5,177",4000000,17639,17639,17639,,,,,,17639,1,32717,
"5,178",4000000,12836,12836,12836,,,,,,12836,1,30141,92
"5,179",4000000,9134,47552,9134,38418,47552,73780,60041,133821,9134,1,12041,92
"5,180",4000000,9120,978527,9120,969407,978527,,,,9120,1,12397,115
"5,181",4000000,4327,4327,4327,,,,,,1545,2.8,5735,93
"5,182",4000000,0,31166312,,31166312,31166312,,,,,,425000,97
"5,183",4000000,0,13141633,,13141633,13141633,,,,,,,97
"5,184",4000000,0,4454853,,4454853,4454853,,,,,,,
"5,185",4000000,0,2842176,,2842176,2842176,,,,,,,96
"5,186",4000000,0,593148,,593148,593148,,,,,,,110
"5,187",4000000,0,442550,,442550,442550,,,,,,,99
"5,188",4000000,0,79208,,79208,79208,1122609,1024381,2146990,,,,132
"5,189",4000000,0,63180,,63180,63180,,,,,,,90
"5,190",4000000,0,12302,,12302,12302,,,,,,,84
"5,191",4000000,0,0,,,,,,,,,,142
"5,192",4000000,0,0,,,,,,,,,,131
"5,193",4000000,0,0,,,,,,,,,,
"5,194",4000000,0,0,,,,,,,,,,98
"5,195",4000000,0,0,,,,,,,,,,
"5,196",4000000,0,0,,,,,,,,,,93
"5,197",4000000,0,0,,,,1012194,51157,1063351,,,,94
"5,198",4000000,0,0,,,,,,,,,,84
"5,199",4000000,0,0,,,,1036889,74992,1111881,,,,88
"5,200",4000000,0,0,,,,,,,,,,118
"5,201",3900000,198680470,390516513,198680470,191836043,390516513,,,,945000,166.6,,220
"5,202",3900000,28350000,28350000,28350000,,,,,,,,,120
"5,203",3900000,9000000,9000000,9000000,,,,,,,,,143
"5,204",3851257,0,0,,,,,,,,,,
"5,205",3800000,23689877,23698846,23689877,8969,23698846,,,,,,,121
"5,206",3800000,41914,41914,41914,,,,,,23176,1.81,56972,92
"5,207",3800000,20930,749686,20930,728756,749686,,,,5955,3.51,28589,99
"5,208",3800000,14873,14873,14873,,,,,,,1.8,,123
"5,209",3800000,10153,21976,10153,11823,21976,46389,,46389,5419,1.87,12009,92
"5,210",3800000,0,353,,353,353,,,,,,,104
"5,211",3768785,8000000,8000000,8000000,,,,,,,,,107
"5,212",3750000,1625707,3237975,1625707,1612268,3237975,,,,26352,7.94,2155601,102
"5,213",3750000,539285,1178175,539285,638890,1178175,,,,31405,9.01,887550,
"5,214",3750000,310007,8607693,310007,8297686,8607693,,,,41512,7.47,423072,97
"5,215",3750000,229094,2089072,229094,1859978,2089072,60075,93609,153684,,2.65,292957,84
"5,216",3750000,44462,44462,44462,,,,,,,2.39,60745,
"5,217",3750000,0,19794935,,19794935,19794935,46561,336970,383531,,,,130
"5,218",3716946,3500000,5000000,3500000,1500000,5000000,,,,,,,121
"5,219",3700000,2956000,2956000,2956000,,,,,,,,,102
"5,220",3700000,2730296,13447998,2730296,10717702,13447998,,,,100803,7.51,4432639,112
"5,221",3700000,26403,3355048,26403,3328645,3355048,,,,3746,3.53,43443,113
"5,222",3600000,44785053,44796719,44785053,11666,44796719,,,,,,,113
"5,223",3600000,320896,320896,320896,,,,,,192042,1.67,481791,
"5,224",3600000,3868,3868,3868,,,,,,2468,1.57,4549,110
"5,225",3600000,0,222540,,222540,222540,,,,,,,90
"5,226",3500000,83453539,83454307,83453539,768,83454307,,,,,,334434624,88
"5,227",3500000,81600000,81600193,81600000,193,81600193,,,,,,,116
"5,228",3500000,45950122,261249383,45950122,215299261,261249383,,,,176585,15.2,107390964,91
"5,229",3500000,41411015,95292744,41411015,53881729,95292744,1253582,37229,1290811,18667855,2.22,49002279,100
"5,230",3500000,27731527,27731527,27731527,,,,,,3839638,7.22,72209140,97
"5,231",3500000,27467564,27936778,27467564,469214,27936778,,,,6589341,4.17,68069038,91
"5,232",3500000,25138705,40364725,25138705,15226020,40364725,2689648,3204795,5894443,8800230,2.86,31328922,90
"5,233",3500000,25091816,45960255,25091816,20868439,45960255,2537141,1807529,4344670,9307626,2.7,29691526,99
"5,234",3500000,18065180,41512383,18065180,23447203,41512383,2722963,1947100,4670063,412932,12.56,21467421,131
"5,235",3500000,17504595,18495444,17504595,990849,18495444,,,,6281415,2.79,32417907,
"5,236",3500000,17418667,27704111,17418667,10285444,27704111,5459811,1229604,6689415,8189166,2.13,23096333,97
"5,237",3500000,16376066,16376066,16376066,,,4095157,1350627,5445784,4245630,3.86,19378042,104
"5,238",3500000,14000000,14000000,14000000,,,,,,3584077,3.91,38598458,92
"5,239",3500000,13000000,13007551,13000000,7551,13007551,,,,,,,134
"5,240",3500000,12800000,12800000,12800000,,,,,,,,,149
"5,241",3500000,12600000,12600000,12600000,,,,,,,,,116
"5,242",3500000,12000000,12000000,12000000,,,,,,,,,121
"5,243",3500000,10317779,10317779,10317779,,,,,,3310349,3.12,23715483,93
"5,244",3500000,9482579,13795053,9482579,4312474,13795053,,,,2088492,4.54,23127186,96
"5,245",3500000,8000000,8000000,8000000,,,,,,,,32059472,97
"5,246",3500000,6451628,6451628,6451628,,,,,,75508,18.82,14040810,105
"5,247",3500000,6391436,40527719,6391436,34136283,40527719,,,,167866,13.96,8732522,127
"5,248",3500000,5923044,5927557,5923044,4513,5927557,,,,807260,7.34,16330029,84
"5,249",3500000,5804262,34004262,5804262,28200000,34004262,,434095,434095,,3.41,17625332,101
"5,250",3500000,3448256,3988612,3448256,540356,3988612,,,,97562,6.25,4080370,108
"5,251",3500000,3293258,3293258,3293258,,,,,,1506233,2.19,6272311,81
"5,252",3500000,3012615,3415721,3012615,403106,3415721,,,,301065,6.86,3545326,95
"5,253",3500000,2893660,2893660,2893660,,,,,,1011756,2.86,3067223,97
"5,254",3500000,1441705,4522504,1441705,3080799,4522504,,,,83339,4.31,1705989,113
"5,255",3500000,890303,890303,890303,,,78756,27582,106338,477387,1.86,1109478,120
"5,256",3500000,886410,886410,886410,,,,,,305308,2.9,1772814,
"5,257",3500000,663247,2611750,663247,1948503,2611750,105933,63517,169450,71203,4.46,826557,162
"5,258",3500000,615816,615816,615816,,,,,,368328,1.67,767450,108
"5,259",3500000,253444,5706638,253444,5453194,5706638,,,,5585,6.21,344529,90
"5,260",3500000,221096,221096,221096,,,,,,36938,5.99,346426,
"5,261",3500000,182695,182695,182695,,,,,,123839,1.48,227674,111
"5,262",3500000,143532,465177,143532,321645,465177,,,,64911,2.21,152138,111
"5,263",3500000,107492,113783,107492,6291,113783,,,,28091,3.83,176900,98
"5,264",3500000,96793,96793,96793,,,,,,56448,1.71,162778,92
"5,265",3500000,29233,29233,29233,,,,,,12000,2.44,36426,97
"5,266",3500000,27349,1396395,27349,1369046,1396395,,,,4590,5.96,39304,
"5,267",3500000,9871,9871,9871,,,,,,5658,1.74,20946,104
"5,268",3500000,0,40622,,40622,40622,,,,,,,
"5,269",3500000,0,0,,,,,,,,,,
"5,270",3500000,0,0,,,,66058279,,66058279,,,,90
"5,271",3500000,0,0,,,,,,,,,,
"5,272",3500000,0,0,,,,1957685,2361229,4318914,,,,78
"5,273",3500000,0,0,,,,185573,,185573,,,,85
"5,274",3500000,0,0,,,,60977,16245,77222,,,,
"5,275",3500000,0,0,,,,,,,,,,87
"5,276",3450000,687185,18309793,687185,17622608,18309793,734946,588900,1323846,,6.49,911169,110
"5,277",3440000,0,0,,,,,,,,,,
"5,278",3400000,77437223,133276359,77437223,55839136,133276359,,,,137492,10.88,130229838,80
"5,279",3400000,31063038,31063038,31063038,,,,,,,,150161228,94
"5,280",3400000,5353586,20433227,5353586,15079641,20433227,,,,561906,7.34,7277071,109
"5,281",3400000,2926565,4124277,2926565,1197712,4124277,,,,1319286,2.22,4393917,89
"5,282",3400000,493905,493905,493905,,,,,,,4.15,857366,103
"5,283",3400000,339754,2062173,339754,1722419,2062173,,,,24794,4.86,349843,90
"5,284",3400000,208691,11182908,208691,10974217,11182908,,,,18844,7.56,326979,
"5,285",3400000,12636,12636,12636,,,,,,8092,1.56,18962,
"5,286",3400000,0,24564100,,24564100,24564100,,,,,,,85
"5,287",3400000,0,0,,,,294352,,294352,,,,118
"5,288",3400000,0,0,,,,,,,,,,93
"5,289",3380000,0,3604,,3604,3604,,,,,,,128
"5,290",3300000,13892940,40502365,13892940,26609425,40502365,1489045,5854162,7343207,135388,17.65,17782710,106
"5,291",3300000,8093373,12405473,8093373,4312100,12405473,6683222,,6683222,1328448,6.09,12653100,91
"5,292",3300000,7563397,32059295,7563397,24495898,32059295,,,,88292,17.14,13377700,
"5,293",3300000,104257,5422740,104257,5318483,5422740,,,,10595,2.95,208507,
"5,294",3300000,19875,19875,19875,,,,,,4789,4.15,31294,
"5,295",3300000,0,84369,,84369,84369,,,,,,,97
"5,296",3250000,20825395,20825467,20825395,72,20825467,,,,2071473,5.29,61954848,94
"5,297",3250000,6965361,6965361,6965361,,,,171593,171593,,11.65,25539653,98
"5,298",3250000,3766810,34114067,3766810,30347257,34114067,,,,155190,11.3,5414158,128
"5,299",3250000,7680,7680,7680,,,,,,7680,1,16289,
"5,300",3200000,33395426,33397492,33395426,2066,33397492,,,,,,,137
"5,301",3200000,17493096,18285560,17493096,792464,18285560,426309,589670,1015979,727266,4.16,20699842,105
"5,302",3200000,8000000,8000498,8000000,498,8000498,,,,,,,123
"5,303",3200000,6529624,14441158,6529624,7911534,14441158,,,,139066,12.12,11334836,101
"5,304",3200000,5790894,14314407,5790894,8523513,14314407,,,,141340,9.68,7872106,105
"5,305",3200000,4267219,5526942,4267219,1259723,5526942,620702,59595,680297,57022,5.45,5317990,100
"5,306",3200000,2283291,2834485,2283291,551194,2834485,,,,68377,6.61,3281852,99
"5,307",3200000,56131,690872,56131,634741,690872,3821651,,3821651,54556,1.03,92374,
"5,308",3180000,12241691,16420592,12241691,4178901,16420592,,6925159,6925159,,16.67,,130
"5,309",3100000,16501785,71548935,16501785,55047150,71548935,,,,262673,11.77,40246429,93
"5,310",3100000,0,123407,,123407,123407,,,,,,,107
"5,311",3000000,141600000,141607202,141600000,7202,141607202,,,,,,652328200,109
"5,312",3000000,84752907,177512032,84752907,92759125,177512032,15963954,4394810,20358764,40678424,2.08,115796108,91
"5,313",3000000,67790117,73989734,67790117,6199617,73989734,41282924,9443139,50726063,11351389,5.97,85201670,120
"5,314",3000000,64473115,91266581,64473115,26793466,91266581,7805510,5188363,12993873,34058360,1.89,85488332,85
"5,315",3000000,51100000,124900000,51100000,73800000,124900000,,,,,,,110
"5,316",3000000,48086903,87727807,48086903,39640904,87727807,11736968,3137874,14874842,18007634,2.67,65122713,110
"5,317",3000000,38168022,38236338,38168022,68316,38236338,,,,11053832,3.45,76336037,115
"5,318",3000000,33300000,33321917,33300000,21917,33321917,,,,,,,161
"5,319",3000000,32653000,32653000,32653000,,,,,,,,150427063,119
"5,320",3000000,27274150,27301609,27274150,27459,27301609,,,,,,,130
"5,321",3000000,26033546,29175259,26033546,3141713,29175259,,,,4878632,5.34,61141961,100
"5,322",3000000,24793251,55193251,24793251,30400000,55193251,,,,148971,11.2,53840430,
"5,323",3000000,21576018,58240487,21576018,36664469,58240487,,,,209148,13.84,39657238,119
"5,324",3000000,21163999,21163999,21163999,,,,,,2865475,7.39,64267007,87
"5,325",3000000,20966644,21042007,20966644,75363,21042007,,,,,32.23,60654608,115
"5,326",3000000,20123742,20123742,20123742,,,,,,,,,85
"5,327",3000000,19472057,19472809,19472057,752,19472809,,,,6750837,2.88,56579175,87
"5,328",3000000,19184820,19184820,19184820,,,,,,7374049,2.6,35595927,103
"5,329",3000000,18600000,24599998,18600000,5999998,24599998,,,,,,,125
"5,330",3000000,17700478,25466013,17700478,7765535,25466013,,,,351330,7.34,20830905,98
"5,331",3000000,17570324,17570642,17570324,318,17570642,,,,,,,107
"5,332",3000000,17489009,17489009,17489009,,,,,,,,,95
"5,333",3000000,17453440,54044481,17453440,36591041,54044481,1089306,698546,1787852,332152,11.51,17592453,117
"5,334",3000000,17052128,68452128,17052128,51400000,68452128,,,,8240752,2.07,32477370,74
"5,335",3000000,15935068,15935068,15935068,,,,,,7552190,2.11,41492759,
"5,336",3000000,15000000,15000000,15000000,,,,,,4474336,3.35,38317532,100
"5,337",3000000,14678714,17966760,14678714,3288046,17966760,7125846,2212470,9338316,3967885,3.7,17640629,112
"5,338",3000000,14016568,23934375,14016568,9917807,23934375,1190884,254498,1445382,133513,5.81,17468041,93
"5,339",3000000,13200000,13200000,13200000,,,,,,,,,121
"5,340",3000000,13000000,13000615,13000000,615,13000615,,,,,,,128
"5,341",3000000,12311598,12311598,12311598,,,,,,4544063,2.71,12311598,101
"5,342",3000000,11977130,16976561,11977130,4999431,16976561,981264,1657373,2638637,4670905,2.56,14172714,95
"5,343",3000000,11718595,12051924,11718595,333329,12051924,19126902,,19126902,6214723,1.89,19286476,103
"5,344",3000000,11052713,11052713,11052713,,,,,,2905293,3.8,33562883,97
"5,345",3000000,10466091,10466091,10466091,,,774296,494623,1268919,2607049,2.91,12290246,93
"5,346",3000000,10400000,10400064,10400000,64,10400064,,223194,223194,,,,146
"5,347",3000000,10027047,10172519,10027047,145472,10172519,10750185,,10750185,4111043,2.44,14412202,84
"5,348",3000000,10000000,10000000,10000000,,,,,,,,,186
"5,349",3000000,9639390,9639390,9639390,,,,,,3454776,2.79,22134121,92
"5,350",3000000,9017070,9017070,9017070,,,,,,2527909,3.57,19134640,94
"5,351",3000000,9012000,9012000,9012000,,,,1149912,1149912,,,,133
"5,352",3000000,8823109,9981635,8823109,1158526,9981635,,,,141852,6.39,16804435,101
"5,353",3000000,8110621,23225160,8110621,15114539,23225160,2226164,409038,2635202,246914,5.87,10754300,108
"5,354",3000000,7888000,7888000,7888000,,,,82960,82960,3009160,2.62,21747475,94
"5,355",3000000,7712114,10473836,7712114,2761722,10473836,1725959,997342,2723301,3576296,2.16,11084869,89
"5,356",3000000,7282851,7282851,7282851,,,,,,3012285,2.42,19101977,97
"5,357",3000000,7233471,7241309,7233471,7838,7241309,2092749,556623,2649372,1729535,4.18,8692615,100
"5,358",3000000,7061128,7301115,7061128,239987,7301115,19318045,,19318045,3109924,2.27,11621207,
"5,359",3000000,6879730,6879730,6879730,,,,,,2325474,2.96,11942591,94
"5,360",3000000,5853194,7777790,5853194,1924596,7777790,,,,183772,11.12,10826850,90
"5,361",3000000,5732587,5732587,5732587,,,,,,59757,16.4,22229233,110
"5,362",3000000,5644104,5679324,5644104,35220,5679324,,,,2016504,2.8,5776485,110
"5,363",3000000,5529144,11322573,5529144,5793429,11322573,,,,56280,18.04,9099872,114
"5,364",3000000,4515719,4637842,4515719,122123,4637842,,,,235272,10.1,5314346,121
"5,365",3000000,4417983,4417983,4417983,,,,,,92835,9.69,5505874,92
"5,366",3000000,4210454,5837111,4210454,1626657,5837111,186275,562032,748307,105453,2.98,5247240,90
"5,367",3000000,4170647,30438635,4170647,26267988,30438635,,,,53569,10.57,8341284,96
"5,368",3000000,4142507,4142507,4142507,,,,,,2729625,1.52,8285012,82
"5,369",3000000,4109095,4109095,4109095,,,,,,83499,11.45,9650547,117
"5,370",3000000,4077971,4143750,4077971,65779,4143750,,,,,,,100
"5,371",3000000,4067398,11210846,4067398,7143448,11210846,,519334,519334,137398,7.4,5393169,86
"5,372",3000000,4033574,4566662,4033574,533088,4566662,,,,118123,8.49,5511016,90
"5,373",3000000,3902679,3902679,3902679,,,,,,1747317,2.23,10162047,98
"5,374",3000000,3602884,4002884,3602884,400000,4002884,,,,2024516,1.78,8461675,
"5,375",3000000,3446749,3660880,3446749,214131,3660880,,,,26100,132.06,15878606,95
"5,376",3000000,3287435,3705923,3287435,418488,3705923,,,,69064,12.6,6099572,
"5,377",3000000,3127773,7445044,3127773,4317271,7445044,117214,,117214,1397434,2.24,3897962,110
"5,378",3000000,3076820,3076820,3076820,,,,,,1603425,1.92,6529155,87
"5,379",3000000,2962051,2962051,2962051,,,,,,83863,8.04,7173519,106
"5,380",3000000,2912606,11537539,2912606,8624933,11537539,,,,76324,9.69,4793564,95
"5,381",3000000,2848587,3237452,2848587,388865,3237452,7145741,,7145741,1101204,2.59,3891979,110
"5,382",3000000,2746453,5746453,2746453,3000000,5746453,,,,130303,8.03,6293170,139
"5,383",3000000,2458110,7968998,2458110,5510888,7968998,,,,68957,4.98,2940364,120
"5,384",3000000,2387730,2503392,2387730,115662,2503392,915629,53730,969359,971826,2.46,3166011,98
"5,385",3000000,2255000,2255000,2255000,,,,,,1079797,2.09,4031321,
"5,386",3000000,1821983,1887554,1821983,65571,1887554,357174,409939,767113,846831,2.15,2404026,101
"5,387",3000000,1803064,4495262,1803064,2692198,4495262,6575756,95099,6670855,897955,2.01,2166888,90
"5,388",3000000,1266955,10051516,1266955,8784561,10051516,,,,93356,6.96,2264964,81
"5,389",3000000,1007535,1324299,1007535,316764,1324299,,,,58589,6.69,1364468,99
"5,390",3000000,703372,834953,703372,131581,834953,2922973,1209106,4132079,12046,33.44,956154,86
"5,391",3000000,669688,816494,669688,146806,816494,,,,447661,1.5,856374,98
"5,392",3000000,508714,533235,508714,24521,533235,,,,327000,1.56,691537,95
"5,393",3000000,446770,12577401,446770,12130631,12577401,1201060,13644,1214704,181494,2.46,605038,93
"5,394",3000000,385627,430608,385627,44981,430608,,,,65942,4.51,394774,95
"5,395",3000000,374675,5922292,374675,5547617,5922292,,,,25854,7.55,511910,123
"5,396",3000000,351416,351416,351416,,,,,,197861,1.78,527606,105
"5,397",3000000,321910,421404,321910,99494,421404,207542,,207542,227354,1.42,401178,104
"5,398",3000000,295493,295493,295493,,,,,,,,720675,
"5,399",3000000,252726,252726,252726,,,,,,,6,415936,
"5,400",3000000,242623,242623,242623,,,,,,,,631751,104
"5,401",3000000,234429,1027043,234429,792614,1027043,3145,1889,5034,97639,2.4,275278,95
"5,402",3000000,205842,1022453,205842,816611,1022453,,,,138788,1.48,281229,96
"5,403",3000000,201436,223652,201436,22216,223652,,,,87475,2.3,272799,94
"5,404",3000000,163069,163069,163069,,,,,,32406,5.03,251907,
"5,405",3000000,142356,142715,142356,359,142715,,,,69486,2.05,334331,95
"5,406",3000000,133411,133411,133411,,,,,,13207,8.02,182268,
"5,407",3000000,115879,115879,115879,,,,,,16454,4.28,173978,
"5,408",3000000,95204,95204,95204,,,,,,4158,3.83,156644,
"5,409",3000000,78948,78948,78948,,,74231,,74231,4070,3.93,104167,101
"5,410",3000000,51773,101773,51773,50000,101773,,,,6317,8.2,109859,
"5,411",3000000,39852,39852,39852,,,,,,5324,7.49,79697,
"5,412",3000000,37151,483938,37151,446787,483938,291532,148720,440252,18630,1.99,47497,93
"5,413",3000000,18000,156362,18000,138362,156362,,,,16700,1.08,24374,110
"5,414",3000000,5073,5073,5073,,,,,,2803,1.81,6888,95
"5,415",3000000,4655,4655,4655,,,,,,4655,1,7826,
"5,416",3000000,0,4668109,,4668109,4668109,27805,,27805,,,,83
"5,417",3000000,0,895932,,895932,895932,,,,,,,82
"5,418",3000000,0,240099,,240099,240099,96069,,96069,,,,116
"5,419",3000000,0,119009,,119009,119009,2097802,3539176,5636978,,,,122
"5,420",3000000,0,82780,,82780,82780,374264,129694,503958,,,,83
"5,421",3000000,0,47469,,47469,47469,,,,,,,
"5,422",3000000,0,0,,,,,,,,,,75
"5,423",3000000,0,0,,,,,,,,,,98
"5,424",3000000,0,0,,,,,,,,,,
"5,425",3000000,0,0,,,,,,,,,,94
"5,426",3000000,0,0,,,,,,,,,,
"5,427",3000000,0,0,,,,,,,,,,82
"5,428",3000000,0,0,,,,,,,,,,
"5,429",3000000,0,0,,,,,,,,,,88
"5,430",3000000,0,0,,,,237701,,237701,,,,95
"5,431",3000000,0,0,,,,,406349,406349,,,,92
"5,432",3000000,0,0,,,,,39597,39597,,,,88
"5,433",3000000,0,0,,,,,,,,,,
"5,434",3000000,0,0,,,,,12974,12974,,,,84
"5,435",3000000,0,0,,,,,,,,,,89
"5,436",3000000,0,0,,,,,,,,,,90
"5,437",3000000,0,0,,,,,,,,,,93
"5,438",3000000,0,0,,,,,,,,,,
"5,439",2931000,4100000,4100000,4100000,,,,,,,,,102
"5,440",2900000,85000000,263591415,85000000,178591415,263591415,,,,,11.73,,74
"5,441",2900000,5969553,17006158,5969553,11036605,17006158,,,,35710,13.16,12790308,113
"5,442",2900000,5000000,5000000,5000000,,,,,,,,,136
"5,443",2900000,3127472,3127472,3127472,,,,,,54374,12.91,5147191,105
"5,444",2900000,101270,172867,101270,71597,172867,,,,31893,3.18,138361,85
"5,445",2900000,20778,25935,20778,5157,25935,,,,5087,4.08,28244,93
"5,446",2883848,25000000,25038874,25000000,38874,25038874,,,,,,,121
"5,447",2850000,3681066,6435262,3681066,2754196,6435262,,,,1897705,1.94,6190620,91
"5,448",2800000,86300000,86328827,86300000,28827,86328827,,,,,,,106
"5,449",2800000,48570885,48577431,48570885,6546,48577431,,,,4273886,11.36,,111
"5,450",2800000,22202809,23591783,22202809,1388974,23591783,32251972,,32251972,8017808,2.77,37339505,116
"5,451",2800000,19170001,19170001,19170001,,,,,,8245038,2.33,50280432,
"5,452",2800000,9561064,26952508,9561064,17391444,26952508,1197738,540482,1738220,4003993,2.39,11313750,91
"5,453",2800000,7362439,9186903,7362439,1824464,9186903,482357,471522,953879,258157,2.47,8712083,85
"5,454",2800000,3600146,3697729,3600146,97583,3697729,,,,1816499,1.98,4326596,85
"5,455",2800000,475000,475000,475000,,,,,,302908,1.57,781755,86
"5,456",2800000,0,836600,,836600,836600,,,,,,,109
"5,457",2777000,35572006,35883231,35572006,311225,35883231,,,,,6.64,,101
"5,458",2750000,952620,5394447,952620,4441827,5394447,4965003,,4965003,232576,4.1,1430247,
"5,459",2750000,5495,1327823,5495,1322328,1327823,,,,2955,1.86,5821,95
"5,460",2700000,37799643,37799643,37799643,,,,1733136,1733136,,,162342682,118
"5,461",2700000,9054736,15600000,9054736,6545264,15600000,,,,89563,9.73,21244879,113
"5,462",2700000,3511417,3589633,3511417,78216,3589633,2162210,501120,2663330,1503101,2.34,4155108,119
"5,463",2700000,2217561,31517561,2217561,29300000,31517561,,,,,4.85,3649655,
"5,464",2700000,1220807,5969923,1220807,4749116,5969923,,,,125691,7.96,1652682,105
"5,465",2700000,12544,86288,12544,73744,86288,84800,83177,167977,6624,1.89,15631,91
"5,466",2700000,0,8200000,,8200000,8200000,,,,,,,
"5,467",2700000,0,5377665,,5377665,5377665,,,,,,,90
"5,468",2686000,6600000,6600000,6600000,,,,,,,,,109
"5,469",2660000,0,0,,,,,,,,,,110
"5,470",2650000,16556,16556,16556,,,,,,,2.15,38053,
"5,471",2627000,5363000,5363000,5363000,,,,,,,,,122
"5,472",2600000,119878189,119879266,119878189,1077,119879266,,,,,,,93
"5,473",2600000,32980880,32981717,32980880,837,32981717,,,,11183148,2.95,105813656,91
"5,474",2600000,3827060,15277215,3827060,11450155,15277215,809410,322328,1131738,55438,14.24,5044663,80
"5,475",2600000,3147950,3305831,3147950,157881,3305831,,216978,216978,,15.39,7550312,140
"5,476",2600000,2276368,3292333,2276368,1015965,3292333,,,,134400,11.65,3951560,
"5,477",2600000,39127,564474,39127,525347,564474,,,,4351,4.94,57662,
"5,478",2600000,0,7033931,,7033931,7033931,,,,,,,97
"5,479",2600000,0,71248,,71248,71248,,,,,,,
"5,480",2600000,0,0,,,,,,,,,,9
"5,481",2600000,0,0,,,,,,,,,,
"5,482",2540000,7266475,7307484,7266475,41009,7307484,,323682,323682,,316.66,,103
"5,483",2500000,50700000,50700128,50700000,128,50700128,,,,,,,111
"5,484",2500000,40041683,59922558,40041683,19880875,59922558,6354292,3158836,9513128,18101682,2.21,53093397,86
"5,485",2500000,33349941,33349941,33349941,,,7203786,,7203786,31610,5.12,45164869,87
"5,486",2500000,32244051,32327255,32244051,83204,32327255,4907694,940511,5848205,10030463,3.21,42754094,75
"5,487",2500000,26782316,36028802,26782316,9246486,36028802,,,,201115,8.87,46490151,
"5,488",2500000,25857416,34557416,25857416,8700000,34557416,,,,6208595,4.16,63048005,101
"5,489",2500000,25533818,25533818,25533818,,,,,,7676836,3.33,99012424,92
"5,490",2500000,14400000,14400000,14400000,,,,,,6333259,2.27,52799998,98
"5,491",2500000,13011160,13881317,13011160,870157,13881317,9147058,,9147058,3409643,3.82,19534858,101
"5,492",2500000,12300000,12300000,12300000,,,,,,,,,98
"5,493",2500000,10000000,10000000,10000000,,,,,,,,,112
"5,494",2500000,6852971,6916951,6852971,63980,6916951,2628769,655072,3283841,197415,6.08,9086710,95
"5,495",2500000,6401336,6402915,6401336,1579,6402915,,,,,18.69,16391065,
"5,496",2500000,5274005,5855809,5274005,581804,5855809,,,,1423537,3.7,13069823,101
"5,497",2500000,5205471,23900842,5205471,18695371,23900842,,,,78439,8.99,6487275,101
"5,498",2500000,3317468,4934356,3317468,1616888,4934356,,,,35539,4.79,4492198,90
"5,499",2500000,2300000,9038053,2300000,6738053,9038053,,,,2300000,1,2300000,
"5,500",2500000,2013052,2013052,2013052,,,,,,514762,3.91,3598784,
"5,501",2500000,1282084,1687548,1282084,405464,1687548,,,,37089,5.7,2564163,
"5,502",2500000,1187266,1269705,1187266,82439,1269705,,,,75104,10.56,1996672,
"5,503",2500000,1094998,3838486,1094998,2743488,3838486,,,,47124,9.9,1644015,105
"5,504",2500000,1076075,6815821,1076075,5739746,6815821,181131,72221,253352,50000,9.04,1376045,97
"5,505",2500000,549632,549632,549632,,,,,,143532,3.83,728782,98
"5,506",2500000,432360,12267275,432360,11834915,12267275,,,,40515,8.21,772937,106
"5,507",2500000,349132,497195,349132,148063,497195,,,,92668,3.77,574596,
"5,508",2500000,327716,593933,327716,266217,593933,875150,311902,1187052,46549,6.84,445494,90
"5,509",2500000,255599,306217,255599,50618,306217,,,,36941,3.99,300794,135
"5,510",2500000,174255,174255,174255,,,,,,4915,14.07,250764,
"5,511",2500000,118666,118666,118666,,,,,,5164,6.65,162131,
"5,512",2500000,115504,507446,115504,391942,507446,,,,59078,1.96,173407,
"5,513",2500000,100280,100280,100280,,,,,,42566,2.36,137003,
"5,514",2500000,80136,108907,80136,28771,108907,,,,35050,2.29,115174,
"5,515",2500000,72210,72260,72210,50,72260,,,,37924,1.9,113136,
"5,516",2500000,35017,1392649,35017,1357632,1392649,508247,,508247,18722,1.87,46429,102
"5,517",2500000,9598,9598,9598,,,,,,5725,1.68,19188,
"5,518",2500000,0,2003433,,2003433,2003433,,,,,,,94
"5,519",2500000,0,0,,,,,,,,,,
"5,520",2500000,0,0,,,,47941,13978,61919,,,,
"5,521",2500000,0,0,,,,,,,,,,
"5,522",2500000,0,0,,,,,,,,,,90
"5,523",2500000,0,0,,,,3060,2596,5656,,,,104
"5,524",2500000,0,0,,,,,,,,,,93
"5,525",2500000,0,0,,,,,40523,40523,,,,95
"5,526",2500000,0,0,,,,10234,,10234,,,,110
"5,527",2500000,0,0,,,,,,,,,,74
"5,528",2500000,0,0,,,,,,,,,,106
"5,529",2450000,180237,182358,180237,2121,182358,,,,119714,1.51,245008,106
"5,530",2440000,0,0,,,,,,,,,,103
"5,531",2400000,5691854,5691854,5691854,,,,,,2156409,2.64,13881934,120
"5,532",2400000,1008849,1420418,1008849,411569,1420418,,,,675000,1.49,1580725,105
"5,533",2400000,444093,500296,444093,56203,500296,,,,124367,3.57,730884,84
"5,534",2400000,80315,334491,80315,254176,334491,356796,98576,455372,15843,3.89,105967,90
"5,535",2400000,0,1333891,,1333891,1333891,,,,,,,
"5,536",2400000,0,552188,,552188,552188,,,,,,,96
"5,537",2400000,0,0,,,,,,,,,,
"5,538",2380000,327919,8739576,327919,8411657,8739576,,,,17700,9.8,513796,
"5,539",2361000,3500000,3500000,3500000,,,,,,,,,101
"5,540",2300000,12985600,14628921,12985600,1643321,14628921,6980804,1527221,8508025,3591282,3.62,16605544,115
"5,541",2300000,11000000,11000000,11000000,,,,,,,,,107
"5,542",2300000,1744740,1883256,1744740,138516,1883256,,,,730290,2.39,1849395,105
"5,543",2300000,574838,574838,574838,,,,,,87983,6.53,1321261,97
"5,544",2300000,269435,269435,269435,,,,,,130701,2.06,285595,105
"5,545",2300000,59696,59696,59696,,,157512,76018,233530,10962,3.19,78759,103
"5,546",2300000,29384,29384,29384,,,,,,19152,1.53,39940,90
"5,547",2300000,28950,28950,28950,,,,17878,17878,28950,1,78209,102
"5,548",2300000,0,0,,,,,,,,,,
"5,549",2300000,0,0,,,,,,,,,,91
"5,550",2289247,84300000,84300000,84300000,,,,,,,9.56,,87
"5,551",2280000,83320000,83320832,83320000,832,83320832,,,,,13.78,,126
"5,552",2250000,36690067,36690067,36690067,,,,,,9406522,3.9,134530239,
"5,553",2200000,41158757,41161514,41158757,2757,41161514,,,,,,,104
"5,554",2200000,21930418,21930418,21930418,,,,,,8032883,2.73,66594334,92
"5,555",2200000,388390,388390,388390,,,,,,246483,1.58,608553,117
"5,556",2200000,0,5482242,,5482242,5482242,,,,,,,
"5,557",2200000,0,789088,,789088,789088,,,,,,,90
"5,558",2200000,0,0,,,,,,,,,,
"5,559",2160000,9132000,9132000,9132000,,,,,,,,,119
"5,560",2160000,0,37865,,37865,37865,,,,,,,90
"5,561",2150000,0,0,,,,,,,,,,
"5,562",2100000,23600000,23600000,23600000,,,,,,,,,172
"5,563",2100000,881824,1381824,881824,500000,1381824,,,,47502,14.78,1474941,99
"5,564",2100000,313436,399037,313436,85601,399037,,,,9606,10.47,581549,89
"5,565",2100000,3330,3330,3330,,,,,,3330,1,4140,126
"5,566",2100000,0,23266821,,23266821,23266821,,,,,,,78
"5,567",2100000,0,0,,,,,,,,,,
"5,568",2100000,0,0,,,,,,,,,,
"5,569",2100000,0,0,,,,53713,14807,68520,,,,
"5,570",2100000,0,0,,,,4508,,4508,,,,100
"5,571",2000000,64282312,79282312,64282312,15000000,79282312,,,,22763437,2.82,119265834,84
"5,572",2000000,53981071,76338497,53981071,22357426,76338497,,,,18928113,2.85,53981071,125
"5,573",2000000,35017223,35680886,35017223,663663,35680886,19077766,3686750,22764516,9112839,3.84,47451512,129
"5,574",2000000,24800000,78900000,24800000,54100000,78900000,,,,,,,115
"5,575",2000000,24464742,24495681,24464742,30939,24495681,,1141744,1141744,,,,101
"5,576",2000000,24379978,24407647,24379978,27669,24407647,,736507,736507,,,,154
"5,577",2000000,23667907,23668859,23667907,952,23668859,,,,2527864,9.14,86782320,96
"5,578",2000000,18344729,18344866,18344729,137,18344866,,,,,,,87
"5,579",2000000,18016290,18016290,18016290,,,,,,,,,88
"5,580",2000000,14674077,23236296,14674077,8562219,23236296,2201196,1574004,3775200,160089,3.85,18764714,107
"5,581",2000000,13539710,14348020,13539710,808310,14348020,194765,150449,345214,263797,4.75,16021732,93
"5,582",2000000,13129846,13129846,13129846,,,,2387073,2387073,,,,129
"5,583",2000000,12739737,16610760,12739737,3871023,16610760,2938816,780024,3718840,6660234,1.91,17253056,86
"5,584",2000000,11540607,20741000,11540607,9200393,20741000,,,,73720,11.72,23410365,116
"5,585",2000000,11284657,81197047,11284657,69912390,81197047,4991262,,4991262,213589,13.24,17681475,137
"5,586",2000000,9252038,17187434,9252038,7935396,17187434,2033615,2394563,4428178,5107604,1.81,11530277,95
"5,587",2000000,9250000,9250000,9250000,,,,,,,,,152
"5,588",2000000,9172000,9172000,9172000,,,,,,,,,119
"5,589",2000000,7800000,7800000,7800000,,,,,,,,,118
"5,590",2000000,7600000,7600738,7600000,738,7600738,,,,,,,134
"5,591",2000000,7369373,7369373,7369373,,,,,,,2.85,20503409,98
"5,592",2000000,7301288,17400005,7301288,10098717,17400005,,,,108080,9.46,12746897,80
"5,593",2000000,6719300,7756617,6719300,1037317,7756617,,,,43574,11,15444355,89
"5,594",2000000,6531503,16131551,6531503,9600048,16131551,4081040,680610,4761650,84797,14.28,8921916,100
"5,595",2000000,6047363,6049171,6047363,1808,6049171,496531,96317,592848,2509808,2.41,7978483,78
"5,596",2000000,6003587,8685632,6003587,2682045,8685632,,,,159705,7.14,10732773,101
"5,597",2000000,5904366,11275645,5904366,5371279,11275645,,,,156833,9.32,7084551,115
"5,598",2000000,5802208,5946780,5802208,144572,5946780,,,,1514278,3.83,6973000,90
"5,599",2000000,5792822,11217346,5792822,5424524,11217346,,,,219425,9.97,10055810,80
"5,600",2000000,5383834,20883834,5383834,15500000,20883834,,,,61047,6.13,10254011,153
"5,601",2000000,5132442,21087760,5132442,15955318,21087760,,,,131718,4.45,6805371,125
"5,602",2000000,4601043,9505996,4601043,4904953,9505996,,,,116260,7.37,8225409,100
"5,603",2000000,4593598,15396525,4593598,10802927,15396525,,,,96973,12.23,7974063,106
"5,604",2000000,4311834,7799257,4311834,3487423,7799257,4213248,1033782,5247030,39649,9.01,5885255,108
"5,605",2000000,4026760,4707644,4026760,680884,4707644,,,,3328004,1.21,4026760,85
"5,606",2000000,4000000,4000000,4000000,,,,,,,,,106
"5,607",2000000,3885134,9615464,3885134,5730330,9615464,,,,30801,10.51,6533812,91
"5,608",2000000,3591417,10153415,3591417,6561998,10153415,79069,,79069,1767308,2.03,4592582,96
"5,609",2000000,3337931,6225304,3337931,2887373,6225304,3162894,,3162894,1968505,1.7,5493563,116
"5,610",2000000,3330230,10672492,3330230,7342262,10672492,,,,166344,7.61,6660455,116
"5,611",2000000,2964816,15474659,2964816,12509843,15474659,210243,346748,556991,,9.69,3142640,115
"5,612",2000000,2583301,2791973,2583301,208672,2791973,307253,,307253,1395378,1.85,3303434,97
"5,613",2000000,2512846,3438804,2512846,925958,3438804,,,,739834,3.4,4662382,101
"5,614",2000000,2386254,2469510,2386254,83256,2469510,,,,74524,6.14,2823681,97
"5,615",2000000,2303792,2303792,2303792,,,441079,75329,516408,1206771,1.91,2768649,92
"5,616",2000000,2283849,13912289,2283849,11628440,13912289,,,,50021,11.14,3296772,87
"5,617",2000000,2072645,2077844,2072645,5199,2077844,,,,43141,5.83,3411159,
"5,618",2000000,2015000,2063656,2015000,48656,2063656,,,,,,5234143,129
"5,619",2000000,2001124,2001124,2001124,,,,520193,520193,,,5210653,95
"5,620",2000000,1997497,1997497,1997497,,,,,,107907,8.67,3275568,101
"5,621",2000000,1785505,11263263,1785505,9477758,11263263,,,,53789,7.4,2680749,95
"5,622",2000000,1660865,1660865,1660865,,,,,,114573,14.5,2941366,
"5,623",2000000,1577287,2419669,1577287,842382,2419669,,,,62253,10.15,3154573,112
"5,624",2000000,1477002,2279959,1477002,802957,2279959,,,,52334,3.76,1888731,101
"5,625",2000000,1433319,1433319,1433319,,,,,,31533,8.38,2245808,102
"5,626",2000000,1370646,2189800,1370646,819154,2189800,270979,310974,581953,81006,6.15,1808507,85
"5,627",2000000,1152411,1152411,1152411,,,,,,54254,11.32,2445465,
"5,628",2000000,1134358,2175587,1134358,1041229,2175587,,,,38281,6.07,1777374,100
"5,629",2000000,977772,1869928,977772,892156,1869928,,,,20042,10.08,1329174,104
"5,630",2000000,950792,7482387,950792,6531595,7482387,1660847,666032,2326879,30007,7.07,1246028,93
"5,631",2000000,850920,1720833,850920,869913,1720833,,,,144380,5.89,1333270,
"5,632",2000000,691880,691880,691880,,,,,,88709,5.74,1163561,
"5,633",2000000,638227,1075504,638227,437277,1075504,,,,110000,5.8,1215553,
"5,634",2000000,636706,636706,636706,,,,,,301885,2.11,869924,86
"5,635",2000000,537948,539961,537948,2013,539961,,,,34838,9.9,1236477,96
"5,636",2000000,406473,2013217,406473,1606744,2013217,,37258,37258,49843,6.04,478352,102
"5,637",2000000,390659,1663296,390659,1272637,1663296,,,,11332,10.52,1186274,104
"5,638",2000000,388532,466106,388532,77574,466106,,,,36371,1.84,653408,
"5,639",2000000,347578,2350641,347578,2003063,2350641,,,,29521,5.24,521784,
"5,640",2000000,304602,304602,304602,,,,,,74052,4.11,742893,
"5,641",2000000,199176,759504,199176,560328,759504,,,,34774,4.4,327798,95
"5,642",2000000,147299,205298,147299,57999,205298,399106,200817,599923,51475,2.86,188359,94
"5,643",2000000,134624,134624,134624,,,,,,36896,3.65,308028,
"5,644",2000000,121807,121807,121807,,,,,,75446,1.61,243606,
"5,645",2000000,120620,2226603,120620,2105983,2226603,,,,19717,6.12,202847,
"5,646",2000000,102645,102645,102645,,,,,,21666,4.27,140237,85
"5,647",2000000,89787,89787,89787,,,,,,42177,2.13,118461,88
"5,648",2000000,72544,72544,72544,,,,,,,,166734,
"5,649",2000000,55202,2046090,55202,1990888,2046090,,,,41770,1.32,82877,
"5,650",2000000,49388,76654,49388,27266,76654,,,,14470,3.41,94056,
"5,651",2000000,45431,2009644,45431,1964213,2009644,115236,199181,314417,20828,2.18,58093,105
"5,652",2000000,37227,37227,37227,,,,,,,22.35,66545,
"5,653",2000000,36336,6328516,36336,6292180,6328516,,,,18623,1.95,46462,95
"5,654",2000000,35312,35312,35312,,,,,,14867,2.38,42430,102
"5,655",2000000,30955,30955,30955,,,,,,21463,1.44,44489,98
"5,656",2000000,30400,32964,30400,2564,32964,20423,10691,31114,11872,2.56,37881,97
"5,657",2000000,22836,22836,22836,,,,,,17061,1.34,30917,100
"5,658",2000000,21000,21000,21000,,,,,,,,54676,96
"5,659",2000000,17896,17896,17896,,,,,,2715,6.54,25150,
"5,660",2000000,12667,12667,12667,,,,,,12667,1,20838,92
"5,661",2000000,10024,10024,10024,,,,,,3326,3.01,13691,
"5,662",2000000,7321,4294373,7321,4287052,4294373,,,,5824,1.26,10985,91
"5,663",2000000,7294,10679,7294,3385,10679,,,,4958,1.47,9961,119
"5,664",2000000,5361,5361,5361,,,,,,2485,2.16,8818,
"5,665",2000000,3080,28864,3080,25784,28864,,,,2843,1.08,4075,99
"5,666",2000000,2436,2436,2436,,,,,,,2.72,3223,
"5,667",2000000,0,3620902,,3620902,3620902,,,,,,,86
"5,668",2000000,0,475846,,475846,475846,3189989,1240147,4430136,,,,132
"5,669",2000000,0,105377,,105377,105377,,,,,,,
"5,670",2000000,0,63555,,63555,63555,,,,,,,86
"5,671",2000000,0,926,,926,926,,,,,,,
"5,672",2000000,0,43,,43,43,508070,,508070,,,,83
"5,673",2000000,0,0,,,,,,,,,,82
"5,674",2000000,0,0,,,,,,,,,,
"5,675",2000000,0,0,,,,,,,,,,
"5,676",2000000,0,0,,,,,,,,,,78
"5,677",2000000,0,0,,,,,,,,,,111
"5,678",2000000,0,0,,,,,196024,196024,,,,88
"5,679",2000000,0,0,,,,,,,,,,88
"5,680",2000000,0,0,,,,,,,,,,
"5,681",2000000,0,0,,,,,,,,,,
"5,682",2000000,0,0,,,,,,,,,,
"5,683",2000000,0,0,,,,,,,,,,88
"5,684",2000000,0,0,,,,,,,,,,88
"5,685",2000000,0,0,,,,,,,,,,
"5,686",2000000,0,0,,,,,190197,190197,,,,99
"5,687",2000000,0,0,,,,,,,,,,
"5,688",2000000,0,0,,,,,,,,,,
"5,689",2000000,0,0,,,,,,,,,,89
"5,690",2000000,0,0,,,,,,,,,,93
"5,691",2000000,0,0,,,,,,,,,,101
"5,692",2000000,0,0,,,,36167,,36167,,,,
"5,693",2000000,0,0,,,,,,,,,,90
"5,694",2000000,0,0,,,,,,,,,,
"5,695",2000000,0,0,,,,,,,,,,90
"5,696",2000000,0,0,,,,,,,,,,100
"5,697",2000000,0,0,,,,,,,,,,
"5,698",2000000,0,0,,,,,823332,823332,,,,94
"5,699",1987650,1044143,21270290,1044143,20226147,21270290,,1373243,1373243,100268,4.71,1426593,94
"5,700",1950000,0,0,,,,1592242,375949,1968191,,,,
"5,701",1900000,28262574,28448654,28262574,186080,28448654,,,,,242.68,,113
"5,702",1900000,4600000,4600000,4600000,,,,70276,70276,,,12682347,99
"5,703",1900000,2962242,5617067,2962242,2654825,5617067,,,,51392,10.81,4446243,94
"5,704",1900000,1445366,7785229,1445366,6339863,7785229,,,,52749,4.24,1974777,97
"5,705",1900000,1420578,1445140,1420578,24562,1445140,,,,61481,8.39,2539606,
"5,706",1900000,478595,478595,478595,,,,,,246902,1.94,612002,89
"5,707",1900000,467602,4581937,467602,4114335,4581937,,,,41832,8.02,635653,94
"5,708",1900000,406216,740932,406216,334716,740932,,,,17092,9.36,554998,105
"5,709",1900000,222098,10137234,222098,9915136,10137234,,,,95236,2.33,294488,143
"5,710",1900000,18435,139317,18435,120882,139317,,,,4515,4.08,28880,
"5,711",1900000,0,285593,,285593,285593,1344522,534036,1878558,,,,88
"5,712",1900000,0,12444,,12444,12444,,,,,,,155
"5,713",1850000,42166,99748,42166,57582,99748,,,,6118,4.99,52542,90
"5,714",1800000,41034350,70165900,41034350,29131550,70165900,7356644,1795852,9152496,20366613,2.01,56064667,100
"5,715",1800000,25878153,25944555,25878153,66402,25944555,,,,,,,98
"5,716",1800000,25804893,27944525,25804893,2139632,27944525,,,,1271000,15.79,82127355,91
"5,717",1800000,12795746,23265132,12795746,10469386,23265132,7718062,3872821,11590883,169702,11.08,17285105,93
"5,718",1800000,9164370,9261253,9164370,96883,9261253,,,,,,,95
"5,719",1800000,8800000,8800000,8800000,,,,,,,,,93
"5,720",1800000,8000000,8008368,8000000,8368,8008368,,,,,,,125
"5,721",1800000,6800000,6800000,6800000,,,,,,,,,114
"5,722",1800000,5719000,5849791,5719000,130791,5849791,,,,496290,7.71,10532577,
"5,723",1800000,3050934,3050934,3050934,,,,,,41967,13.06,5810787,109
"5,724",1800000,841056,842693,841056,1637,842693,,,,21495,6.93,1143327,109
"5,725",1800000,638476,783733,638476,145257,783733,,,,118294,5.4,867930,90
"5,726",1800000,506793,1322161,506793,815368,1322161,,,,22793,14.99,852288,
"5,727",1800000,673,673,673,,,,,,,,1746,
"5,728",1800000,0,0,,,,,,,,,,
"5,729",1800000,0,0,,,,1191568,,1191568,,,,115
"5,730",1800000,0,0,,,,,,,,,,
"5,731",1800000,0,0,,,,,,,,,,90
"5,732",1800000,0,0,,,,2302759,,2302759,,,,90
"5,733",1800000,0,0,,,,,,,,,,
"5,734",1784448,0,699804,,699804,699804,,,,,,,
"5,735",1780000,1100310,1700529,1100310,600219,1700529,,,,79141,5.09,1292080,87
"5,736",1750000,8077539,23689409,8077539,15611870,23689409,,,,123643,16.22,16889975,81
"5,737",1750000,145540,634803,145540,489263,634803,,,,,15.36,260175,
"5,738",1750000,93051,1278471,93051,1185420,1278471,,,,32440,2.87,127129,108
"5,739",1750000,0,8719182,,8719182,8719182,,,,,,,109
"5,740",1750000,0,0,,,,,,,,,,97
"5,741",1705215,0,213089,,213089,213089,,,,,,,
"5,742",1700000,35930604,42137871,35930604,6207267,42137871,,,,93972,12.59,66876673,131
"5,743",1700000,12590147,23271741,12590147,10681594,23271741,7678046,,7678046,2769655,4.55,18902752,100
"5,744",1700000,9700000,9700000,9700000,,,,,,,,,
"5,745",1700000,4231500,15517886,4231500,11286386,15517886,,512957,512957,44542,12.1,5583296,104
"5,746",1700000,2507159,2507159,2507159,,,4021434,540148,4561582,998145,2.51,3324369,102
"5,747",1700000,2039192,2891228,2039192,852036,2891228,,,,72056,6.22,4327254,
"5,748",1700000,1777043,9696537,1777043,7919494,9696537,302323,85915,388238,37930,10.82,2219764,107
"5,749",1700000,1000915,4727375,1000915,3726460,4727375,,,,90022,5.64,1683275,
"5,750",1700000,396035,661221,396035,265186,661221,,,,28451,10.29,666021,
"5,751",1660000,0,80745,,80745,80745,64945,,64945,,,,82
"5,752",1650000,30500000,30500000,30500000,,,,376227,376227,,1,,118
"5,753",1644000,4000000,4000000,4000000,,,,,,,,,126
"5,754",1606057,0,1029483,,1029483,1029483,,,,,,,
"5,755",1600000,6026908,6026908,6026908,,,,,,2184633,2.76,12789381,97
"5,756",1600000,5400000,5400000,5400000,,,,,,,,,103
"5,757",1600000,4754682,4805959,4754682,51277,4805959,,,,,206.96,,113
"5,758",1600000,2595644,2595644,2595644,,,,,,1166406,2.23,3546383,109
"5,759",1600000,1060591,14253760,1060591,13193169,14253760,,,,71916,13.64,1592357,95
"5,760",1600000,419428,419428,419428,,,,,,,,1133183,89
"5,761",1600000,145382,145382,145382,,,,,,70664,2.06,239262,
"5,762",1600000,129319,129319,129319,,,,,,91319,1.42,217476,
"5,763",1600000,27795,2627795,27795,2600000,2627795,,,,,6.83,38927,123
"5,764",1600000,15600,868081,15600,852481,868081,193922,,193922,15600,1,20579,86
"5,765",1600000,4321,222382,4321,218061,222382,,,,2144,2.02,5843,80
"5,766",1600000,3264,3264,3264,,,,,,2580,1.27,5487,111
"5,767",1587000,0,8019,,8019,8019,,,,,,,90
"5,768",1577000,0,0,,,,,,,,,,78
"5,769",1500000,54009150,99870886,54009150,45861736,99870886,10551929,3608938,14160867,13271464,4.07,73419745,101
"5,770",1500000,27854931,64895106,27854931,37040175,64895106,1378025,1248263,2626288,402075,12.11,34036211,111
"5,771",1500000,21158188,30351664,21158188,9193476,30351664,,,,8633585,2.45,37825080,94
"5,772",1500000,19097550,22217183,19097550,3119633,22217183,24363567,,24363567,92034,6.21,29923189,107
"5,773",1500000,14533681,14533681,14533681,,,,,,4134098,3.52,39266430,103
"5,774",1500000,11806119,11806119,11806119,,,,,,515721,6.13,30965927,92
"5,775",1500000,9000000,9000000,9000000,,,,,,,,,129
"5,776",1500000,7690044,14296709,7690044,6606665,14296709,25770,190468,216238,3762145,2.04,9099743,98
"5,777",1500000,7412216,20412216,7412216,13000000,20412216,,,,85709,11.15,18368656,91
"5,778",1500000,7372734,11191423,7372734,3818689,11191423,,,,129844,17.94,12318694,81
"5,779",1500000,7025722,9345061,7025722,2319339,9345061,,,,346999,7.12,13035672,
"5,780",1500000,7000000,7000000,7000000,,,,,,,,,111
"5,781",1500000,6424420,6424420,6424420,,,816955,67371,884326,2161480,2.97,7560607,101
"5,782",1500000,5100000,55000000,5100000,49900000,55000000,,,,,,21903580,126
"5,783",1500000,5046118,5046118,5046118,,,,,,,5,12757904,
"5,784",1500000,3491669,4128828,3491669,637159,4128828,235736,327997,563733,1579402,2.21,4629784,103
"5,785",1500000,2408553,2592308,2408553,183755,2592308,,,,61552,9.59,3193618,97
"5,786",1500000,2380606,2381227,2380606,621,2381227,,316131,316131,39555,12.98,5471831,
"5,787",1500000,2300000,2301017,2300000,1017,2301017,,,,95300,24.13,7379158,92
"5,788",1500000,2082980,2082980,2082980,,,3361953,670161,4032114,927161,2.25,2595889,112
"5,789",1500000,1690913,2730877,1690913,1039964,2730877,,,,,9.3,3381815,99
"5,790",1500000,1222889,12412889,1222889,11190000,12412889,,,,40724,11.06,2268974,114
"5,791",1500000,1165881,1541131,1165881,375250,1541131,3500313,1925709,5426022,642942,1.81,1545895,100
"5,792",1500000,779820,922727,779820,142907,922727,2907713,2178474,5086187,11842,65.85,971839,102
"5,793",1500000,712294,1126258,712294,413964,1126258,,,,59459,5.27,1197895,
"5,794",1500000,510957,510957,510957,,,,,,179112,2.85,636775,93
"5,795",1500000,418953,418953,418953,,,,,,,,1106934,
"5,796",1500000,406035,1840248,406035,1434213,1840248,,,,26236,11.85,753360,98
"5,797",1500000,402858,414404,402858,11546,414404,,,,14247,7.35,604844,
"5,798",1500000,378176,1703434,378176,1325258,1703434,,,,76493,4.94,720266,
"5,799",1500000,362239,372239,362239,10000,372239,,,,139832,2.59,492420,99
"5,800",1500000,194568,194568,194568,,,,,,12317,6.04,304858,
"5,801",1500000,184705,184705,184705,,,,,,37324,4.95,251055,128
"5,802",1500000,175281,240396,175281,65115,240396,9010810,,9010810,9152,19.15,274631,
"5,803",1500000,173066,173066,173066,,,,,,16432,7.66,259830,
"5,804",1500000,166980,1605139,166980,1438159,1605139,,,,40258,4.15,228137,98
"5,805",1500000,163245,225837,163245,62592,225837,,,,,4.56,,87
"5,806",1500000,139084,139084,139084,,,,,,92362,1.51,217918,
"5,807",1500000,124244,176262,124244,52018,176262,,,,16359,3.49,164266,104
"5,808",1500000,119841,119841,119841,,,,,,61613,1.95,222348,91
"5,809",1500000,113169,113169,113169,,,,,,105943,1.07,144711,98
"5,810",1500000,75828,172569,75828,96741,172569,,,,8795,7.02,127517,108
"5,811",1500000,52429,52429,52429,,,,,,12418,4.22,75255,93
"5,812",1500000,3865,31916,3865,28051,31916,,,,1541,2.51,5552,
"5,813",1500000,2105,2105,2105,,,,,,432,2.44,2684,94
"5,814",1500000,264,54945,264,54681,54945,,,,252,1.05,356,98
"5,815",1500000,0,236863,,236863,236863,,,,,,,109
"5,816",1500000,0,98806,,98806,98806,,,,,,,155
"5,817",1500000,0,58692,,58692,58692,,,,,,,
"5,818",1500000,0,5396,,5396,5396,129902,,129902,,,,112
"5,819",1500000,0,0,,,,,,,,,,87
"5,820",1500000,0,0,,,,,,,,,,
"5,821",1500000,0,0,,,,150015,,150015,,,,
"5,822",1500000,0,0,,,,,,,,,,
"5,823",1500000,0,0,,,,10339,,10339,,,,
"5,824",1500000,0,0,,,,,,,,,,90
"5,825",1500000,0,0,,,,51136,,51136,,,,102
"5,826",1488000,184925486,187171725,184925486,2246239,187171725,,,,,14.66,,83
"5,827",1455000,2620000,2620000,2620000,,,,104220,104220,,,,113
"5,828",1450175,0,144664,,144664,144664,,,,,,,87
"5,829",1400000,1329249,4787818,1329249,3458569,4787818,,,,50955,7.28,1656563,125
"5,830",1400000,1303747,9047513,1303747,7743766,9047513,189494,56905,246399,,8.53,1534317,189
"5,831",1400000,845464,5552584,845464,4707120,5552584,,,,20321,8.61,1059696,94
"5,832",1400000,304124,1261792,304124,957668,1261792,,,,28327,8.66,511457,106
"5,833",1400000,260441,1945420,260441,1684979,1945420,,,,21809,7.57,343526,75
"5,834",1400000,36830,56073,36830,19243,56073,,,,13313,2.77,63925,
"5,835",1400000,1632,1632,1632,,,,,,1016,1.61,2156,90
"5,836",1400000,0,0,,,,,,,,,,84
"5,837",1400000,0,0,,,,,,,,,,135
"5,838",1400000,0,0,,,,,,,,,,91
"5,839",1377800,0,0,,,,,,,,,,104
"5,840",1350000,3897569,28356188,3897569,24458619,28356188,,,,143321,8.07,8270815,
"5,841",1305000,909000,909000,909000,,,,97663,97663,15477,11.24,3110795,
"5,842",1300000,2868000,5273000,2868000,2405000,5273000,,,,,,,115
"5,843",1300000,1647780,1649337,1647780,1557,1649337,,,,,14.92,3717289,
"5,844",1300000,749741,749741,749741,,,,,,47329,4.17,1828547,95
"5,845",1300000,695840,1005840,695840,310000,1005840,,,,202965,3.43,1000147,
"5,846",1300000,635305,635305,635305,,,,,,87442,6.41,995425,
"5,847",1300000,609042,609042,609042,,,,,,61300,9.94,1214928,
"5,848",1300000,288751,288751,288751,,,,,,6448,10.09,369237,87
"5,849",1300000,210904,210904,210904,,,,,,210904,1,640429,88
"5,850",1300000,127240,10951283,127240,10824043,10951283,,,,4632,5.34,149411,116
"5,851",1300000,100358,329621,100358,229263,329621,,,,75005,1.34,168772,
"5,852",1300000,77755,90213,77755,12458,90213,,,,19539,3.98,138221,
"5,853",1300000,11278,54665,11278,43387,54665,27374,,27374,733,3.73,14876,95
"5,854",1300000,4055,1738663,4055,1734608,1738663,,,,2453,1.65,6673,102
"5,855",1300000,0,9261982,,9261982,9261982,,,,,,,
"5,856",1300000,0,2736371,,2736371,2736371,1787728,801782,2589510,,,,83
"5,857",1300000,0,13465,,13465,13465,,,,,,,95
"5,858",1300000,0,0,,,,,,,,,,82
"5,859",1300000,0,0,,,,6597,,6597,,,,93
"5,860",1288000,6000000,6002370,6000000,2370,6002370,,,,,,,130
"5,861",1260000,338027,3822788,338027,3484761,3822788,810638,,810638,17768,10.01,405619,104
"5,862",1250000,21722776,21722776,21722776,,,,,,6429784,3.38,84234359,87
"5,863",1250000,11000000,11000000,11000000,,,,,,,,,101
"5,864",1250000,4700000,4700000,4700000,,,,,,1762922,2.67,15079161,88
"5,865",1250000,4404154,5403771,4404154,999617,5403771,749662,70116,819778,347959,3.51,5809978,108
"5,866",1250000,2850357,2940411,2850357,90054,2940411,,,,1478323,1.93,3779436,101
"5,867",1250000,2500000,2500000,2500000,,,,,,,,,88
"5,868",1250000,0,726460,,726460,726460,,,,,,,85
"5,869",1250000,0,382,,382,382,,,,,,,118
"5,870",1250000,0,0,,,,,,,,,,123
"5,871",1227229,0,752464,,752464,752464,,,,,,,
"5,872",1200000,55968727,103880027,55968727,47911300,103880027,,,,18276468,3.06,96817110,103
"5,873",1200000,40564000,41753551,40564000,1189551,41753551,,,,21245,28.67,,98
"5,874",1200000,24741667,36741667,24741667,12000000,36741667,,,,,7.24,66845907,100
"5,875",1200000,18492362,23182223,18492362,4689861,23182223,,,,6203906,2.98,34311123,103
"5,876",1200000,13876974,27025600,13876974,13148626,27025600,,,,68546,17.48,25747631,113
"5,877",1200000,9180275,10827356,9180275,1647081,10827356,,,,118170,17.84,17848705,111
"5,878",1200000,7000000,7022725,7000000,22725,7022725,,,,,,,101
"5,879",1200000,7000000,7000000,7000000,,,,,,,,,99
"5,880",1200000,6100000,6103885,6100000,3885,6103885,,,,,,,177
"5,881",1200000,3700000,3700000,3700000,,,,,,,,,91
"5,882",1200000,2859955,2859955,2859955,,,2487109,302485,2789594,1582466,1.81,3792156,113
"5,883",1200000,2832029,2991484,2832029,159455,2991484,,,,,38.11,7358460,105
"5,884",1200000,2205627,2509344,2205627,303717,2509344,,,,60410,8.34,4411251,85
"5,885",1200000,2000000,2000055,2000000,55,2000055,,,,,,,105
"5,886",1200000,887000,887000,887000,,,,,,,,,
"5,887",1200000,595018,595018,595018,,,,,,261190,2.28,805816,107
"5,888",1200000,376976,3249041,376976,2872065,3249041,65972,,65972,24086,7.54,482060,110
"5,889",1200000,255000,255000,255000,,,,,,255000,1,934993,
"5,890",1200000,58936,58936,58936,,,,,,13684,4.31,105353,
"5,891",1200000,26608,26608,26608,,,,,,2721,9.78,36027,98
"5,892",1200000,8708,8708,8708,,,,,,4046,2.15,10295,96
"5,893",1200000,7826,7826,7826,,,,,,7826,1,10629,85
"5,894",1200000,4254,4254,4254,,,,,,,1.83,5433,107
"5,895",1200000,0,2683618,,2683618,2683618,,,,,,,123
"5,896",1200000,0,81338,,81338,81338,,,,,,,
"5,897",1200000,0,0,,,,,,,,,,115
"5,898",1200000,0,0,,,,,,,,,,
"5,899",1200000,0,0,,,,,,,,,,
"5,900",1200000,0,0,,,,,,,,,,
"5,901",1200000,0,0,,,,,,,,,,90
"5,902",1200000,0,0,,,,,,,,,,95
"5,903",1200000,0,0,,,,,98498,98498,,,,97
"5,904",1200000,0,0,,,,20716,,20716,,,,
"5,905",1200000,0,0,,,,,,,,,,
"5,906",1200000,0,0,,,,,,,,,,
"5,907",1150000,60755732,63777092,60755732,3021360,63777092,25703335,6677691,32381026,9244641,6.57,80164845,95
"5,908",1125000,16124543,18673274,16124543,2548731,18673274,39834394,,39834394,6021106,2.68,27117403,94
"5,909",1125000,6408,414736,6408,408328,414736,,,,1825,3.51,10543,90
"5,910",1100000,21445318,21445868,21445318,550,21445868,,,,,546.31,25376562,89
"5,911",1100000,16186348,29005064,16186348,12818716,29005064,9564944,,9564944,2805754,4.31,27076482,99
"5,912",1100000,4563167,24051852,4563167,19488685,24051852,,,,1334869,3.42,7674088,
"5,913",1100000,4105123,9297407,4105123,5192284,9297407,4070133,6063143,10133276,213785,4.27,5559440,100
"5,914",1100000,1436000,1436000,1436000,,,,,,49840,13.7,4172518,107
"5,915",1100000,1355728,1355728,1355728,,,,82169,82169,154991,8.75,3737782,99
"5,916",1100000,247740,247740,247740,,,,,,11478,21.58,459659,
"5,917",1100000,185903,2751844,185903,2565941,2751844,,,,21307,8.26,219977,96
"5,918",1100000,58434,1414596,58434,1356162,1414596,,,,28881,2.02,68615,99
"5,919",1100000,56491,56491,56491,,,,,,4957,9.64,76495,110
"5,920",1100000,39659,81371,39659,41712,81371,,,,4784,3.6,70889,
"5,921",1100000,2636,53240,2636,50604,53240,23176,,23176,2636,1,3471,91
"5,922",1100000,0,27561,,27561,27561,107923,,107923,,,,109
"5,923",1100000,0,331,,331,331,,79181,79181,,,,90
"5,924",1100000,0,0,,,,,,,,,,
"5,925",1100000,0,0,,,,,,,,,,
"5,926",1100000,0,0,,,,,,,,,,
"5,927",1100000,0,0,,,,,,,,,,
"5,928",1070000,164649,5348767,164649,5184118,5348767,,,,164649,1,236653,156
"5,929",1039000,10805992,10911884,10805992,105892,10911884,,,,,59.54,,99
"5,930",1000000,117235147,225000000,117235147,107764853,225000000,,,,,,,119
"5,931",1000000,53262945,101759490,53262945,48496545,101759490,2792461,1427676,4220137,33732515,1.58,72132473,83
"5,932",1000000,37600000,37600000,37600000,,,,208431,208431,,,,128
"5,933",1000000,32789645,64364198,32789645,31574553,64364198,2768879,1405867,4174746,15845115,2.07,41930298,82
"5,934",1000000,24146161,53365925,24146161,29219764,53365925,33472612,,33472612,281330,11.97,39739780,97
"5,935",1000000,18494006,26887177,18494006,8393171,26887177,3155070,1603290,4758360,7020196,2.63,24522182,94
"5,936",1000000,18119640,42411721,18119640,24292081,42411721,4636116,1107509,5743625,7955307,2.28,24538902,93
"5,937",1000000,17985000,17985130,17985000,130,17985130,,,,,,69740391,91
"5,938",1000000,16067035,59567035,16067035,43500000,59567035,,,,,,,109
"5,939",1000000,14564000,14575148,14564000,11148,14575148,,,,4453232,3.27,40153430,94
"5,940",1000000,14444999,14662703,14444999,217704,14662703,,,,84986,6.08,18001975,90
"5,941",1000000,11769469,15113105,11769469,3343636,15113105,,2331217,2331217,4275126,2.75,12048892,105
"5,942",1000000,10047674,15943081,10047674,5895407,15943081,,,,4428209,2.27,16897639,90
"5,943",1000000,10037390,10037390,10037390,,,,,,4407720,2.28,20074775,107
"5,944",1000000,9737892,16566240,9737892,6828348,16566240,3686550,1260907,4947457,193728,7.02,13239640,120
"5,945",1000000,9015303,16553163,9015303,7537860,16553163,3952161,,3952161,46908,6.21,14837398,103
"5,946",1000000,9000000,9000000,9000000,,,,,,,,,109
"5,947",1000000,9000000,9000000,9000000,,,,,,,,,89
"5,948",1000000,8866745,16434588,8866745,7567843,16434588,66062,100605,166667,3653035,2.43,10492152,88
"5,949",1000000,7800000,7803339,7800000,3339,7803339,,,,,,,100
"5,950",1000000,7192291,12931420,7192291,5739129,12931420,1026540,714500,1741040,3520626,2.04,9197259,103
"5,951",1000000,7123919,9617402,7123919,2493483,9617402,2241432,359958,2601390,686378,7.04,8561401,95
"5,952",1000000,6002451,11495204,6002451,5492753,11495204,,,,113467,6.59,8118440,95
"5,953",1000000,5505267,16173879,5505267,10668612,16173879,3407103,,3407103,1488081,3.7,8265565,122
"5,954",1000000,5355847,5391992,5355847,36145,5391992,,,,34038,3.16,7253269,105
"5,955",1000000,5284309,5797192,5284309,512883,5797192,398663,179556,578219,380691,4.29,6972439,92
"5,956",1000000,4946250,5892466,4946250,946216,5892466,4079654,590675,4670329,54596,12.45,6557668,90
"5,957",1000000,4417674,4731944,4417674,314270,4731944,5850221,417663,6267884,60513,14.83,6349668,94
"5,958",1000000,3496795,5839322,3496795,2342527,5839322,120761,38625,159386,124823,3.64,4202389,98
"5,959",1000000,3395581,3465703,3395581,70122,3465703,,,,123055,4.21,7804763,104
"5,960",1000000,3122616,3324070,3122616,201454,3324070,229188,90409,319597,77315,5.68,4120170,83
"5,961",1000000,2981038,5438911,2981038,2457873,5438911,,,,137651,6.19,4052051,101
"5,962",1000000,2678010,3553253,2678010,875243,3553253,,,,74739,10.15,4503733,106
"5,963",1000000,2511476,6030129,2511476,3518653,6030129,,,,70234,8.89,3757746,97
"5,964",1000000,2402459,3575308,2402459,1172849,3575308,,,,545132,3.97,4572801,108
"5,965",1000000,2057193,2315026,2057193,257833,2315026,,,,649423,3.17,4728464,92
"5,966",1000000,1744858,2022442,1744858,277584,2022442,,,,109694,9.94,3487276,
"5,967",1000000,1678874,1849392,1678874,170518,1849392,,,,45138,11.46,2763086,
"5,968",1000000,1355079,1355079,1355079,,,,,,,97.66,1934374,96
"5,969",1000000,1287480,1615787,1287480,328307,1615787,,,,44602,8.4,3140052,
"5,970",1000000,1239183,1492895,1239183,253712,1492895,,,,35636,13.85,2213770,
"5,971",1000000,1067481,2684207,1067481,1616726,2684207,,,,22645,15.55,1995507,98
"5,972",1000000,1009819,1087521,1009819,77702,1087521,,,,34887,2.06,2321074,92
"5,973",1000000,952432,4013278,952432,3060846,4013278,186552,86785,273337,31006,13.05,1138185,89
"5,974",1000000,852206,852206,852206,,,,,,103629,8.22,1623101,
"5,975",1000000,800148,1471090,800148,670942,1471090,82144,118394,200538,67599,3.24,961608,109
"5,976",1000000,779137,1425707,779137,646570,1425707,,,,18006,14.87,1491790,90
"5,977",1000000,767732,1156309,767732,388577,1156309,530735,,530735,63461,6.39,1012986,98
"5,978",1000000,623791,1179462,623791,555671,1179462,,,,374708,1.66,1247580,
"5,979",1000000,621859,2721096,621859,2099237,2721096,,,,35792,9.02,849636,
"5,980",1000000,582024,627287,582024,45263,627287,,367104,367104,210073,2.77,1337776,93
"5,981",1000000,568662,1239174,568662,670512,1239174,,,,27137,6.62,773034,91
"5,982",1000000,549666,703020,549666,153354,703020,,,,39417,10.85,982651,108
"5,983",1000000,549185,549185,549185,,,,,,337091,1.63,724621,98
"5,984",1000000,542909,542909,542909,,,,,,31777,9.43,1275058,
"5,985",1000000,486919,1227316,486919,740397,1227316,1074084,334239,1408323,27450,9.69,645463,115
"5,986",1000000,464126,475367,464126,11241,475367,,,,30087,7.18,829726,96
"5,987",1000000,446165,473769,446165,27604,473769,,,,42808,4.05,699072,
"5,988",1000000,428535,428535,428535,,,,,,122158,3.51,857032,
"5,989",1000000,350000,350000,350000,,,,,,350000,1,370983,128
"5,990",1000000,336472,852399,336472,515927,852399,,432489,432489,27682,4.37,443953,107
"5,991",1000000,323070,2697234,323070,2374164,2697234,,174309,174309,,8.84,426274,97
"5,992",1000000,288757,288757,288757,,,,,,32238,7.73,378766,
"5,993",1000000,280351,839145,280351,558794,839145,,,,42569,2.48,501184,
"5,994",1000000,274661,304472,274661,29811,304472,,,,10930,9.78,412367,
"5,995",1000000,231738,354836,231738,123098,354836,,246194,246194,67877,3.41,288796,99
"5,996",1000000,227241,227241,227241,,,,,,70910,3.2,392597,
"5,997",1000000,213137,213137,213137,,,,,,15522,10.11,383488,
"5,998",1000000,144601,215559,144601,70958,215559,,,,9805,5.33,237979,
"5,999",1000000,113433,113433,113433,,,,,,8517,6.54,216042,
"6,000",1000000,101531,101531,101531,,,436976,,436976,43285,2.35,129834,95
"6,001",1000000,100085,100085,100085,,,,,,65132,1.54,136054,110
"6,002",1000000,96734,96734,96734,,,,,,49879,1.94,130999,
"6,003",1000000,63014,63014,63014,,,,,,6964,2.21,78522,97
"6,004",1000000,49000,1549000,49000,1500000,1549000,,,,38000,1.29,82402,
"6,005",1000000,48764,51587,48764,2823,51587,,,,7505,6.5,66286,93
"6,006",1000000,43756,43756,43756,,,,,,17958,2.44,54525,104
"6,007",1000000,22434,22434,22434,,,,,,,20.28,51518,
"6,008",1000000,21210,21210,21210,,,,,,21210,1,48747,
"6,009",1000000,17127,17127,17127,,,,,,6900,2.48,32609,
"6,010",1000000,15156,15156,15156,,,,,,15156,1,19372,96
"6,011",1000000,12996,12996,12996,,,,,,10131,1.28,25991,82
"6,012",1000000,11574,11574,11574,,,,,,2819,1.92,15803,100
"6,013",1000000,10787,844377,10787,833590,844377,,,,5555,1.94,16892,78
"6,014",1000000,9837,101053,9837,91216,101053,81945,71127,153072,1316,3.19,12979,118
"6,015",1000000,7202,26822,7202,19620,26822,,,,3232,2.23,10812,
"6,016",1000000,6870,6870,6870,,,,,,5264,1.31,8775,102
"6,017",1000000,5494,5494,5494,,,,,,1370,1.89,11653,
"6,018",1000000,3700,3700,3700,,,,,,,1.06,6220,97
"6,019",1000000,1036,1036,1036,,,,,,,,1315,
"6,020",1000000,884,884,884,,,,,,232,2.56,1445,
"6,021",1000000,703,703,703,,,,,,703,1,1294,
"6,022",1000000,0,6298717,,6298717,6298717,,,,,,,115
"6,023",1000000,0,552614,,552614,552614,,,,,,,
"6,024",1000000,0,206973,,206973,206973,,,,,,,95
"6,025",1000000,0,107590,,107590,107590,4813,,4813,,,,86
"6,026",1000000,0,19923,,19923,19923,,,,,,,96
"6,027",1000000,0,17721,,17721,17721,,,,,,,
"6,028",1000000,0,5382,,5382,5382,,,,,,,76
"6,029",1000000,0,0,,,,,,,,,,
"6,030",1000000,0,0,,,,,,,,,,
"6,031",1000000,0,0,,,,,,,,,,90
"6,032",1000000,0,0,,,,,,,,,,
"6,033",1000000,0,0,,,,,,,,,,
"6,034",1000000,0,0,,,,,,,,,,
"6,035",1000000,0,0,,,,,,,,,,
"6,036",1000000,0,0,,,,,,,,,,90
"6,037",1000000,0,0,,,,,,,,,,
"6,038",1000000,0,0,,,,,,,,,,
"6,039",1000000,0,0,,,,29772,,29772,,,,
"6,040",1000000,0,0,,,,,,,,,,
"6,041",1000000,0,0,,,,,,,,,,93
"6,042",1000000,0,0,,,,,,,,,,84
"6,043",1000000,0,0,,,,,,,,,,
"6,044",1000000,0,0,,,,88674,,88674,,,,95
"6,045",1000000,0,0,,,,,,,,,,90
"6,046",1000000,0,0,,,,,,,,,,94
"6,047",1000000,0,0,,,,,,,,,,90
"6,048",1000000,0,0,,,,,,,,,,87
"6,049",1000000,0,0,,,,144457,,144457,,,,
"6,050",1000000,0,0,,,,30756,,30756,,,,
"6,051",1000000,0,0,,,,,,,,,,83
"6,052",1000000,0,0,,,,27187,,27187,,,,
"6,053",1000000,0,0,,,,,,,,,,
"6,054",1000000,0,0,,,,,,,,,,73
"6,055",1000000,0,0,,,,,8077,8077,,,,91
"6,056",989000,8158,8158,8158,,,,,,4719,1.73,12774,
"6,057",950000,1024640,8267066,1024640,7242426,8267066,,,,58049,3.37,1686348,
"6,058",950000,814666,814666,814666,,,,,,56900,12.72,1496663,103
"6,059",950000,3550,289789,3550,286239,289789,,,,3550,1,5552,
"6,060",950000,0,78122,,78122,78122,130646,,130646,,,,87
"6,061",950000,0,0,,,,,,,,,,95
"6,062",950000,0,0,,,,7315,,7315,,,,95
"6,063",950000,0,0,,,,193365,,193365,,,,
"6,064",930000,30905,30905,30905,,,,,,20186,1.53,41848,100
"6,065",916000,6179955,6188421,6179955,8466,6188421,178153,124893,303046,2403885,2.57,7426967,99
"6,066",913000,0,176,,176,176,,,,,,,82
"6,067",910000,9600000,9609459,9600000,9459,9609459,,,,,,,108
"6,068",900000,16098998,17549645,16098998,1450647,17549645,4767900,1360859,6128759,377285,3.51,21346513,84
"6,069",900000,9097072,9097072,9097072,,,1177873,119746,1297619,4055940,2.24,11337154,93
"6,070",900000,1196321,11993156,1196321,10796835,11993156,,,,30350,9.5,1796142,113
"6,071",900000,905111,2019874,905111,1114763,2019874,,,,48638,6.42,1071025,91
"6,072",900000,454121,958978,454121,504857,958978,,,,43318,8.18,617327,107
"6,073",900000,381420,381420,381420,,,,,,27546,1.97,627741,
"6,074",900000,101215,102812,101215,1597,102812,,,,25195,4.02,145476,95
"6,075",900000,7396,7396,7396,,,,,,,2.61,10015,89
"6,076",900000,6997,413733,6997,406736,413733,,,,4468,1.57,9271,101
"6,077",900000,0,0,,,,,,,,,,111
"6,078",900000,0,0,,,,10615,,10615,,,,
"6,079",880000,26015149,75636047,26015149,49620898,75636047,180814,148625,329439,388769,4.29,30784112,101
"6,080",858000,102797000,268000000,102797000,165203000,268000000,,,,,14.24,,70
"6,081",850000,1251749,1386088,1251749,134339,1386088,,,,143935,4.63,1695198,91
"6,082",850000,833118,865708,833118,32590,865708,,,,,13.21,1446212,
"6,083",850000,442638,442638,442638,,,,,,97137,4.22,664565,88
"6,084",850000,3256,3256,3256,,,,,,2160,1.51,4161,90
"6,085",850000,0,0,,,,,,,,,,94
"6,086",850000,0,0,,,,,,,,,,95
"6,087",850000,0,0,,,,21695,21120,42815,,,,87
"6,088",840000,3103407,3787689,3103407,684282,3787689,,,,107785,4.32,4202853,91
"6,089",825000,1500711,1500711,1500711,,,,,,300103,5,2749223,
"6,090",825000,0,610776,,610776,610776,,,,,,,85
"6,091",820000,0,16909,,16909,16909,,,,,,,
"6,092",800000,98000000,98000000,98000000,,,,,,,,,112
"6,093",800000,7098492,24426169,7098492,17327677,24426169,,,,59481,7.46,9613572,123
"6,094",800000,4198137,5034794,4198137,836657,5034794,,,,,11.93,10238887,87
"6,095",800000,2073984,2900578,2073984,826594,2900578,,,,33166,9.78,3707716,88
"6,096",800000,1001437,1001437,1001437,,,,,,,,2607596,115
"6,097",800000,881950,881950,881950,,,,,,85610,5.85,1636382,101
"6,098",800000,200433,200433,200433,,,,,,,40.39,314043,
"6,099",800000,144583,371647,144583,227064,371647,,,,23318,6.2,289163,
"6,100",800000,62544,62544,62544,,,,,,,11.62,108565,
"6,101",800000,58163,58163,58163,,,,,,4855,5.62,103973,
"6,102",800000,46742,2194020,46742,2147278,2194020,,,,5363,6.8,67181,91
"6,103",800000,35688,35688,35688,,,127331,,127331,10329,1.43,47087,90
"6,104",800000,29063,462206,29063,433143,462206,,,,9838,2.95,39358,95
"6,105",800000,0,0,,,,,,,,,,88
"6,106",780000,1310470,1310470,1310470,,,,,,129056,10.15,2265676,
"6,107",777000,115557835,140557835,115557835,25000000,140557835,,,,,,,112
"6,108",775000,0,0,,,,,,,,,,
"6,109",750000,7706436,7712436,7706436,6000,7712436,4401679,,4401679,1908420,4.04,10476079,68
"6,110",750000,5520368,5520368,5520368,,,13304430,,13304430,3005175,1.84,8649646,86
"6,111",750000,4010957,4422318,4010957,411361,4422318,,,,97762,8.48,5431923,85
"6,112",750000,3053823,15161647,3053823,12107824,15161647,,,,67492,10.48,4584982,89
"6,113",750000,892802,940936,892802,48134,940936,,,,50738,7.38,1141677,87
"6,114",750000,233914,303337,233914,69423,303337,,281882,281882,,16.72,,111
"6,115",750000,78396,1011535,78396,933139,1011535,,,,29557,2.65,106161,102
"6,116",750000,47329,47329,47329,,,,,,,2.53,87814,82
"6,117",750000,41196,229250,41196,188054,229250,,,,8527,2.42,69272,104
"6,118",750000,19367,814801,19367,795434,814801,,,,4744,4.08,27834,99
"6,119",750000,0,1960521,,1960521,1960521,,,,,,,90
"6,120",750000,0,450,,450,450,,,,,,,
"6,121",750000,0,0,,,,,,,,,,
"6,122",750000,0,0,,,,,,,,,,
"6,123",750000,0,0,,,,134108,20495,154603,,,,108
"6,124",747000,44566,44756,44566,190,44756,,,,,6.9,,107
"6,125",730000,8000000,8000000,8000000,,,,,,,,,85
"6,126",700000,7768371,11768371,7768371,4000000,11768371,,191580,191580,,11.36,19580846,171
"6,127",700000,3278611,4857731,3278611,1579120,4857731,,,,1574787,2.08,5513787,86
"6,128",700000,2697938,4911725,2697938,2213787,4911725,1557881,,1557881,53983,9.28,4440260,87
"6,129",700000,1140965,1140965,1140965,,,,,,82530,7.19,2172828,
"6,130",700000,1017107,1110511,1017107,93404,1110511,,,,26820,9.12,1222333,104
"6,131",700000,10508,10508,10508,,,,,,6018,1.75,22293,
"6,132",700000,0,1160,,1160,1160,,,,,,,
"6,133",700000,0,0,,,,88246,,88246,,,,94
"6,134",672000,10000000,10001781,10000000,1781,10001781,,,,,,,100
"6,135",658000,23800000,23800000,23800000,,,,962023,962023,,,,88
"6,136",650000,2301777,2301777,2301777,,,,,,1102036,2.09,5290652,
"6,137",650000,1129408,6477294,1129408,5347886,6477294,,,,64537,6.42,1357299,89
"6,138",650000,171962,171962,171962,,,,,,63297,2.72,228008,90
"6,139",650000,113279,113279,113279,,,83661,,83661,12528,7.94,136130,88
"6,140",650000,19836,28176,19836,8340,28176,,,,19836,1,26163,103
"6,141",650000,1447,1447,1447,,,,,,579,2.5,1703,101
"6,142",650000,0,0,,,,,,,,,,
"6,143",650000,0,0,,,,,,,,,,71
"6,144",640000,0,14812,,14812,14812,,,,,,,
"6,145",625000,0,0,,,,,,,,,,67
"6,146",625000,0,0,,,,,,,,,,84
"6,147",609000,1782000,3202000,1782000,1420000,3202000,,,,,,,101
"6,148",600000,140539099,248300000,140539099,107760901,248300000,,,,1512054,4.81,298230597,81
"6,149",600000,34505110,34699266,34505110,194156,34699266,,,,,,,184
"6,150",600000,15000000,20000000,15000000,5000000,20000000,,,,,,72511206,83
"6,151",600000,4300000,4300000,4300000,,,,464037,464037,,,,132
"6,152",600000,173599,173599,173599,,,,,,79607,2.18,347191,
"6,153",600000,42557,42557,42557,,,,,,39428,1.08,56142,87
"6,154",600000,23616,23616,23616,,,,,,7798,3.03,36997,
"6,155",600000,15030,85343,15030,70313,85343,,,,3722,3.79,31887,
"6,156",600000,3301,3301,3301,,,,,,3301,1,4215,
"6,157",600000,0,7943,,7943,7943,,,,,,,99
"6,158",600000,0,0,,,,,,,,,,115
"6,159",600000,0,0,,,,,,,,,,98
"6,160",600000,0,0,,,,,,,,,,98
"6,161",600000,0,0,,,,,,,,,,
"6,162",600000,0,0,,,,99239,,99239,,,,104
"6,163",560000,1537860,1633083,1537860,95223,1633083,,1265308,1265308,,6.97,,87
"6,164",560000,3709,3709,3709,,,,,,2245,1.65,5034,84
"6,165",560000,0,8462,,8462,8462,,,,,,,
"6,166",558000,900000,900000,900000,,,,,,,,,89
"6,167",550000,39754601,59754601,39754601,20000000,59754601,,,,5816321,6.84,159313976,96
"6,168",550000,5269990,5269990,5269990,,,,8805,8805,54862,16.28,16907880,98
"6,169",550000,9111,9111,9111,,,8308,,8308,,,11955,115
"6,170",546173,0,0,,,,,,,,,,87
"6,171",535000,283024,1040135,283024,757111,1040135,150134,55295,205429,9181,9.39,358058,100
"6,172",500000,33456317,33473297,33456317,16980,33473297,50924129,,50924129,6804764,4.92,50218263,122
"6,173",500000,31559560,31559560,31559560,,,,,,,,,86
"6,174",500000,30500882,55518641,30500882,25017759,55518641,,,,1100943,2.67,52946779,79
"6,175",500000,17000000,17000000,17000000,,,,,,,,82179368,95
"6,176",500000,8117961,9387581,8117961,1269620,9387581,,,,45348,15.85,13652353,106
"6,177",500000,5801558,9470209,5801558,3668651,9470209,,,,57785,13.44,10314714,90
"6,178",500000,3777210,3824868,3777210,47658,3824868,,,,1513955,2.49,5160742,120
"6,179",500000,3121270,3177636,3121270,56366,3177636,,,,32847,9.6,5136983,94
"6,180",500000,2047570,2047570,2047570,,,,,,9532,2.12,4096292,
"6,181",500000,1250798,1250798,1250798,,,,,,46649,24.87,2320751,102
"6,182",500000,1131261,1131261,1131261,,,,,,20247,19.78,1537821,93
"6,183",500000,1127331,1971479,1127331,844148,1971479,,,,,10.16,1956937,83
"6,184",500000,1115313,1167524,1115313,52211,1167524,,,,55946,13.34,2230619,
"6,185",500000,1111615,1111615,1111615,,,,,,130352,8.53,1987261,101
"6,186",500000,985341,1027228,985341,41887,1027228,,,,49849,6.58,2090932,
"6,187",500000,753994,990939,753994,236945,990939,,,,,10.95,,207
"6,188",500000,603951,1348750,603951,744799,1348750,,,,29170,6.13,1048398,
"6,189",500000,343706,407100,343706,63394,407100,305770,220226,525996,19505,6.35,455735,90
"6,190",500000,334041,367582,334041,33541,367582,,,,231500,1.44,767795,
"6,191",500000,328188,390803,328188,62615,390803,,,,48919,2.77,388350,90
"6,192",500000,307631,308793,307631,1162,308793,,,,33088,5.22,570779,
"6,193",500000,254293,254293,254293,,,,,,99296,2.56,454603,
"6,194",500000,237301,5639730,237301,5402429,5639730,,,,20508,4.87,324219,97
"6,195",500000,185576,197340,185576,11764,197340,56422,39376,95798,18009,6.49,219589,94
"6,196",500000,154187,602789,154187,448602,602789,,,,13798,5.43,253761,
"6,197",500000,152449,152449,152449,,,,,,13802,11.05,202136,88
"6,198",500000,134109,314444,134109,180335,314444,,,,19821,4.82,181611,91
"6,199",500000,129479,280967,129479,151488,280967,142023,97266,239289,10077,9.79,161926,80
"6,200",500000,100370,680914,100370,580544,680914,,,,16346,6.14,136432,84
"6,201",500000,55000,55000,55000,,,,,,,,140830,97
"6,202",500000,52850,53201,52850,351,53201,,,,11903,3.65,82801,
"6,203",500000,32033,32033,32033,,,,,,8811,3.64,48090,
"6,204",500000,19800,19800,19800,,,,,,3900,4.71,35391,97
"6,205",500000,15433,44793168,15433,44777735,44793168,,,,226,7.5,22174,84
"6,206",500000,13134,13134,13134,,,,,,1461,5.75,23479,
"6,207",500000,12232,12232,12232,,,,,,3821,3.2,16709,91
"6,208",500000,6840,77121,6840,70281,77121,,,,6840,1,9831,
"6,209",500000,4134,4134,4134,,,,,,4134,1,6942,87
"6,210",500000,1822,1822,1822,,,37057,,37057,,1,2404,83
"6,211",500000,1778,1778,1778,,,,,,1332,1.33,2350,87
"6,212",500000,528,528,528,,,,,,299,1.77,614,93
"6,213",500000,0,3000000,,3000000,3000000,,,,,,,98
"6,214",500000,0,2141436,,2141436,2141436,,,,,,,
"6,215",500000,0,1355967,,1355967,1355967,,,,,,,102
"6,216",500000,0,230362,,230362,230362,,,,,,,92
"6,217",500000,0,7890,,7890,7890,,,,,,,87
"6,218",500000,0,59,,59,59,,,,,,,96
"6,219",500000,0,0,,,,,,,,,,
"6,220",500000,0,0,,,,,,,,,,89
"6,221",500000,0,0,,,,,,,,,,
"6,222",500000,0,0,,,,,,,,,,
"6,223",500000,0,0,,,,,,,,,,
"6,224",500000,0,0,,,,34860,,34860,,,,122
"6,225",500000,0,0,,,,6660,,6660,,,,
"6,226",500000,0,0,,,,,,,,,,82
"6,227",500000,0,0,,,,,,,,,,
"6,228",500000,0,0,,,,,,,,,,
"6,229",500000,0,0,,,,,,,,,,94
"6,230",500000,0,0,,,,,,,,,,82
"6,231",500000,0,0,,,,,,,,,,80
"6,232",500000,0,0,,,,,,,,,,
"6,233",500000,0,0,,,,,,,,,,
"6,234",500000,0,0,,,,,,,,,,98
"6,235",500000,0,0,,,,,,,,,,90
"6,236",500000,0,0,,,,,,,,,,108
"6,237",500000,0,0,,,,,,,,,,
"6,238",475000,15063,15063,15063,,,,,,,2.64,31963,111
"6,239",475000,0,0,,,,,,,,,,82
"6,240",450000,107918810,194183034,107918810,86264224,194183034,17765016,4359396,22124412,77873,5.11,155110747,96
"6,241",450000,2712293,2712293,2712293,,,,,,,,6945015,91
"6,242",450000,2075743,4243996,2075743,2168253,4243996,5063325,,5063325,83574,8.82,3416257,110
"6,243",450000,410919,450349,410919,39430,450349,,,,25682,10.89,965069,
"6,244",450000,379418,1297745,379418,918327,1297745,,,,66157,5.74,624442,84
"6,245",450000,41260,42503,41260,1243,42503,,,,6153,4.65,52326,87
"6,246",450000,13804,22623,13804,8819,22623,,,,10700,1.29,20719,
"6,247",450000,13486,13486,13486,,,,,,,5.28,17787,86
"6,248",450000,0,0,,,,,,,,,,85
"6,249",450000,0,0,,,,,,,,,,52
"6,250",439000,1438000,2281000,1438000,843000,2281000,,191702,191702,,,,89
"6,251",430000,2938000,2938000,2938000,,,,,,,388.93,7476685,98
"6,252",425000,80301,581304,80301,501003,581304,,,,5880,10,132152,
"6,253",425000,22222,25733825,22222,25711603,25733825,,,,22222,1,26702,95
"6,254",425000,12604,12604,12604,,,,,,2360,5.23,21193,
"6,255",420000,258384,437002,258384,178618,437002,257152,525976,783128,32608,3.51,340918,92
"6,256",410000,0,217,,217,217,,,,,,,106
"6,257",400000,44540956,46122713,44540956,1581757,46122713,,,,116666,15.84,77312036,96
"6,258",400000,4162392,5763644,4162392,1601252,5763644,,,,,8.71,,91
"6,259",400000,1692693,2797199,1692693,1104506,2797199,,,,95400,7.8,2785832,
"6,260",400000,1293295,1600566,1293295,307271,1600566,,,,103355,9.9,2399606,
"6,261",400000,1013100,2308535,1013100,1295435,2308535,813346,480974,1294320,56206,6.53,1343274,96
"6,262",400000,655538,655538,655538,,,,,,326425,2.01,984214,139
"6,263",400000,592014,1162014,592014,570000,1162014,,,,12740,9.29,1021502,
"6,264",400000,433588,433588,433588,,,,,,249428,1.74,592404,92
"6,265",400000,126387,136926,126387,10539,136926,,686559,686559,,32.71,290499,89
"6,266",400000,89134,89134,89134,,,,,,,,357195,
"6,267",400000,58738,63373,58738,4635,63373,,,,15758,3.73,75104,85
"6,268",400000,44452,44452,44452,,,,,,7968,5.58,84655,92
"6,269",400000,31425,31425,31425,,,,,,9642,3.26,53825,
"6,270",400000,423,423,423,,,,,,338,1.25,701,
"6,271",400000,0,44956,,44956,44956,,,,,,,90
"6,272",400000,0,18422,,18422,18422,,272825,272825,,,,91
"6,273",400000,0,9442,,9442,9442,,61156,61156,,,,97
"6,274",400000,0,663,,663,663,,,,,,,96
"6,275",400000,0,0,,,,,,,,,,
"6,276",400000,0,0,,,,,,,,,,
"6,277",385907,0,0,,,,,341466,341466,,,,197
"6,278",379000,2800000,4358000,2800000,1558000,4358000,,,,,,,100
"6,279",375000,2400000,29400000,2400000,27000000,29400000,,,,,,8213325,85
"6,280",375000,617172,617172,617172,,,,,,125636,4.91,1309662,
"6,281",365000,0,1553556,,1553556,1553556,,,,,,,81
"6,282",350000,10000000,10000000,10000000,,,,,,,,40074348,88
"6,283",350000,4000000,4000000,4000000,,,,132606,132606,,3.85,11028123,90
"6,284",350000,1531154,1772979,1531154,241825,1772979,,,,57286,6.95,2575008,
"6,285",350000,246574,310891,246574,64317,310891,,,,11550,18.91,336217,83
"6,286",350000,84689,84689,84689,,,,,,10827,5.4,139375,
"6,287",350000,9118,9118,9118,,,,,,4800,1.9,16914,90
"6,288",350000,0,0,,,,,,,,,,
"6,289",350000,0,0,,,,16117,17809,33926,,,,
"6,290",350000,0,0,,,,,,,,,,80
"6,291",340000,0,379,,379,379,,,,,,,96
"6,292",325000,47274000,70274000,47274000,23000000,70274000,,,,,172.53,216843117,91
"6,293",325000,2500000,2500503,2500000,503,2500503,,,,,,,105
"6,294",323000,110248,1373407,110248,1263159,1373407,,,,6686,15.83,150370,94
"6,295",318000,121179,175481,121179,54302,175481,325669,186270,511939,69447,1.74,159889,85
"6,296",312000,1350248,1788168,1350248,437920,1788168,,,,41202,5.57,2834827,
"6,297",300000,7718961,7808524,7718961,89563,7808524,,,,4632847,1.67,13799403,112
"6,298",300000,2637726,2652515,2637726,14789,2652515,,,,88584,21.89,5275452,108
"6,299",300000,2528664,3571253,2528664,1042589,3571253,,,,48422,9.82,4514233,80
"6,300",300000,1652472,2525984,1652472,873512,2525984,,,,,12.45,3880962,
"6,301",300000,865695,1416046,865695,550351,1416046,,,,18218,13.19,1251418,
"6,302",300000,373615,373615,373615,,,,,,213347,1.75,858756,
"6,303",300000,255923,399908,255923,143985,399908,31189,32731,63920,3310,14.58,414448,76
"6,304",300000,87264,87264,87264,,,,,,2932,7.29,146748,89
"6,305",300000,70807,78237,70807,7430,78237,,,,,8.94,110937,110
"6,306",300000,42735,42735,42735,,,,,,8936,4.78,98163,85
"6,307",300000,39475,39475,39475,,,,,,11332,3.48,53652,88
"6,308",300000,33312,33312,33312,,,,,,4895,6.81,54816,
"6,309",300000,27099,48539,27099,21440,48539,41108,88786,129894,8908,3.04,33763,77
"6,310",300000,17241,17241,17241,,,,,,241,13.27,23026,95
"6,311",300000,16892,2066892,16892,2050000,2066892,,,,1938,3.85,31337,
"6,312",300000,10876,10876,10876,,,,,,10876,1,24988,
"6,313",300000,10514,10514,10514,,,,,,5199,2.02,17679,
"6,314",300000,3496,3496,3496,,,13521,,13521,,,3496,103
"6,315",300000,1711,1711,1711,,,20789,,20789,214,1.37,2178,110
"6,316",300000,0,3565259,,3565259,3565259,,,,,,,113
"6,317",300000,0,0,,,,,,,,,,80
"6,318",300000,0,0,,,,,,,,,,
"6,319",300000,0,0,,,,,,,,,,77
"6,320",300000,0,0,,,,11237,,11237,,,,
"6,321",300000,0,0,,,,,,,,,,
"6,322",300000,0,0,,,,,,,,,,98
"6,323",300000,0,0,,,,,,,,,,
"6,324",300000,0,0,,,,,,,,,,
"6,325",290000,0,0,,,,,,,,,,90
"6,326",270000,319285,830700,319285,511415,830700,,,,16427,5.9,432397,90
"6,327",250000,23894000,23894000,23894000,,,,,,,,92653712,96
"6,328",250000,12084084,13506715,12084084,1422631,13506715,,,,5501070,2.2,12084084,106
"6,329",250000,12006514,15155095,12006514,3148581,15155095,,,,52446,7.31,28198302,111
"6,330",250000,10962502,15687338,10962502,4724836,15687338,1008955,2506709,3515664,805000,5.75,11215102,138
"6,331",250000,4210379,4613482,4210379,403103,4613482,,,,91910,7.45,7812018,91
"6,332",250000,3930990,3934450,3930990,3460,3934450,49161,59112,108273,1701785,2.31,4724195,89
"6,333",250000,3802390,3809226,3802390,6836,3809226,,,,360772,3.69,6797631,101
"6,334",250000,3395391,3728400,3395391,333009,3728400,,,,123140,6.5,4615554,89
"6,335",250000,2210408,2477155,2210408,266747,2477155,,,,60104,10.91,5477738,
"6,336",250000,1055671,1157672,1055671,102001,1157672,,,,72831,7.14,2111338,
"6,337",250000,902835,1366235,902835,463400,1366235,,,,305054,2.96,1719529,
"6,338",250000,489220,8969065,489220,8479845,8969065,,,,57147,8.56,1124473,90
"6,339",250000,212285,743216,212285,530931,743216,,,,22807,5,498564,
"6,340",250000,203134,203134,203134,,,,,,,17.08,466903,75
"6,341",250000,191862,191862,191862,,,,,,21813,8.09,322656,
"6,342",250000,178095,178095,178095,,,,,,42668,4.17,377925,
"6,343",250000,67665,67665,67665,,,,,,27122,2.49,101591,90
"6,344",250000,59671,62375,59671,2704,62375,55485,28837,84322,13351,4.47,79114,100
"6,345",250000,51540,51540,51540,,,,,,7100,7.26,84817,
"6,346",250000,49772,237816,49772,188044,237816,,,,,3.88,83286,
"6,347",250000,46026,284174,46026,238148,284174,,,,4553,10.01,69725,
"6,348",250000,21147,21147,21147,,,,,,6982,3.03,27273,96
"6,349",250000,18823,18823,18823,,,,,,,4.21,24826,89
"6,350",250000,18195,20628,18195,2433,20628,,,,1610,2.76,38603,81
"6,351",250000,0,3234,,3234,3234,,,,,,,
"6,352",250000,0,0,,,,,,,,,,
"6,353",250000,0,0,,,,,,,,,,99
"6,354",250000,0,0,,,,,,,,,,
"6,355",250000,0,0,,,,,,,,,,
"6,356",250000,0,0,,,,,,,,,,
"6,357",250000,0,0,,,,,,,,,,
"6,358",250000,0,0,,,,,,,,,,90
"6,359",250000,0,0,,,,,,,,,,
"6,360",250000,0,0,,,,,,,,,,108
"6,361",250000,0,0,,,,5738,,5738,,,,
"6,362",250000,0,0,,,,,,,,,,
"6,363",250000,0,0,,,,,,,,,,
"6,364",250000,0,0,,,,126665,,126665,,,,
"6,365",250000,0,0,,,,,,,,,,
"6,366",250000,0,0,,,,,,,,,,88
"6,367",250000,0,0,,,,70054,,70054,,,,86
"6,368",250000,0,0,,,,,,,,,,
"6,369",250000,0,0,,,,,,,,,,105
"6,370",245000,11000000,22000000,11000000,11000000,22000000,,268719,268719,,,,151
"6,371",240000,7484,7484,7484,,,,,,2028,3.69,11233,
"6,372",230000,104979,2703762,104979,2598783,2703762,,,,10940,8.54,150888,
"6,373",225000,1109276,1109276,1109276,,,,,,,,1482627,86
"6,374",225000,1032075,1032075,1032075,,,,,,72129,12.44,2064144,
"6,375",225000,412340,1611592,412340,1199252,1611592,,,,,411.93,513872,90
"6,376",210000,5000000,5000000,5000000,,,,,,,,,80
"6,377",200000,13500000,25000000,13500000,11500000,25000000,,,,,,,93
"6,378",200000,8773197,8774637,8773197,1440,8774637,,,,,,35158011,93
"6,379",200000,8509867,18413804,8509867,9903937,18413804,954500,314743,1269243,3880053,2.19,11228437,98
"6,380",200000,8000000,8000000,8000000,,,,,,,,,86
"6,381",200000,4505922,6618578,4505922,2112656,6618578,,,,74118,8.54,10951812,96
"6,382",200000,3500000,3528283,3500000,28283,3528283,,,,,,,99
"6,383",200000,2430735,2430735,2430735,,,,,,1010299,2.41,3304318,101
"6,384",200000,2200000,2200000,2200000,,,,,,,,,66
"6,385",200000,2040920,2041928,2040920,1008,2041928,,,,,,5314271,81
"6,386",200000,1161843,1161843,1161843,,,,,,200815,5.79,2323683,
"6,387",200000,1109808,1165996,1109808,56188,1165996,,,,53022,3.41,1419176,80
"6,388",200000,381225,439651,381225,58426,439651,,,,3263,24.32,644849,
"6,389",200000,236806,236806,236806,,,171860,,171860,67909,3.49,320694,99
"6,390",200000,212989,212989,212989,,,,,,,5.28,319498,86
"6,391",200000,174682,174682,174682,,,,,,12709,6.88,324101,
"6,392",200000,162605,162605,162605,,,,,,1094,20.19,300881,
"6,393",200000,140016,140016,140016,,,,,,8640,8.54,210210,
"6,394",200000,126021,346106,126021,220085,346106,,,,,13.41,216322,
"6,395",200000,44701,44701,44701,,,,,,2216,3.51,75169,
"6,396",200000,28835,52443,28835,23608,52443,,,,5036,3.63,43292,
"6,397",200000,7033,7033,7033,,,,,,1410,4.99,11567,59
"6,398",200000,6260,6260,6260,,,,,,1480,3.08,10521,99
"6,399",200000,3648,3648,3648,,,,,,3648,1,4808,104
"6,400",200000,1217,1217,1217,,,,,,619,1.97,1897,
"6,401",200000,0,14685,,14685,14685,62622,56483,119105,,,,
"6,402",200000,0,0,,,,,,,,,,87
"6,403",200000,0,0,,,,,,,,,,
"6,404",200000,0,0,,,,,,,,,,
"6,405",200000,0,0,,,,,,,,,,
"6,406",200000,0,0,,,,11130,,11130,,,,
"6,407",200000,0,0,,,,,,,,,,
"6,408",200000,0,0,,,,12120,,12120,,,,
"6,409",200000,0,0,,,,,,,,,,93
"6,410",200000,0,0,,,,4931,,4931,,,,75
"6,411",190000,484592,1577585,484592,1092993,1577585,,,,27245,7.08,658755,96
"6,412",180000,933933,1628579,933933,694646,1628579,,,,20100,14.2,1981849,89
"6,413",180000,17503,17503,17503,,,,,,1950,8.98,22099,78
"6,414",180000,0,0,,,,,,,,,,
"6,415",175000,7137502,7137502,7137502,,,,,,28473,12.84,20701104,84
"6,416",175000,1321194,2102779,1321194,781585,2102779,,,,77740,7.75,1796023,92
"6,417",175000,2602,2602,2602,,,,,,,,3450,81
"6,418",175000,0,0,,,,,,,,,,98
"6,419",170000,166425,169242,166425,2817,169242,,,,10602,6.63,207396,72
"6,420",170000,14000,14000,14000,,,,,,,,60120,
"6,421",168000,0,29678,,29678,29678,,,,,,,104
"6,422",160000,156612,156612,156612,,,,,,,11.67,223728,93
"6,423",160000,32092,32092,32092,,,,,,7000,4.58,59128,
"6,424",150000,15200000,15200000,15200000,,,,,,,,,
"6,425",150000,9445857,22964998,9445857,13519141,22964998,,,,61901,17.38,14800336,82
"6,426",150000,2891288,3270128,2891288,378840,3270128,,,,80682,8.99,5359105,78
"6,427",150000,325042,329009,325042,3967,329009,,895466,895466,8416,8.64,332757,85
"6,428",150000,110719,110719,110719,,,,,,2268,9.14,221432,
"6,429",150000,7193,7193,7193,,,,,,3131,2.3,9195,72
"6,430",150000,5858,5858,5858,,,,,,2177,2.69,7481,81
"6,431",150000,0,5862029,,5862029,5862029,,,,,,,74
"6,432",150000,0,0,,,,19502779,4536251,24039030,,,,25
"6,433",150000,0,0,,,,,,,,,,
"6,434",140000,26572439,26704148,26572439,131709,26704148,,2479186,2479186,,,,83
"6,435",140000,6706368,6706368,6706368,,,,,,84232,9.77,17185131,90
"6,436",135000,408015,429448,408015,21433,429448,,,,36134,7.15,552561,84
"6,437",135000,1348,1348,1348,,,,,,507,2.66,1822,
"6,438",134000,4000000,8000000,4000000,4000000,8000000,,801141,801141,,,,73
"6,439",125000,0,0,,,,,,,,,,
"6,440",125000,0,0,,,,,,,,,,65
"6,441",125000,0,0,,,,,,,,,,84
"6,442",120000,1597486,3090593,1597486,1493107,3090593,,,,109221,7.09,2163427,90
"6,443",120000,0,3613222,,3613222,3613222,,,,,,,
"6,444",120000,0,0,,,,,,,,,,
"6,445",120000,0,0,,,,,,,,,,88
"6,446",120000,0,0,,,,,27636,27636,,,,95
"6,447",114000,12087064,30087064,12087064,18000000,30087064,,,,,537.32,,96
"6,448",110000,10000000,11000000,10000000,1000000,11000000,,,,,,,190
"6,449",110000,609939,613865,609939,3926,613865,,,,,,1558087,83
"6,450",103000,16137,16137,16137,,,,,,2192,5.06,28427,
"6,451",100000,22764410,42964410,22764410,20200000,42964410,995582,393077,1388659,9808463,2.32,29110355,81
"6,452",100000,10178331,10243159,10178331,64828,10243159,27447629,,27447629,1343537,7.58,16743173,
"6,453",100000,7000000,7102304,7000000,102304,7102304,,1934924,1934924,,,33838560,89
"6,454",100000,5228617,5228617,5228617,,,,,,,,14415469,
"6,455",100000,3000000,3000000,3000000,,,,,,,,,110
"6,456",100000,2652246,6121582,2652246,3469336,6121582,,,,87705,4.26,6096198,100
"6,457",100000,1594798,2769782,1594798,1174984,2769782,86193,383620,469813,104030,4.33,1916598,93
"6,458",100000,287000,287000,287000,,,,,,,,1150129,
"6,459",100000,110536,110536,110536,,,,,,10425,6.85,191873,90
"6,460",100000,59424,59424,59424,,,167924,132699,300623,18638,3.19,78403,85
"6,461",100000,20056,20056,20056,,,,,,,,26454,90
"6,462",100000,1358,1358,1358,,,,,,1001,1.36,2576,
"6,463",100000,0,0,,,,,,,,,,
"6,464",100000,0,0,,,,,,,,,,82
"6,465",100000,0,0,,,,,,,,,,
"6,466",100000,0,0,,,,,,,,,,90
"6,467",100000,0,0,,,,,,,,,,88
"6,468",100000,0,0,,,,,,,,,,
"6,469",100000,0,0,,,,,,,,,,
"6,470",100000,0,0,,,,92108,,92108,,,,81
"6,471",100000,0,0,,,,,,,,,,85
"6,472",100000,0,0,,,,,,,,,,
"6,473",87000,3100000,3100000,3100000,,,,,,,,,
"6,474",84000,0,0,,,,,,,,,,
"6,475",79000,234286,234286,234286,,,,,,36391,4.75,351751,
"6,476",75000,8799,8799,8799,,,,,,,1.37,11244,95
"6,477",75000,0,0,,,,84237,,84237,,,,90
"6,478",70000,30312,30312,30312,,,,,,7523,4.03,39994,82
"6,479",70000,4930,4930,4930,,,,,,1735,2.84,8290,
"6,480",70000,0,8555,,8555,8555,,,,,,,87
"6,481",68000,3221152,4678513,3221152,1457361,4678513,,,,31069,11.97,7403833,84
"6,482",68000,33598,33598,33598,,,,,,33598,1,77217,
"6,483",66000,1815440,4594221,1815440,2778781,4594221,,,,65908,8.41,2131853,96
"6,484",66000,541636,602920,541636,61284,602920,,,,40244,6.73,1149374,87
"6,485",65000,11529368,22233808,11529368,10704440,22233808,,,,516641,10.66,20013932,100
"6,486",60000,4917,4917,4917,,,,,,,,6511,87
"6,487",60000,0,0,,,,,,,,,,83
"6,488",60000,0,0,,,,,,,,,,95
"6,489",60000,0,0,,,,,,,,,,
"6,490",60000,0,0,,,,,47918,47918,,,,82
"6,491",55000,0,0,,,,,,,,,,
"6,492",50000,10426506,10426506,10426506,,,,,,167813,6.29,25838550,98
"6,493",50000,2335352,2335352,2335352,,,,,,63706,19.3,4446675,
"6,494",50000,391674,424149,391674,32475,424149,,,,21235,9.98,534408,99
"6,495",50000,251150,406299,251150,155149,406299,,,,144836,1.73,377074,
"6,496",50000,41045,41045,41045,,,,,,8700,4.72,55797,96
"6,497",50000,8374,8374,8374,,,,,,,,10705,110
"6,498",50000,0,0,,,,,,,,,,
"6,499",50000,0,0,,,,4294,,4294,,,,95
"6,500",50000,0,0,,,,,,,,,,
"6,501",50000,0,0,,,,,,,,,,
"6,502",50000,0,0,,,,18384,,18384,,,,75
"6,503",50000,0,0,,,,,,,,,,81
"6,504",46000,48363,48363,48363,,,,,,,4.05,125619,81
"6,505",45000,0,0,,,,,,,,,,
"6,506",42000,241816,342722,241816,100906,342722,,,,13335,11.61,468639,
"6,507",42000,0,0,,,,,,,,,,
"6,508",40000,277233,277233,277233,,,,,,12994,3.99,554459,90
"6,509",40000,25572,25572,25572,,,,,,5910,4.33,34938,80
"6,510",40000,3632,3632,3632,,,,,,3192,1.14,4937,83
"6,511",40000,0,0,,,,,,,,,80000,
"6,512",35000,339946,342707,339946,2761,342707,,,,123957,2.74,339946,92
"6,513",35000,321952,323012,321952,1060,323012,,,,16151,6.11,597352,117
"6,514",35000,0,436536,,436536,436536,,,,,,,57
"6,515",35000,0,0,,,,,,,,,,
"6,516",35000,0,0,,,,,,,,,,100
"6,517",35000,0,0,,,,,,,,,,75
"6,518",35000,0,0,,,,,,,,,,89
"6,519",32000,72110,105195,72110,33085,105195,,,,25378,2.84,76430,84
"6,520",30000,243768,243768,243768,,,,,,15096,6.14,363480,
"6,521",30000,144822,144822,144822,,,,,,10250,3.77,180479,83
"6,522",30000,103509,103509,103509,,,,,,13142,7.88,169268,
"6,523",30000,77070,82698,77070,5628,82698,,,,10555,7.3,129608,
"6,524",30000,9812,27833,9812,18021,27833,,,,3088,3.18,13400,93
"6,525",30000,0,0,,,,,,,,,,80
"6,526",29120,0,0,,,,,,,,,,
"6,527",27000,3073428,3894240,3073428,820812,3894240,,,,,10.75,8041524,92
"6,528",27000,8231,8231,8231,,,,,,1724,2.86,16666,
"6,529",27000,3547,3547,3547,,,,,,1164,3.05,4258,83
"6,530",25000,45000000,45000000,45000000,,,,77509,77509,,,,
"6,531",25000,2883661,2883661,2883661,,,,,,100006,7.09,6772513,97
"6,532",25000,195043,195043,195043,,,,,,13750,12.57,390085,95
"6,533",25000,0,489792,,489792,489792,205284,,205284,,,,
"6,534",25000,0,0,,,,,,,,,,
"6,535",25000,0,0,,,,,,,,,,
"6,536",25000,0,0,,,,,,,,,,
"6,537",23000,1227508,1227508,1227508,,,,,,,,3143114,97
"6,538",22000,0,0,,,,,,,,,,89
"6,539",20000,1860,1860,1860,,,,,,1860,1,3450,90
"6,540",20000,0,849,,849,849,,,,,,,71
"6,541",20000,0,0,,,,,,,,,,
"6,542",20000,0,0,,,,,,,,,,78
"6,543",20000,0,0,,,,,,,,,,72
"6,544",17300,0,0,,,,,,,,,,89
"6,545",15000,2052272,2131183,2052272,78911,2131183,110689,444337,555026,818943,2.51,2052272,100
"6,546",15000,194523,195254,194523,731,195254,,,,26029,7.47,320144,84
"6,547",15000,115592,115592,115592,,,,,,15467,7.47,157927,88
"6,548",15000,18148,24745,18148,6597,24745,,,,5545,2.2,21301,102
"6,549",15000,0,0,,,,,,,,,,60
"6,550",12000,413802,413802,413802,,,,,,70188,5.68,971839,93
"6,551",12000,1336,1336,1336,,,,,,838,1.59,2188,
"6,552",12000,0,0,,,,,,,,,,79
"6,553",10000,673780,683509,673780,9729,683509,,,,,12.96,1282529,90
"6,554",10000,138711,138711,138711,,,,,,14953,9.28,228288,90
"6,555",10000,94596,317644,94596,223048,317644,,,,3879,6.34,180166,
"6,556",10000,1987,1987,1987,,,,,,802,2.48,3439,84
"6,557",10000,527,527,527,,,,,,527,1,1283,85
"6,558",10000,401,401,401,,,,,,,,593,
"6,559",10000,0,0,,,,,,,,,,55
"6,560",9000,4584,4584,4584,,,,,,4584,1,6199,93
"6,561",7000,424760,841926,424760,417166,841926,,,,28162,6.97,737341,80
"6,562",7000,70071,71644,70071,1573,71644,,,,12726,5.51,115314,
"6,563",7000,900,900,900,,,,,,,,1552,
"6,564",7000,0,0,,,,,,,,,,77
"6,565",6000,48482,240495,48482,192013,240495,,,,1636,7.52,102874,
"6,566",5000,1338,1338,1338,,,,,,357,3.75,2242,
"6,567",1400,0,0,,,,24343,,24343,,,,
"6,568",1100,181041,181041,181041,,,,,,85222,2.12,304460,
"6,569",86,0,0,,,,,,,,,,
